UID	UIDName	CID	PosX	PosY	PosZ	RespawnCycleID	ServerDeathCheck	PropID	BluePrintPath	BlueprintBase	GeneratedClassShortName	JoinField
7789112424781990388	Citadel_TreasureBox02	1107112	11240	11170	3866	0	False	1107112	/Game/Maps/world/world_01/World_01_Collection/TreasureBox/TreasureBox03.TreasureBox03	TreasureBox03	TreasureBox03_C	CID
7789115723316875021	Citadel_TreasureBox01	1107111	10990	17920	3040	0	False	1107111	/Game/Maps/world/world_01/World_01_Collection/TreasureBox/TreasureBox02.TreasureBox02	TreasureBox02	TreasureBox02_C	CID
2237130950359451463	AshenS_TrasureBox_01	1104111	21797	32363	1630	0	False	1104111	/Game/Maps/world/world_01/World_01_Collection/TreasureBox/TreasureBox03.TreasureBox03	TreasureBox03	TreasureBox03_C	CID
2237132049871079674	AshenS_TrasureBox_02	1104112	24007	16178	3631	0	False	1104112	/Game/Maps/world/world_01/World_01_Collection/TreasureBox/TreasureBox03.TreasureBox03	TreasureBox03	TreasureBox03_C	CID
87704866615849881	Thicket_TreasureBox01	1105111	37700	27220	57	0	False	1105111	/Game/Maps/world/world_01/World_01_Collection/TreasureBox/TreasureBox03.TreasureBox03	TreasureBox03	TreasureBox03_C	CID
2918581156207916173	Gnoll01_TrasureBox_02	1110212	3183	-13267	314	0	False	1110212	/Game/Maps/world/world_01/World_01_Collection/TreasureBox/TreasureBox03.TreasureBox03	TreasureBox03	TreasureBox03_C	CID
2918577857673031540	Gnoll01_TrasureBox_01	1110211	-6502	-10020	287	0	False	1110211	/Game/Maps/world/world_01/World_01_Collection/TreasureBox/TreasureBox03.TreasureBox03	TreasureBox03	TreasureBox03_C	CID
7163912638133001347	TrasureBox_Gnoll02	1110221	-17236	-2466	580	0	False	1110221	/Game/Maps/world/world_01/World_01_Collection/TreasureBox/TreasureBox03.TreasureBox03	TreasureBox03	TreasureBox03_C	CID
2521267810838934282	TreasureBox_R_Gnoll03_01	1110234	6370	-5705	1772	0	False	1110234	/Game/Maps/world/world_01/World_01_Collection/TreasureBox/TreasureBox03.TreasureBox03	TreasureBox03	TreasureBox03_C	CID
5869251831668709664	TreasureBox_N_Gnoll03_03	1110233	-3041	-381	855	0	False	1110233	/Game/Maps/world/world_01/World_01_Collection/TreasureBox/TreasureBox02.TreasureBox02	TreasureBox02	TreasureBox02_C	CID
5869252931180337875	TreasureBox_N_Gnoll03_02	1110232	-2573	-368	855	0	False	1110232	/Game/Maps/world/world_01/World_01_Collection/TreasureBox/TreasureBox02.TreasureBox02	TreasureBox02	TreasureBox02_C	CID
5869254030691966086	TreasureBox_N_Gnoll03_01	1110231	-2000	-661	841	0	False	1110231	/Game/Maps/world/world_01/World_01_Collection/TreasureBox/TreasureBox02.TreasureBox02	TreasureBox02	TreasureBox02_C	CID
13521181068879373457	DarkSwamp_Dungeon_RewardProp	1106111	1008	8469	0	0	False	1106111	/Game/Maps/world/world_01/World_01_Collection/TreasureBox/TreasureBox03.TreasureBox03	TreasureBox03	TreasureBox03_C	CID
2340359767663993918	Forgotten_Cataccomb01_TreasureBox01	1110111	-7520	23695	3501	0	False	1110111	/Game/Maps/world/world_01/World_01_Collection/TreasureBox/TreasureBox02.TreasureBox02	TreasureBox02	TreasureBox02_C	CID
7056587561336727122	Forgotten_Cataccomb02_TreasureBox02	1110122	13825	-75	4242	0	False	1110122	/Game/Maps/world/world_01/World_01_Collection/TreasureBox/TreasureBox03.TreasureBox03	TreasureBox03	TreasureBox03_C	CID
7056586461825098911	Forgotten_Cataccomb02_TreasureBox01	1110121	7784	984	4244	0	False	1110121	/Game/Maps/world/world_01/World_01_Collection/TreasureBox/TreasureBox02.TreasureBox02	TreasureBox02	TreasureBox02_C	CID
16787284859732265760	DsETGatherSpawnActor2	1110131	21540	5125	2259	0	False	1110131	/Game/Maps/world/world_01/World_01_Collection/TreasureBox/TreasureBox03.TreasureBox03	TreasureBox03	TreasureBox03_C	CID
12364746174419933509	Forgotten_Cataccomb04_TreasureBox01	1110141	15015	14600	1935	0	False	1110141	/Game/Maps/world/world_01/World_01_Collection/TreasureBox/TreasureBox03.TreasureBox03	TreasureBox03	TreasureBox03_C	CID
2973422594255016099	Goblin01_TreasureBox01	1110311	17600	8625	-2221	0	False	1110311	/Game/Maps/world/world_01/World_01_Collection/TreasureBox/TreasureBox02.TreasureBox02	TreasureBox02	TreasureBox02_C	CID
17452723928096888786	Goblin02_TreasureBox01	1110321	-1265	8835	572	0	False	1110321	/Game/Maps/world/world_01/World_01_Collection/TreasureBox/TreasureBox03.TreasureBox03	TreasureBox03	TreasureBox03_C	CID
3035493876324319452	Goblin03_TreasureBox02	1110332	-13100	6320	2956	0	False	1110332	/Game/Maps/world/world_01/World_01_Collection/TreasureBox/TreasureBox02.TreasureBox02	TreasureBox02	TreasureBox02_C	CID
3035497174859204085	Goblin03_TreasureBox01	1110331	4895	10060	826	0	False	1110331	/Game/Maps/world/world_01/World_01_Collection/TreasureBox/TreasureBox03.TreasureBox03	TreasureBox03	TreasureBox03_C	CID
5861127837042976253	Goblin04_TreasureBox02	1110342	-2855	9895	1490	0	False	1110342	/Game/Maps/world/world_01/World_01_Collection/TreasureBox/TreasureBox03.TreasureBox03	TreasureBox03	TreasureBox03_C	CID
5861124538508091620	Goblin04_TreasureBox01	1110341	6965	13620	1576	0	False	1110341	/Game/Maps/world/world_01/World_01_Collection/TreasureBox/TreasureBox03.TreasureBox03	TreasureBox03	TreasureBox03_C	CID
16787284859732265760	DsETGatherSpawnActor2	1111211	30880	-1460	5042	0	False	1111211	/Game/Maps/world/world_01/World_01_Collection/TreasureBox/TreasureBox03.TreasureBox03	TreasureBox03	TreasureBox03_C	CID
3101822537543377759	Hound_TreasureBox01	1110011	695	13065	-1012	0	False	1110011	/Game/Maps/world/world_01/World_01_Collection/TreasureBox/TreasureBox02.TreasureBox02	TreasureBox02	TreasureBox02_C	CID
12201242853460103237	Orc_dungeon_Treasure_Box_02	1111112	4837	-3143	2527	0	False	1111112	/Game/Maps/world/world_01/World_01_Collection/TreasureBox/TreasureBox03.TreasureBox03	TreasureBox03	TreasureBox03_C	CID
12201239554925218604	Orc_dungeon_Treasure_Box_01	1111111	-1270	-3350	2545	0	False	1111111	/Game/Maps/world/world_01/World_01_Collection/TreasureBox/TreasureBox03.TreasureBox03	TreasureBox03	TreasureBox03_C	CID
12408367829667805711	WMaze_TrasureBox_01	1109111	-3494	17352	18692	0	False	1109111	/Game/Maps/world/world_01/World_01_Collection/TreasureBox/TreasureBox03.TreasureBox03	TreasureBox03	TreasureBox03_C	CID
12139008898097819446	DT_Unlock_G3_11011	11030111	167703	206197	-1348	0	False	11030111	/Game/Maps/world/world_01/World_01_Collection/TreasureBox/TreasureBox03_Mount.TreasureBox03_Mount	TreasureBox03_Mount	TreasureBox03_Mount_C	CID
16894848533598834965	DT_Unlock_G2_11033	11020133	198769	227237	-813	0	False	11020133	/Game/Maps/world/world_01/World_01_Collection/TreasureBox/TreasureBox02_Mount.TreasureBox02_Mount	TreasureBox02_Mount	TreasureBox02_Mount_C	CID
16894847434087206754	DT_Unlock_G2_11032	11020132	172801	200046	-788	0	False	11020132	/Game/Maps/world/world_01/World_01_Collection/TreasureBox/TreasureBox02_Mount.TreasureBox02_Mount	TreasureBox02_Mount	TreasureBox02_Mount_C	CID
12139009997609447657	DT_Unlock_G3_11010	11030110	241977	236277	-1073	0	False	11030110	/Game/Maps/world/world_01/World_01_Collection/TreasureBox/TreasureBox03_Mount.TreasureBox03_Mount	TreasureBox03_Mount	TreasureBox03_Mount_C	CID
16894846334575578543	DT_Unlock_G2_11031	11020131	175703	218869	-4316	0	False	11020131	/Game/Maps/world/world_01/World_01_Collection/TreasureBox/TreasureBox02_Mount.TreasureBox02_Mount	TreasureBox02_Mount	TreasureBox02_Mount_C	CID
12138028133725644459	DT_Unlock_G3_11009	11030109	182804	223294	-3988	0	False	11030109	/Game/Maps/world/world_01/World_01_Collection/TreasureBox/TreasureBox03_Mount.TreasureBox03_Mount	TreasureBox03_Mount	TreasureBox03_Mount_C	CID
16894845235063950332	DT_Unlock_G2_11030	11020130	189658	232218	-3125	0	False	11020130	/Game/Maps/world/world_01/World_01_Collection/TreasureBox/TreasureBox02_Mount.TreasureBox02_Mount	TreasureBox02_Mount	TreasureBox02_Mount_C	CID
12138027034214016248	DT_Unlock_G3_11008	11030108	220745	237933	-1707	0	False	11030108	/Game/Maps/world/world_01/World_01_Collection/TreasureBox/TreasureBox03_Mount.TreasureBox03_Mount	TreasureBox03_Mount	TreasureBox03_Mount_C	CID
16895844691133804906	DT_Unlock_G2_11029	11020129	229261	224657	-1577	0	False	11020129	/Game/Maps/world/world_01/World_01_Collection/TreasureBox/TreasureBox02_Mount.TreasureBox02_Mount	TreasureBox02_Mount	TreasureBox02_Mount_C	CID
16895845790645433117	DT_Unlock_G2_11028	11020128	227914	236438	-1230	0	False	11020128	/Game/Maps/world/world_01/World_01_Collection/TreasureBox/TreasureBox02_Mount.TreasureBox02_Mount	TreasureBox02_Mount	TreasureBox02_Mount_C	CID
16895829297971009952	DT_Unlock_G2_11027	11020127	236504	241019	-1570	0	False	11020127	/Game/Maps/world/world_01/World_01_Collection/TreasureBox/TreasureBox02_Mount.TreasureBox02_Mount	TreasureBox02_Mount	TreasureBox02_Mount_C	CID
56820040913588092	DT_Monster_G2_11142	11120242	270949	57557	24176	0	False	11120242	/Game/Maps/world/world_01/World_01_Collection/TreasureBox/TreasureBox02.TreasureBox02	TreasureBox02	TreasureBox02_C	CID
56823339448472725	DT_Monster_G2_11141	11120241	281216	63465	24084	0	False	11120241	/Game/Maps/world/world_01/World_01_Collection/TreasureBox/TreasureBox02.TreasureBox02	TreasureBox02	TreasureBox02_C	CID
56822239936844514	DT_Monster_G2_11140	11120240	279028	53440	26331	0	False	11120240	/Game/Maps/world/world_01/World_01_Collection/TreasureBox/TreasureBox02.TreasureBox02	TreasureBox02	TreasureBox02_C	CID
59646885309150898	DT_Monster_G2_11139	11120239	266532	46289	24694	0	False	11120239	/Game/Maps/world/world_01/World_01_Collection/TreasureBox/TreasureBox02.TreasureBox02	TreasureBox02	TreasureBox02_C	CID
59647984820779109	DT_Monster_G2_11138	11120238	262774	61262	24535	0	False	11120238	/Game/Maps/world/world_01/World_01_Collection/TreasureBox/TreasureBox02.TreasureBox02	TreasureBox02	TreasureBox02_C	CID
59649084332407320	DT_Monster_G2_11137	11120237	255360	57513	24006	0	False	11120237	/Game/Maps/world/world_01/World_01_Collection/TreasureBox/TreasureBox02.TreasureBox02	TreasureBox02	TreasureBox02_C	CID
59650183844035531	DT_Monster_G2_11136	11120236	248273	78697	20460	0	False	11120236	/Game/Maps/world/world_01/World_01_Collection/TreasureBox/TreasureBox02.TreasureBox02	TreasureBox02	TreasureBox02_C	CID
59651283355663742	DT_Monster_G2_11135	11120235	239102	57990	20764	0	False	11120235	/Game/Maps/world/world_01/World_01_Collection/TreasureBox/TreasureBox02.TreasureBox02	TreasureBox02	TreasureBox02_C	CID
59652382867291953	DT_Monster_G2_11134	11120234	238535	46429	19790	0	False	11120234	/Game/Maps/world/world_01/World_01_Collection/TreasureBox/TreasureBox02.TreasureBox02	TreasureBox02	TreasureBox02_C	CID
59653482378920164	DT_Monster_G2_11133	11120233	241521	52424	19601	0	False	11120233	/Game/Maps/world/world_01/World_01_Collection/TreasureBox/TreasureBox02.TreasureBox02	TreasureBox02	TreasureBox02_C	CID
8854102079558100789	DT_Monster_G3_11113	11130213	251776	74485	20239	0	False	11130213	/Game/Maps/world/world_01/World_01_Collection/TreasureBox/TreasureBox03.TreasureBox03	TreasureBox03	TreasureBox03_C	CID
8854100980046472578	DT_Monster_G3_11112	11130212	242995	83073	19502	0	False	11130212	/Game/Maps/world/world_01/World_01_Collection/TreasureBox/TreasureBox03.TreasureBox03	TreasureBox03	TreasureBox03_C	CID
59654581890548375	DT_Monster_G2_11132	11120232	233196	66358	18780	0	False	11120232	/Game/Maps/world/world_01/World_01_Collection/TreasureBox/TreasureBox02.TreasureBox02	TreasureBox02	TreasureBox02_C	CID
59655681402176586	DT_Monster_G2_11131	11120231	239826	64058	19649	0	False	11120231	/Game/Maps/world/world_01/World_01_Collection/TreasureBox/TreasureBox02.TreasureBox02	TreasureBox02	TreasureBox02_C	CID
8854099880534844367	DT_Monster_G3_11111	11130211	232355	34735	17763	0	False	11130211	/Game/Maps/world/world_01/World_01_Collection/TreasureBox/TreasureBox03.TreasureBox03	TreasureBox03	TreasureBox03_C	CID
59656780913804797	DT_Monster_G2_11130	11120230	230743	49371	18551	0	False	11120230	/Game/Maps/world/world_01/World_01_Collection/TreasureBox/TreasureBox02.TreasureBox02	TreasureBox02	TreasureBox02_C	CID
58798062332361231	DT_Monster_G2_11129	11120229	224623	43354	16142	0	False	11120229	/Game/Maps/world/world_01/World_01_Collection/TreasureBox/TreasureBox02.TreasureBox02	TreasureBox02	TreasureBox02_C	CID
8854098781023216156	DT_Monster_G3_11110	11130210	231572	57394	19493	0	False	11130210	/Game/Maps/world/world_01/World_01_Collection/TreasureBox/TreasureBox03.TreasureBox03	TreasureBox03	TreasureBox03_C	CID
8854957499604659722	DT_Monster_G3_11109	11130209	243689	43874	22950	0	False	11130209	/Game/Maps/world/world_01/World_01_Collection/TreasureBox/TreasureBox03.TreasureBox03	TreasureBox03	TreasureBox03_C	CID
58807957937015130	DT_Monster_G2_11122	11120222	271771	40967	24533	0	False	11120222	/Game/Maps/world/world_01/World_01_Collection/TreasureBox/TreasureBox02.TreasureBox02	TreasureBox02	TreasureBox02_C	CID
8854958599116287933	DT_Monster_G3_11108	11130208	256886	45395	22787	0	False	11130208	/Game/Maps/world/world_01/World_01_Collection/TreasureBox/TreasureBox03.TreasureBox03	TreasureBox03	TreasureBox03_C	CID
8854942106441864768	DT_Monster_G3_11107	11130207	262203	53839	23081	0	False	11130207	/Game/Maps/world/world_01/World_01_Collection/TreasureBox/TreasureBox03.TreasureBox03	TreasureBox03	TreasureBox03_C	CID
8854943205953492979	DT_Monster_G3_11106	11130206	291849	66726	24360	0	False	11130206	/Game/Maps/world/world_01/World_01_Collection/TreasureBox/TreasureBox03.TreasureBox03	TreasureBox03	TreasureBox03_C	CID
8854944305465121190	DT_Monster_G3_11105	11130205	301847	53676	29058	0	False	11130205	/Game/Maps/world/world_01/World_01_Collection/TreasureBox/TreasureBox03.TreasureBox03	TreasureBox03	TreasureBox03_C	CID
61601816983731606	DT_Monster_G2_11117	11120217	279638	137078	4199	0	False	11120217	/Game/Maps/world/world_01/World_01_Collection/TreasureBox/TreasureBox02.TreasureBox02	TreasureBox02	TreasureBox02_C	CID
61602916495359817	DT_Monster_G2_11116	11120216	260981	97882	-741	0	False	11120216	/Game/Maps/world/world_01/World_01_Collection/TreasureBox/TreasureBox02.TreasureBox02	TreasureBox02	TreasureBox02_C	CID
61599617960475184	DT_Monster_G2_11115	11120215	269108	130443	-755	0	False	11120215	/Game/Maps/world/world_01/World_01_Collection/TreasureBox/TreasureBox02.TreasureBox02	TreasureBox02	TreasureBox02_C	CID
8854094382976703312	DT_Monster_G3_11114	11130214	333087	183721	15746	0	False	11130214	/Game/Maps/world/world_01/World_01_Collection/TreasureBox/TreasureBox03.TreasureBox03	TreasureBox03	TreasureBox03_C	CID
56817841890331670	DT_Monster_G2_11144	11120244	318145	188986	14422	0	False	11120244	/Game/Maps/world/world_01/World_01_Collection/TreasureBox/TreasureBox02.TreasureBox02	TreasureBox02	TreasureBox02_C	CID
56821140425216303	DT_Monster_G2_11143	11120243	321264	169413	14088	0	False	11120243	/Game/Maps/world/world_01/World_01_Collection/TreasureBox/TreasureBox02.TreasureBox02	TreasureBox02	TreasureBox02_C	CID
58801360867245864	DT_Monster_G2_11124	11120224	260381	111026	-685	0	False	11120224	/Game/Maps/world/world_01/World_01_Collection/TreasureBox/TreasureBox02.TreasureBox02	TreasureBox02	TreasureBox02_C	CID
8856932222488548228	DT_Monster_G3_11121	11130221	238784	94363	14478	0	False	11130221	/Game/Maps/world/world_01/World_01_Collection/TreasureBox/TreasureBox03.TreasureBox03	TreasureBox03	TreasureBox03_C	CID
8856933322000176439	DT_Monster_G3_11120	11130220	220790	67084	14116	0	False	11130220	/Game/Maps/world/world_01/World_01_Collection/TreasureBox/TreasureBox03.TreasureBox03	TreasureBox03	TreasureBox03_C	CID
8854108676627870055	DT_Monster_G3_11119	11130219	207011	73921	11186	0	False	11130219	/Game/Maps/world/world_01/World_01_Collection/TreasureBox/TreasureBox03.TreasureBox03	TreasureBox03	TreasureBox03_C	CID
8854107577116241844	DT_Monster_G3_11118	11130218	252336	87701	17599	0	False	11130218	/Game/Maps/world/world_01/World_01_Collection/TreasureBox/TreasureBox03.TreasureBox03	TreasureBox03	TreasureBox03_C	CID
8854097681511587945	DT_Monster_G3_11117	11130217	214451	61433	14440	0	False	11130217	/Game/Maps/world/world_01/World_01_Collection/TreasureBox/TreasureBox03.TreasureBox03	TreasureBox03	TreasureBox03_C	CID
8854096581999959734	DT_Monster_G3_11116	11130216	202010	58870	11232	0	False	11130216	/Game/Maps/world/world_01/World_01_Collection/TreasureBox/TreasureBox03.TreasureBox03	TreasureBox03	TreasureBox03_C	CID
8854095482488331523	DT_Monster_G3_11115	11130215	218129	79210	14648	0	False	11130215	/Game/Maps/world/world_01/World_01_Collection/TreasureBox/TreasureBox03.TreasureBox03	TreasureBox03	TreasureBox03_C	CID
61600717472103395	DT_Monster_G2_11114	11120214	310394	180736	14431	0	False	11120214	/Game/Maps/world/world_01/World_01_Collection/TreasureBox/TreasureBox02.TreasureBox02	TreasureBox02	TreasureBox02_C	CID
61606215030244450	DT_Monster_G2_11113	11120213	319027	183421	14612	0	False	11120213	/Game/Maps/world/world_01/World_01_Collection/TreasureBox/TreasureBox02.TreasureBox02	TreasureBox02	TreasureBox02_C	CID
61607314541872661	DT_Monster_G2_11112	11120212	316306	173483	14173	0	False	11120212	/Game/Maps/world/world_01/World_01_Collection/TreasureBox/TreasureBox02.TreasureBox02	TreasureBox02	TreasureBox02_C	CID
8854945404976749401	DT_Monster_G3_11104	11130204	298886	171064	13135	0	False	11130204	/Game/Maps/world/world_01/World_01_Collection/TreasureBox/TreasureBox03.TreasureBox03	TreasureBox03	TreasureBox03_C	CID
8854946504488377612	DT_Monster_G3_11103	11130203	277895	95356	16111	0	False	11130203	/Game/Maps/world/world_01/World_01_Collection/TreasureBox/TreasureBox03.TreasureBox03	TreasureBox03	TreasureBox03_C	CID
61604016006988028	DT_Monster_G2_11111	11120211	304951	177058	14032	0	False	11120211	/Game/Maps/world/world_01/World_01_Collection/TreasureBox/TreasureBox02.TreasureBox02	TreasureBox02	TreasureBox02_C	CID
61605115518616239	DT_Monster_G2_11110	11120210	276721	150959	4464	0	False	11120210	/Game/Maps/world/world_01/World_01_Collection/TreasureBox/TreasureBox02.TreasureBox02	TreasureBox02	TreasureBox02_C	CID
60623251634813041	DT_Monster_G2_11109	11120209	276357	106056	14183	0	False	11120209	/Game/Maps/world/world_01/World_01_Collection/TreasureBox/TreasureBox02.TreasureBox02	TreasureBox02	TreasureBox02_C	CID
60622152123184830	DT_Monster_G2_11108	11120208	292974	106856	13336	0	False	11120208	/Game/Maps/world/world_01/World_01_Collection/TreasureBox/TreasureBox02.TreasureBox02	TreasureBox02	TreasureBox02_C	CID
8854947604000005823	DT_Monster_G3_11102	11130202	297701	114771	11754	0	False	11130202	/Game/Maps/world/world_01/World_01_Collection/TreasureBox/TreasureBox03.TreasureBox03	TreasureBox03	TreasureBox03_C	CID
8854948703511634034	DT_Monster_G3_11101	11130201	308792	126279	11823	0	False	11130201	/Game/Maps/world/world_01/World_01_Collection/TreasureBox/TreasureBox03.TreasureBox03	TreasureBox03	TreasureBox03_C	CID
60616654565043775	DT_Monster_G2_11107	11120207	315492	135806	10564	0	False	11120207	/Game/Maps/world/world_01/World_01_Collection/TreasureBox/TreasureBox02.TreasureBox02	TreasureBox02	TreasureBox02_C	CID
60615555053415564	DT_Monster_G2_11106	11120206	334428	144907	10426	0	False	11120206	/Game/Maps/world/world_01/World_01_Collection/TreasureBox/TreasureBox02.TreasureBox02	TreasureBox02	TreasureBox02_C	CID
60618853588300197	DT_Monster_G2_11105	11120205	325974	158878	10489	0	False	11120205	/Game/Maps/world/world_01/World_01_Collection/TreasureBox/TreasureBox02.TreasureBox02	TreasureBox02	TreasureBox02_C	CID
60617754076671986	DT_Monster_G2_11104	11120204	327860	154709	10604	0	False	11120204	/Game/Maps/world/world_01/World_01_Collection/TreasureBox/TreasureBox02.TreasureBox02	TreasureBox02	TreasureBox02_C	CID
60612256518530931	DT_Monster_G2_11103	11120203	321439	151098	11682	0	False	11120203	/Game/Maps/world/world_01/World_01_Collection/TreasureBox/TreasureBox02.TreasureBox02	TreasureBox02	TreasureBox02_C	CID
60611157006902720	DT_Monster_G2_11102	11120202	295959	151683	10609	0	False	11120202	/Game/Maps/world/world_01/World_01_Collection/TreasureBox/TreasureBox02.TreasureBox02	TreasureBox02	TreasureBox02_C	CID
60614455541787353	DT_Monster_G2_11101	11120201	282961	164748	12857	0	False	11120201	/Game/Maps/world/world_01/World_01_Collection/TreasureBox/TreasureBox02.TreasureBox02	TreasureBox02	TreasureBox02_C	CID
58806858425386919	DT_Monster_G2_11121	11120221	302864	67950	29637	0	False	11120221	/Game/Maps/world/world_01/World_01_Collection/TreasureBox/TreasureBox02.TreasureBox02	TreasureBox02	TreasureBox02_C	CID
3923212705883512468	DT_Dig_G2_11104	11130504	275129	87135	16729	0	False	11130504	/Game/Maps/world/world_01/World_01_Collection/TreasureBox/TreasureBox03.TreasureBox03	TreasureBox03	TreasureBox03_C	CID
58809057448643341	DT_Monster_G2_11123	11120223	334129	157307	10550	0	False	11120223	/Game/Maps/world/world_01/World_01_Collection/TreasureBox/TreasureBox02.TreasureBox02	TreasureBox02	TreasureBox02_C	CID
58805758913758708	DT_Monster_G2_11120	11120220	305378	72532	29849	0	False	11120220	/Game/Maps/world/world_01/World_01_Collection/TreasureBox/TreasureBox02.TreasureBox02	TreasureBox02	TreasureBox02_C	CID
61612812100013716	DT_Monster_G2_11119	11120219	291056	48686	28695	0	False	11120219	/Game/Maps/world/world_01/World_01_Collection/TreasureBox/TreasureBox02.TreasureBox02	TreasureBox02	TreasureBox02_C	CID
61613911611641927	DT_Monster_G2_11118	11120218	288909	58140	25340	0	False	11120218	/Game/Maps/world/world_01/World_01_Collection/TreasureBox/TreasureBox02.TreasureBox02	TreasureBox02	TreasureBox02_C	CID
3923199511743973936	DT_Dig_G2_11108	11130508	301908	52246	29208	0	False	11130508	/Game/Maps/world/world_01/World_01_Collection/TreasureBox/TreasureBox03.TreasureBox03	TreasureBox03	TreasureBox03_C	CID
3923216004418397101	DT_Dig_G2_11107	11130507	266982	82270	-812	0	False	11130507	/Game/Maps/world/world_01/World_01_Collection/TreasureBox/TreasureBox03.TreasureBox03	TreasureBox03	TreasureBox03_C	CID
3923214904906768890	DT_Dig_G2_11106	11130506	286330	99055	15317	0	False	11130506	/Game/Maps/world/world_01/World_01_Collection/TreasureBox/TreasureBox03.TreasureBox03	TreasureBox03	TreasureBox03_C	CID
3923213805395140679	DT_Dig_G2_11105	11130505	267286	33147	23916	0	False	11130505	/Game/Maps/world/world_01/World_01_Collection/TreasureBox/TreasureBox03.TreasureBox03	TreasureBox03	TreasureBox03_C	CID
16894841936529065699	DT_Unlock_G2_11035	11020135	242798	207191	3731	0	False	11020135	/Game/Maps/world/world_01/World_01_Collection/TreasureBox/TreasureBox02_Mount.TreasureBox02_Mount	TreasureBox02_Mount	TreasureBox02_Mount_C	CID
12139007798586191235	DT_Unlock_G3_11012	11030112	305972	196661	2327	0	False	11030112	/Game/Maps/world/world_01/World_01_Collection/TreasureBox/TreasureBox03_Mount.TreasureBox03_Mount	TreasureBox03_Mount	TreasureBox03_Mount_C	CID
16894840837017437488	DT_Unlock_G2_11034	11020134	300723	189662	2333	0	False	11020134	/Game/Maps/world/world_01/World_01_Collection/TreasureBox/TreasureBox02_Mount.TreasureBox02_Mount	TreasureBox02_Mount	TreasureBox02_Mount_C	CID
11676611521145964953	DT_Unlock_G3_10813	10830113	180649	-16213	-5372	0	False	10830113	/Game/Maps/world/world_01/World_01_Collection/TreasureBox/TreasureBox03.TreasureBox03	TreasureBox03	TreasureBox03_C	CID
58796962820733020	DT_Monster_G2_11128	11120228	274978	137249	3315	0	False	11120228	/Game/Maps/world/world_01/World_01_Collection/TreasureBox/TreasureBox02.TreasureBox02	TreasureBox02	TreasureBox02_C	CID
58804659402130497	DT_Monster_G2_11127	11120227	326337	145018	10558	0	False	11120227	/Game/Maps/world/world_01/World_01_Collection/TreasureBox/TreasureBox02.TreasureBox02	TreasureBox02	TreasureBox02_C	CID
58803559890502286	DT_Monster_G2_11126	11120226	306287	157702	10638	0	False	11120226	/Game/Maps/world/world_01/World_01_Collection/TreasureBox/TreasureBox02.TreasureBox02	TreasureBox02	TreasureBox02_C	CID
58802460378874075	DT_Monster_G2_11125	11120225	309458	144014	10733	0	False	11120225	/Game/Maps/world/world_01/World_01_Collection/TreasureBox/TreasureBox02.TreasureBox02	TreasureBox02	TreasureBox02_C	CID
3923211606371884257	DT_Dig_G2_11103	11130503	330348	161893	10794	0	False	11130503	/Game/Maps/world/world_01/World_01_Collection/TreasureBox/TreasureBox03.TreasureBox03	TreasureBox03	TreasureBox03_C	CID
3923210506860256046	DT_Dig_G2_11102	11130502	321129	189266	14624	0	False	11130502	/Game/Maps/world/world_01/World_01_Collection/TreasureBox/TreasureBox03.TreasureBox03	TreasureBox03	TreasureBox03_C	CID
3923209407348627835	DT_Dig_G2_11101	11130501	341142	143837	10503	0	False	11130501	/Game/Maps/world/world_01/World_01_Collection/TreasureBox/TreasureBox03.TreasureBox03	TreasureBox03	TreasureBox03_C	CID
16895833696017522796	DT_Unlock_G2_11023	11020123	191243	202267	1493	0	False	11020123	/Game/Maps/world/world_01/World_01_Collection/TreasureBox/TreasureBox02.TreasureBox02	TreasureBox02	TreasureBox02_C	CID
16895834795529151007	DT_Unlock_G2_11022	11020122	209721	217264	1154	0	False	11020122	/Game/Maps/world/world_01/World_01_Collection/TreasureBox/TreasureBox02.TreasureBox02	TreasureBox02	TreasureBox02_C	CID
16895835895040779218	DT_Unlock_G2_11021	11020121	246933	175926	3082	0	False	11020121	/Game/Maps/world/world_01/World_01_Collection/TreasureBox/TreasureBox02.TreasureBox02	TreasureBox02	TreasureBox02_C	CID
16895836994552407429	DT_Unlock_G2_11020	11020120	295994	206468	5610	0	False	11020120	/Game/Maps/world/world_01/World_01_Collection/TreasureBox/TreasureBox02.TreasureBox02	TreasureBox02	TreasureBox02_C	CID
16896821057459467049	DT_Unlock_G2_11019	11020119	266091	177434	1890	0	False	11020119	/Game/Maps/world/world_01/World_01_Collection/TreasureBox/TreasureBox02.TreasureBox02	TreasureBox02	TreasureBox02_C	CID
16896819957947838838	DT_Unlock_G2_11018	11020118	268283	196165	5884	0	False	11020118	/Game/Maps/world/world_01/World_01_Collection/TreasureBox/TreasureBox02.TreasureBox02	TreasureBox02	TreasureBox02_C	CID
16896832052575749159	DT_Unlock_G2_11017	11020117	276785	199400	4856	0	False	11020117	/Game/Maps/world/world_01/World_01_Collection/TreasureBox/TreasureBox02.TreasureBox02	TreasureBox02	TreasureBox02_C	CID
16896830953064120948	DT_Unlock_G2_11016	11020116	182030	209264	5069	0	False	11020116	/Game/Maps/world/world_01/World_01_Collection/TreasureBox/TreasureBox02.TreasureBox02	TreasureBox02	TreasureBox02_C	CID
16896834251599005581	DT_Unlock_G2_11015	11020115	231171	196371	5698	0	False	11020115	/Game/Maps/world/world_01/World_01_Collection/TreasureBox/TreasureBox02.TreasureBox02	TreasureBox02	TreasureBox02_C	CID
16896833152087377370	DT_Unlock_G2_11014	11020114	259405	220682	2156	0	False	11020114	/Game/Maps/world/world_01/World_01_Collection/TreasureBox/TreasureBox02.TreasureBox02	TreasureBox02	TreasureBox02_C	CID
16896827654529236315	DT_Unlock_G2_11013	11020113	242972	192240	9301	0	False	11020113	/Game/Maps/world/world_01/World_01_Collection/TreasureBox/TreasureBox02.TreasureBox02	TreasureBox02	TreasureBox02_C	CID
16896826555017608104	DT_Unlock_G2_11012	11020112	244736	231355	-174	0	False	11020112	/Game/Maps/world/world_01/World_01_Collection/TreasureBox/TreasureBox02.TreasureBox02	TreasureBox02	TreasureBox02_C	CID
16896829853552492737	DT_Unlock_G2_11011	11020111	237500	198914	5615	0	False	11020111	/Game/Maps/world/world_01/World_01_Collection/TreasureBox/TreasureBox02.TreasureBox02	TreasureBox02	TreasureBox02_C	CID
16896828754040864526	DT_Unlock_G2_11010	11020110	242546	202764	4586	0	False	11020110	/Game/Maps/world/world_01/World_01_Collection/TreasureBox/TreasureBox02.TreasureBox02	TreasureBox02	TreasureBox02_C	CID
16897669880436256716	DT_Unlock_G2_11009	11020109	244272	212847	4277	0	False	11020109	/Game/Maps/world/world_01/World_01_Collection/TreasureBox/TreasureBox02.TreasureBox02	TreasureBox02	TreasureBox02_C	CID
16897670979947884927	DT_Unlock_G2_11008	11020108	238119	208164	4590	0	False	11020108	/Game/Maps/world/world_01/World_01_Collection/TreasureBox/TreasureBox02.TreasureBox02	TreasureBox02	TreasureBox02_C	CID
16897676477506025982	DT_Unlock_G2_11007	11020107	231903	215988	5190	0	False	11020107	/Game/Maps/world/world_01/World_01_Collection/TreasureBox/TreasureBox02.TreasureBox02	TreasureBox02	TreasureBox02_C	CID
13655913367108389413	DT_Unlock_G1_11012	11010112	248125	201002	4440	0	False	11010112	/Game/Maps/world/world_01/World_01_Collection/TreasureBox/TreasureBox01.TreasureBox01	TreasureBox01	TreasureBox01_C	CID
13655910068573504780	DT_Unlock_G1_11011	11010111	244247	199342	6235	0	False	11010111	/Game/Maps/world/world_01/World_01_Collection/TreasureBox/TreasureBox01.TreasureBox01	TreasureBox01	TreasureBox01_C	CID
15659019427066676675	DT_Unlock_G2_10902	10920102	103010	12254	17948	0	False	10920102	/Game/Maps/world/world_01/World_01_Collection/TreasureBox/TreasureBox02.TreasureBox02	TreasureBox02	TreasureBox02_C	CID
15659020526578304886	DT_Unlock_G2_10901	10920101	111343	3290	18982	0	False	10920101	/Game/Maps/world/world_01/World_01_Collection/TreasureBox/TreasureBox02.TreasureBox02	TreasureBox02	TreasureBox02_C	CID
13655911168085132991	DT_Unlock_G1_11010	11010110	214792	205635	6046	0	False	11010110	/Game/Maps/world/world_01/World_01_Collection/TreasureBox/TreasureBox01.TreasureBox01	TreasureBox01	TreasureBox01_C	CID
13655070041689740801	DT_Unlock_G1_11009	11010109	245457	209735	4325	0	False	11010109	/Game/Maps/world/world_01/World_01_Collection/TreasureBox/TreasureBox01.TreasureBox01	TreasureBox01	TreasureBox01_C	CID
12860231060044313462	DT_MiniGame_G5_12022	12022	153979	47637	17843	0	False	12022	/Game/Maps/world/world_01/World_01_Collection/TreasureBox/TreasureBox05.TreasureBox05	TreasureBox05	TreasureBox05_C	CID
6296337822322354778	DT_Unlock_G1_10722	10710122	195751	-43246	8395	0	False	10710122	/Game/Maps/world/world_01/World_01_Collection/TreasureBox/TreasureBox01.TreasureBox01	TreasureBox01	TreasureBox01_C	CID
12860229960532685251	DT_MiniGame_G5_12021	12021	262951	-15008	12180	0	False	12021	/Game/Maps/world/world_01/World_01_Collection/TreasureBox/TreasureBox05.TreasureBox05	TreasureBox05	TreasureBox05_C	CID
7469553186405983974	DT_MiniGame_G5_13003	13003	87690	55331	5674	0	False	13003	/Game/Maps/world/world_01/World_01_Collection/TreasureBox/TreasureBox05.TreasureBox05	TreasureBox05	TreasureBox05_C	CID
13190850773970319131	DT_Unlock_G1_10840	10810140	185706	-43411	7606	0	False	10810140	/Game/Maps/world/world_01/World_01_Collection/TreasureBox/TreasureBox01.TreasureBox01	TreasureBox01	TreasureBox01_C	CID
13191694099388967743	DT_Unlock_G1_10839	10810139	175269	-54156	11812	0	False	10810139	/Game/Maps/world/world_01/World_01_Collection/TreasureBox/TreasureBox01.TreasureBox01	TreasureBox01	TreasureBox01_C	CID
13191692999877339532	DT_Unlock_G1_10838	10810138	119875	-14027	13979	0	False	10810138	/Game/Maps/world/world_01/World_01_Collection/TreasureBox/TreasureBox01.TreasureBox01	TreasureBox01	TreasureBox01_C	CID
13191700696458737009	DT_Unlock_G1_10837	10810137	167401	-35067	2711	0	False	10810137	/Game/Maps/world/world_01/World_01_Collection/TreasureBox/TreasureBox01.TreasureBox01	TreasureBox01	TreasureBox01_C	CID
12860228861021057040	DT_MiniGame_G5_12020	12020	151779	-73202	20622	0	False	12020	/Game/Maps/world/world_01/World_01_Collection/TreasureBox/TreasureBox05.TreasureBox05	TreasureBox05	TreasureBox05_C	CID
13190857371040088397	DT_Unlock_G1_10846	10810146	148953	-14264	11791	0	False	10810146	/Game/Maps/world/world_01/World_01_Collection/TreasureBox/TreasureBox01.TreasureBox01	TreasureBox01	TreasureBox01_C	CID
13190854072505203764	DT_Unlock_G1_10845	10810145	180766	-57726	12454	0	False	10810145	/Game/Maps/world/world_01/World_01_Collection/TreasureBox/TreasureBox01.TreasureBox01	TreasureBox01	TreasureBox01_C	CID
13190855172016831975	DT_Unlock_G1_10844	10810144	147416	-32281	13973	0	False	10810144	/Game/Maps/world/world_01/World_01_Collection/TreasureBox/TreasureBox01.TreasureBox01	TreasureBox01	TreasureBox01_C	CID
15035809639291349134	DT_Unlock_G2_10817	10820117	147002	-45886	11421	0	False	10820117	/Game/Maps/world/world_01/World_01_Collection/TreasureBox/TreasureBox02.TreasureBox02	TreasureBox02	TreasureBox02_C	CID
5944568975249523389	DT_MiniGame_G5_11004	11004	66480	267461	-612	0	False	11004	/Game/Maps/world/world_01/World_01_Collection/TreasureBox/TreasureBox05.TreasureBox05	TreasureBox05	TreasureBox05_C	CID
12863053506393363424	DT_MiniGame_G5_12019	12019	157525	-15080	7816	0	False	12019	/Game/Maps/world/world_01/World_01_Collection/TreasureBox/TreasureBox05.TreasureBox05	TreasureBox05	TreasureBox05_C	CID
12863066700532901956	DT_MiniGame_G5_12015	12015	22240	38430	17285	0	False	12015	/Game/Maps/world/world_01/World_01_Collection/TreasureBox/TreasureBox05.TreasureBox05	TreasureBox05	TreasureBox05_C	CID
5943705858621566979	DT_MiniGame_G5_11019	11019	38375	94365	12571	0	False	11019	/Game/Maps/world/world_01/World_01_Collection/TreasureBox/TreasureBox05.TreasureBox05	TreasureBox05	TreasureBox05_C	CID
12863067800044530167	DT_MiniGame_G5_12014	12014	86468	25536	11663	0	False	12014	/Game/Maps/world/world_01/World_01_Collection/TreasureBox/TreasureBox05.TreasureBox05	TreasureBox05	TreasureBox05_C	CID
12863064501509645534	DT_MiniGame_G5_12013	12013	144109	116125	9623	0	False	12013	/Game/Maps/world/world_01/World_01_Collection/TreasureBox/TreasureBox05.TreasureBox05	TreasureBox05	TreasureBox05_C	CID
5943704759109938768	DT_MiniGame_G5_11018	11018	31759	46684	16601	0	False	11018	/Game/Maps/world/world_01/World_01_Collection/TreasureBox/TreasureBox05.TreasureBox05	TreasureBox05	TreasureBox05_C	CID
12863065601021273745	DT_MiniGame_G5_12012	12012	98231	88671	3688	0	False	12012	/Game/Maps/world/world_01/World_01_Collection/TreasureBox/TreasureBox05.TreasureBox05	TreasureBox05	TreasureBox05_C	CID
5943721251784361933	DT_MiniGame_G5_11017	11017	93855	155006	6719	0	False	11017	/Game/Maps/world/world_01/World_01_Collection/TreasureBox/TreasureBox05.TreasureBox05	TreasureBox05	TreasureBox05_C	CID
6299131681369071254	DT_Unlock_G1_10717	10710117	247316	-14567	12840	0	False	10710117	/Game/Maps/world/world_01/World_01_Collection/TreasureBox/TreasureBox01.TreasureBox01	TreasureBox01	TreasureBox01_C	CID
11914026747274726414	DT_Unlock_G2_10707	10720107	226030	-67188	14864	0	False	10720107	/Game/Maps/world/world_01/World_01_Collection/TreasureBox/TreasureBox02.TreasureBox02	TreasureBox02	TreasureBox02_C	CID
5943720152272733722	DT_MiniGame_G5_11016	11016	135369	64447	10343	0	False	11016	/Game/Maps/world/world_01/World_01_Collection/TreasureBox/TreasureBox05.TreasureBox05	TreasureBox05	TreasureBox05_C	CID
11914027846786354625	DT_Unlock_G2_10706	10720106	233539	-24374	14067	0	False	10720106	/Game/Maps/world/world_01/World_01_Collection/TreasureBox/TreasureBox02.TreasureBox02	TreasureBox02	TreasureBox02_C	CID
6299132780880699465	DT_Unlock_G1_10716	10710116	227054	-28460	13124	0	False	10710116	/Game/Maps/world/world_01/World_01_Collection/TreasureBox/TreasureBox01.TreasureBox01	TreasureBox01	TreasureBox01_C	CID
6299129482345814832	DT_Unlock_G1_10715	10710115	232819	11375	9088	0	False	10710115	/Game/Maps/world/world_01/World_01_Collection/TreasureBox/TreasureBox01.TreasureBox01	TreasureBox01	TreasureBox01_C	CID
6299130581857443043	DT_Unlock_G1_10714	10710114	209518	-29946	10196	0	False	10710114	/Game/Maps/world/world_01/World_01_Collection/TreasureBox/TreasureBox01.TreasureBox01	TreasureBox01	TreasureBox01_C	CID
11914024548251469992	DT_Unlock_G2_10705	10720105	202855	-48246	15577	0	False	10720105	/Game/Maps/world/world_01/World_01_Collection/TreasureBox/TreasureBox02.TreasureBox02	TreasureBox02	TreasureBox02_C	CID
11914025647763098203	DT_Unlock_G2_10704	10720104	265714	-6901	14522	0	False	10720104	/Game/Maps/world/world_01/World_01_Collection/TreasureBox/TreasureBox02.TreasureBox02	TreasureBox02	TreasureBox02_C	CID
13825518106012568951	DT_Key_G4_10705	10740305	263477	-16914	12680	0	False	10740305	/Game/Maps/world/world_01/World_01_Collection/TreasureBox/TreasureBox04Key.TreasureBox04Key	TreasureBox04Key	TreasureBox04Key_C	CID
11914031145321239258	DT_Unlock_G2_10703	10720103	198408	-3800	3741	0	False	10720103	/Game/Maps/world/world_01/World_01_Collection/TreasureBox/TreasureBox02.TreasureBox02	TreasureBox02	TreasureBox02_C	CID
11914032244832867469	DT_Unlock_G2_10702	10720102	217242	6554	12401	0	False	10720102	/Game/Maps/world/world_01/World_01_Collection/TreasureBox/TreasureBox02.TreasureBox02	TreasureBox02	TreasureBox02_C	CID
6299136079415584098	DT_Unlock_G1_10713	10710113	199230	-1401	5408	0	False	10710113	/Game/Maps/world/world_01/World_01_Collection/TreasureBox/TreasureBox01.TreasureBox01	TreasureBox01	TreasureBox01_C	CID
7469550987382727552	DT_MiniGame_G5_13001	13001	57285	126175	799	0	False	13001	/Game/Maps/world/world_01/World_01_Collection/TreasureBox/TreasureBox05.TreasureBox05	TreasureBox05	TreasureBox05_C	CID
5891541846541493776	DT_Dig_G3_10911	10930511	52892	-40326	22637	0	False	10930511	/Game/Maps/world/world_01/World_01_Collection/TreasureBox/TreasureBox03.TreasureBox03	TreasureBox03	TreasureBox03_C	CID
5891542946053121987	DT_Dig_G3_10910	10930510	62848	-61620	34501	0	False	10930510	/Game/Maps/world/world_01/World_01_Collection/TreasureBox/TreasureBox03.TreasureBox03	TreasureBox03	TreasureBox03_C	CID
5890578674355370165	DT_Dig_G3_10909	10930509	83480	-54292	36820	0	False	10930509	/Game/Maps/world/world_01/World_01_Collection/TreasureBox/TreasureBox03.TreasureBox03	TreasureBox03	TreasureBox03_C	CID
11053398434835752779	DT_Unlock_G3_10903	10930103	35118	-54125	40328	0	False	10930103	/Game/Maps/world/world_01/World_01_Collection/TreasureBox/TreasureBox03.TreasureBox03	TreasureBox03	TreasureBox03_C	CID
15658039762206129899	DT_Unlock_G2_10919	10920119	16287	-69261	32634	0	False	10920119	/Game/Maps/world/world_01/World_01_Collection/TreasureBox/TreasureBox02.TreasureBox02	TreasureBox02	TreasureBox02_C	CID
15658038662694501688	DT_Unlock_G2_10918	10920118	23331	-24335	31227	0	False	10920118	/Game/Maps/world/world_01/World_01_Collection/TreasureBox/TreasureBox02.TreasureBox02	TreasureBox02	TreasureBox02_C	CID
15658037563182873477	DT_Unlock_G2_10917	10920117	20813	-76693	32677	0	False	10920117	/Game/Maps/world/world_01/World_01_Collection/TreasureBox/TreasureBox02.TreasureBox02	TreasureBox02	TreasureBox02_C	CID
15658036463671245266	DT_Unlock_G2_10916	10920116	21148	-68708	33706	0	False	10920116	/Game/Maps/world/world_01/World_01_Collection/TreasureBox/TreasureBox02.TreasureBox02	TreasureBox02	TreasureBox02_C	CID
15658035364159617055	DT_Unlock_G2_10915	10920115	64734	-73030	25936	0	False	10920115	/Game/Maps/world/world_01/World_01_Collection/TreasureBox/TreasureBox02.TreasureBox02	TreasureBox02	TreasureBox02_C	CID
12540752429332389885	DT_Unlock_G1_10910	10910110	73451	-82500	27476	0	False	10910110	/Game/Maps/world/world_01/World_01_Collection/TreasureBox/TreasureBox01.TreasureBox01	TreasureBox01	TreasureBox01_C	CID
7277830535692566230	DT_Unlock_G3_10706	10730106	246064	-5735	11472	0	False	10730106	/Game/Maps/world/world_01/World_01_Collection/TreasureBox/TreasureBox03.TreasureBox03	TreasureBox03	TreasureBox03_C	CID
6296336722810726567	DT_Unlock_G1_10721	10710121	200263	-27423	11688	0	False	10710121	/Game/Maps/world/world_01/World_01_Collection/TreasureBox/TreasureBox01.TreasureBox01	TreasureBox01	TreasureBox01_C	CID
15271951088455776548	DT_Monster_G4_10701	10740201	197501	-25126	11886	0	False	10740201	/Game/Maps/world/world_01/World_01_Collection/TreasureBox/TreasureBox04.TreasureBox04	TreasureBox04	TreasureBox04_C	CID
12863062302486389112	DT_MiniGame_G5_12011	12011	204659	-40578	15591	0	False	12011	/Game/Maps/world/world_01/World_01_Collection/TreasureBox/TreasureBox05.TreasureBox05	TreasureBox05	TreasureBox05_C	CID
7277829436180938019	DT_Unlock_G3_10705	10730105	270029	-15096	18719	0	False	10730105	/Game/Maps/world/world_01/World_01_Collection/TreasureBox/TreasureBox03.TreasureBox03	TreasureBox03	TreasureBox03_C	CID
11914020150204957148	DT_Unlock_G2_10709	10720109	230557	-46039	20320	0	False	10720109	/Game/Maps/world/world_01/World_01_Collection/TreasureBox/TreasureBox02.TreasureBox02	TreasureBox02	TreasureBox02_C	CID
8037618714191212026	DT_Monster_G4_11003	11040203	261283	172404	-347	0	False	11040203	/Game/Maps/world/world_01/World_01_Collection/TreasureBox/TreasureBox04.TreasureBox04	TreasureBox04	TreasureBox04_C	CID
7469554285917612185	DT_MiniGame_G5_13002	13002	145310	98898	-683	0	False	13002	/Game/Maps/world/world_01/World_01_Collection/TreasureBox/TreasureBox05.TreasureBox05	TreasureBox05	TreasureBox05_C	CID
4433545303034332861	DT_Monster_G3_10716	10730216	215676	-25597	4856	0	False	10730216	/Game/Maps/world/world_01/World_01_Collection/TreasureBox/TreasureBox03.TreasureBox03	TreasureBox03	TreasureBox03_C	CID
4433542004499448228	DT_Monster_G3_10715	10730215	236036	12896	9470	0	False	10730215	/Game/Maps/world/world_01/World_01_Collection/TreasureBox/TreasureBox03.TreasureBox03	TreasureBox03	TreasureBox03_C	CID
10537361540576673899	DT_Monster_G2_10715	10720215	196262	19909	13401	0	False	10720215	/Game/Maps/world/world_01/World_01_Collection/TreasureBox/TreasureBox02.TreasureBox02	TreasureBox02	TreasureBox02_C	CID
11070663163019346909	DT_Monster_G2_10807	10820207	150321	-40652	17428	0	False	10820207	/Game/Maps/world/world_01/World_01_Collection/TreasureBox/TreasureBox02.TreasureBox02	TreasureBox02	TreasureBox02_C	CID
6274508199195275042	DT_Monster_G3_10807	10830207	152231	2923	8357	0	False	10830207	/Game/Maps/world/world_01/World_01_Collection/TreasureBox/TreasureBox03.TreasureBox03	TreasureBox03	TreasureBox03_C	CID
6274509298706903253	DT_Monster_G3_10806	10830206	144286	163	9854	0	False	10830206	/Game/Maps/world/world_01/World_01_Collection/TreasureBox/TreasureBox03.TreasureBox03	TreasureBox03	TreasureBox03_C	CID
7277828336669309808	DT_Unlock_G3_10704	10730104	264032	-19051	18977	0	False	10730104	/Game/Maps/world/world_01/World_01_Collection/TreasureBox/TreasureBox03.TreasureBox03	TreasureBox03	TreasureBox03_C	CID
6296335623299098356	DT_Unlock_G1_10720	10710120	259578	-19855	12800	0	False	10710120	/Game/Maps/world/world_01/World_01_Collection/TreasureBox/TreasureBox01.TreasureBox01	TreasureBox01	TreasureBox01_C	CID
7277836033250707285	DT_Unlock_G3_10703	10730103	218577	-67621	14390	0	False	10730103	/Game/Maps/world/world_01/World_01_Collection/TreasureBox/TreasureBox03.TreasureBox03	TreasureBox03	TreasureBox03_C	CID
11914021249716585359	DT_Unlock_G2_10708	10720108	268272	-16984	12230	0	False	10720108	/Game/Maps/world/world_01/World_01_Collection/TreasureBox/TreasureBox02.TreasureBox02	TreasureBox02	TreasureBox02_C	CID
6299142676485353364	DT_Unlock_G1_10719	10710119	264078	-9932	12840	0	False	10710119	/Game/Maps/world/world_01/World_01_Collection/TreasureBox/TreasureBox01.TreasureBox01	TreasureBox01	TreasureBox01_C	CID
6299143775996981575	DT_Unlock_G1_10718	10710118	260302	-13378	12541	0	False	10710118	/Game/Maps/world/world_01/World_01_Collection/TreasureBox/TreasureBox01.TreasureBox01	TreasureBox01	TreasureBox01_C	CID
7277834933739079074	DT_Unlock_G3_10702	10730102	249252	-6106	12343	0	False	10730102	/Game/Maps/world/world_01/World_01_Collection/TreasureBox/TreasureBox03.TreasureBox03	TreasureBox03	TreasureBox03_C	CID
12863063401998017323	DT_MiniGame_G5_12010	12010	49510	85155	1930	0	False	12010	/Game/Maps/world/world_01/World_01_Collection/TreasureBox/TreasureBox05.TreasureBox05	TreasureBox05	TreasureBox05_C	CID
6272554367032322545	DT_Monster_G3_10820	10830220	142530	-43089	13402	0	False	10830220	/Game/Maps/world/world_01/World_01_Collection/TreasureBox/TreasureBox03.TreasureBox03	TreasureBox03	TreasureBox03_C	CID
6273538429939382165	DT_Monster_G3_10819	10830219	144926	-32661	11510	0	False	10830219	/Game/Maps/world/world_01/World_01_Collection/TreasureBox/TreasureBox03.TreasureBox03	TreasureBox03	TreasureBox03_C	CID
6273537330427753954	DT_Monster_G3_10818	10830218	145803	-43084	15784	0	False	10830218	/Game/Maps/world/world_01/World_01_Collection/TreasureBox/TreasureBox03.TreasureBox03	TreasureBox03	TreasureBox03_C	CID
6273540628962638587	DT_Monster_G3_10817	10830217	141838	-37441	16632	0	False	10830217	/Game/Maps/world/world_01/World_01_Collection/TreasureBox/TreasureBox03.TreasureBox03	TreasureBox03	TreasureBox03_C	CID
6273539529451010376	DT_Monster_G3_10816	10830216	151095	-38048	18237	0	False	10830216	/Game/Maps/world/world_01/World_01_Collection/TreasureBox/TreasureBox03.TreasureBox03	TreasureBox03	TreasureBox03_C	CID
6273542827985895009	DT_Monster_G3_10815	10830215	177681	-61916	10364	0	False	10830215	/Game/Maps/world/world_01/World_01_Collection/TreasureBox/TreasureBox03.TreasureBox03	TreasureBox03	TreasureBox03_C	CID
6273541728474266798	DT_Monster_G3_10814	10830214	177571	-58842	12513	0	False	10830214	/Game/Maps/world/world_01/World_01_Collection/TreasureBox/TreasureBox03.TreasureBox03	TreasureBox03	TreasureBox03_C	CID
12862069443486303804	DT_MiniGame_G5_12002	12002	74516	217145	6344	0	False	12002	/Game/Maps/world/world_01/World_01_Collection/TreasureBox/TreasureBox05.TreasureBox05	TreasureBox05	TreasureBox05_C	CID
13825519205524197162	DT_Key_G4_10706	10740306	215185	-23107	7201	0	False	10740306	/Game/Maps/world/world_01/World_01_Collection/TreasureBox/TreasureBox04Key.TreasureBox04Key	TreasureBox04Key	TreasureBox04Key_C	CID
12861088679114128817	DT_MiniGame_G5_12038	12038	195495	143319	180	0	False	12038	/Game/Maps/world/world_01/World_01_Collection/TreasureBox/TreasureBox05.TreasureBox05	TreasureBox05	TreasureBox05_C	CID
6273545027009151431	DT_Monster_G3_10813	10830213	173495	-59166	12869	0	False	10830213	/Game/Maps/world/world_01/World_01_Collection/TreasureBox/TreasureBox03.TreasureBox03	TreasureBox03	TreasureBox03_C	CID
6273543927497523220	DT_Monster_G3_10812	10830212	173120	-35651	3616	0	False	10830212	/Game/Maps/world/world_01/World_01_Collection/TreasureBox/TreasureBox03.TreasureBox03	TreasureBox03	TreasureBox03_C	CID
6273547226032407853	DT_Monster_G3_10811	10830211	183919	-7667	-2169	0	False	10830211	/Game/Maps/world/world_01/World_01_Collection/TreasureBox/TreasureBox03.TreasureBox03	TreasureBox03	TreasureBox03_C	CID
6273546126520779642	DT_Monster_G3_10810	10830210	159311	-29535	1831	0	False	10830210	/Game/Maps/world/world_01/World_01_Collection/TreasureBox/TreasureBox03.TreasureBox03	TreasureBox03	TreasureBox03_C	CID
11071651623972919373	DT_Monster_G2_10814	10820214	180337	-6329	-151	0	False	10820214	/Game/Maps/world/world_01/World_01_Collection/TreasureBox/TreasureBox02.TreasureBox02	TreasureBox02	TreasureBox02_C	CID
11071643927391521896	DT_Monster_G2_10813	10820213	182488	-21809	-1628	0	False	10820213	/Game/Maps/world/world_01/World_01_Collection/TreasureBox/TreasureBox02.TreasureBox02	TreasureBox02	TreasureBox02_C	CID
11071645026903150107	DT_Monster_G2_10812	10820212	145016	-34632	14577	0	False	10820212	/Game/Maps/world/world_01/World_01_Collection/TreasureBox/TreasureBox02.TreasureBox02	TreasureBox02	TreasureBox02_C	CID
11071646126414778318	DT_Monster_G2_10811	10820211	145208	-41903	14638	0	False	10820211	/Game/Maps/world/world_01/World_01_Collection/TreasureBox/TreasureBox02.TreasureBox02	TreasureBox02	TreasureBox02_C	CID
11071647225926406529	DT_Monster_G2_10810	10820210	183463	-34805	5531	0	False	10820210	/Game/Maps/world/world_01/World_01_Collection/TreasureBox/TreasureBox02.TreasureBox02	TreasureBox02	TreasureBox02_C	CID
11070647769856551955	DT_Monster_G2_10809	10820209	176033	-45250	7052	0	False	10820209	/Game/Maps/world/world_01/World_01_Collection/TreasureBox/TreasureBox02.TreasureBox02	TreasureBox02	TreasureBox02_C	CID
11070646670344923744	DT_Monster_G2_10808	10820208	147136	-21832	13436	0	False	10820208	/Game/Maps/world/world_01/World_01_Collection/TreasureBox/TreasureBox02.TreasureBox02	TreasureBox02	TreasureBox02_C	CID
8037619813702840237	DT_Monster_G4_11002	11040202	277189	176037	3966	0	False	11040202	/Game/Maps/world/world_01/World_01_Collection/TreasureBox/TreasureBox04.TreasureBox04	TreasureBox04	TreasureBox04_C	CID
8037616515167955604	DT_Monster_G4_11001	11040201	289806	170207	6117	0	False	11040201	/Game/Maps/world/world_01/World_01_Collection/TreasureBox/TreasureBox04.TreasureBox04	TreasureBox04	TreasureBox04_C	CID
6296334523787470145	DT_Unlock_G1_10727	10710127	218839	-56528	11526	0	False	10710127	/Game/Maps/world/world_01/World_01_Collection/TreasureBox/TreasureBox01.TreasureBox01	TreasureBox01	TreasureBox01_C	CID
5890577574843741954	DT_Dig_G3_10908	10930508	72742	21522	18832	0	False	10930508	/Game/Maps/world/world_01/World_01_Collection/TreasureBox/TreasureBox03.TreasureBox03	TreasureBox03	TreasureBox03_C	CID
11913036087297897528	DT_Unlock_G2_10712	10720112	220330	-65608	12592	0	False	10720112	/Game/Maps/world/world_01/World_01_Collection/TreasureBox/TreasureBox02.TreasureBox02	TreasureBox02	TreasureBox02_C	CID
4432683285918004662	DT_Monster_G3_10704	10730204	222694	-66074	9873	0	False	10730204	/Game/Maps/world/world_01/World_01_Collection/TreasureBox/TreasureBox03.TreasureBox03	TreasureBox03	TreasureBox03_C	CID
12861080982532731340	DT_MiniGame_G5_12037	12037	273044	223146	6168	0	False	12037	/Game/Maps/world/world_01/World_01_Collection/TreasureBox/TreasureBox05.TreasureBox05	TreasureBox05	TreasureBox05_C	CID
6296333424275841934	DT_Unlock_G1_10726	10710126	218245	-63267	22393	0	False	10710126	/Game/Maps/world/world_01/World_01_Collection/TreasureBox/TreasureBox01.TreasureBox01	TreasureBox01	TreasureBox01_C	CID
15598982672465093267	DT_Dig_G3_10701	10730501	223615	-58280	17447	0	False	10730501	/Game/Maps/world/world_01/World_01_Collection/TreasureBox/TreasureBox03.TreasureBox03	TreasureBox03	TreasureBox03_C	CID
6296332324764213723	DT_Unlock_G1_10725	10710125	245981	-21209	12552	0	False	10710125	/Game/Maps/world/world_01/World_01_Collection/TreasureBox/TreasureBox01.TreasureBox01	TreasureBox01	TreasureBox01_C	CID
11913039385832782161	DT_Unlock_G2_10711	10720111	265646	-17969	17186	0	False	10720111	/Game/Maps/world/world_01/World_01_Collection/TreasureBox/TreasureBox02.TreasureBox02	TreasureBox02	TreasureBox02_C	CID
7277831635204194441	DT_Unlock_G3_10707	10730107	208582	13055	10726	0	False	10730107	/Game/Maps/world/world_01/World_01_Collection/TreasureBox/TreasureBox03.TreasureBox03	TreasureBox03	TreasureBox03_C	CID
11913038286321153950	DT_Unlock_G2_10710	10720110	218986	-57016	12409	0	False	10720110	/Game/Maps/world/world_01/World_01_Collection/TreasureBox/TreasureBox02.TreasureBox02	TreasureBox02	TreasureBox02_C	CID
4432686584452889295	DT_Monster_G3_10703	10730203	230087	-61700	12758	0	False	10730203	/Game/Maps/world/world_01/World_01_Collection/TreasureBox/TreasureBox03.TreasureBox03	TreasureBox03	TreasureBox03_C	CID
4432685484941261084	DT_Monster_G3_10702	10730202	229208	-65658	10031	0	False	10730202	/Game/Maps/world/world_01/World_01_Collection/TreasureBox/TreasureBox03.TreasureBox03	TreasureBox03	TreasureBox03_C	CID
6296331225252585512	DT_Unlock_G1_10724	10710124	226019	-58326	10052	0	False	10710124	/Game/Maps/world/world_01/World_01_Collection/TreasureBox/TreasureBox01.TreasureBox01	TreasureBox01	TreasureBox01_C	CID
6296338921833982989	DT_Unlock_G1_10723	10710123	218826	-59254	10052	0	False	10710123	/Game/Maps/world/world_01/World_01_Collection/TreasureBox/TreasureBox01.TreasureBox01	TreasureBox01	TreasureBox01_C	CID
12861084281067615973	DT_MiniGame_G5_12034	12034	280302	80426	21821	0	False	12034	/Game/Maps/world/world_01/World_01_Collection/TreasureBox/TreasureBox05.TreasureBox05	TreasureBox05	TreasureBox05_C	CID
12861076584486218496	DT_MiniGame_G5_12033	12033	245734	129619	9726	0	False	12033	/Game/Maps/world/world_01/World_01_Collection/TreasureBox/TreasureBox05.TreasureBox05	TreasureBox05	TreasureBox05_C	CID
12539893710750946319	DT_Unlock_G1_10909	10910109	46804	-47592	39192	0	False	10910109	/Game/Maps/world/world_01/World_01_Collection/TreasureBox/TreasureBox01.TreasureBox01	TreasureBox01	TreasureBox01_C	CID
12638439173024729589	DT_Key_G4_10901	10940301	56030	-27548	37710	0	False	10940301	/Game/Maps/world/world_01/World_01_Collection/TreasureBox/TreasureBox04Key.TreasureBox04Key	TreasureBox04Key	TreasureBox04Key_C	CID
12539892611239318108	DT_Unlock_G1_10908	10910108	113284	-20980	26362	0	False	10910108	/Game/Maps/world/world_01/World_01_Collection/TreasureBox/TreasureBox01.TreasureBox01	TreasureBox01	TreasureBox01_C	CID
12539900307820715585	DT_Unlock_G1_10907	10910107	109519	-48778	31682	0	False	10910107	/Game/Maps/world/world_01/World_01_Collection/TreasureBox/TreasureBox01.TreasureBox01	TreasureBox01	TreasureBox01_C	CID
12539899208309087374	DT_Unlock_G1_10906	10910106	74399	-54618	36535	0	False	10910106	/Game/Maps/world/world_01/World_01_Collection/TreasureBox/TreasureBox01.TreasureBox01	TreasureBox01	TreasureBox01_C	CID
15658032065624732422	DT_Unlock_G2_10912	10920112	116203	-75801	29461	0	False	10920112	/Game/Maps/world/world_01/World_01_Collection/TreasureBox/TreasureBox02.TreasureBox02	TreasureBox02	TreasureBox02_C	CID
12860233259067569884	DT_MiniGame_G5_12024	12024	36654	-51633	38547	0	False	12024	/Game/Maps/world/world_01/World_01_Collection/TreasureBox/TreasureBox05.TreasureBox05	TreasureBox05	TreasureBox05_C	CID
5620750679859416488	DT_Monster_G3_10913	10930213	24161	-127317	17357	0	False	10930213	/Game/Maps/world/world_01/World_01_Collection/TreasureBox/TreasureBox03.TreasureBox03	TreasureBox03	TreasureBox03_C	CID
5620751779371044699	DT_Monster_G3_10912	10930212	32616	-121932	17702	0	False	10930212	/Game/Maps/world/world_01/World_01_Collection/TreasureBox/TreasureBox03.TreasureBox03	TreasureBox03	TreasureBox03_C	CID
570202993073059826	DT_Monster_G4_10905	10940205	32202	-121880	17708	0	False	10940205	/Game/Maps/world/world_01/World_01_Collection/TreasureBox/TreasureBox04.TreasureBox04	TreasureBox04	TreasureBox04_C	CID
569351971073013737	DT_Monster_G4_10913	10940213	31452	-106607	16406	0	False	10940213	/Game/Maps/world/world_01/World_01_Collection/TreasureBox/TreasureBox04.TreasureBox04	TreasureBox04	TreasureBox04_C	CID
569350871561385526	DT_Monster_G4_10912	10940212	35313	-96353	16072	0	False	10940212	/Game/Maps/world/world_01/World_01_Collection/TreasureBox/TreasureBox04.TreasureBox04	TreasureBox04	TreasureBox04_C	CID
569349772049757315	DT_Monster_G4_10911	10940211	83789	-11650	30440	0	False	10940211	/Game/Maps/world/world_01/World_01_Collection/TreasureBox/TreasureBox04.TreasureBox04	TreasureBox04	TreasureBox04_C	CID
11725401446727380450	DT_Monster_G2_10907	10920207	56207	-53901	38337	0	False	10920207	/Game/Maps/world/world_01/World_01_Collection/TreasureBox/TreasureBox02.TreasureBox02	TreasureBox02	TreasureBox02_C	CID
569348672538129104	DT_Monster_G4_10910	10940210	56341	-53599	38335	0	False	10940210	/Game/Maps/world/world_01/World_01_Collection/TreasureBox/TreasureBox04.TreasureBox04	TreasureBox04	TreasureBox04_C	CID
15658030966113104211	DT_Unlock_G2_10911	10920111	29159	-44105	33766	0	False	10920111	/Game/Maps/world/world_01/World_01_Collection/TreasureBox/TreasureBox02.TreasureBox02	TreasureBox02	TreasureBox02_C	CID
12539898108797459163	DT_Unlock_G1_10905	10910105	13353	-62354	33293	0	False	10910105	/Game/Maps/world/world_01/World_01_Collection/TreasureBox/TreasureBox01.TreasureBox01	TreasureBox01	TreasureBox01_C	CID
12539897009285830952	DT_Unlock_G1_10904	10910104	7714	-66416	32319	0	False	10910104	/Game/Maps/world/world_01/World_01_Collection/TreasureBox/TreasureBox01.TreasureBox01	TreasureBox01	TreasureBox01_C	CID
15658029866601476000	DT_Unlock_G2_10910	10920110	38871	-53076	38641	0	False	10920110	/Game/Maps/world/world_01/World_01_Collection/TreasureBox/TreasureBox02.TreasureBox02	TreasureBox02	TreasureBox02_C	CID
15659029322671330574	DT_Unlock_G2_10909	10920109	10040	-77345	32836	0	False	10920109	/Game/Maps/world/world_01/World_01_Collection/TreasureBox/TreasureBox02.TreasureBox02	TreasureBox02	TreasureBox02_C	CID
11053397335324124568	DT_Unlock_G3_10902	10930102	10864	-79899	33179	0	False	10930102	/Game/Maps/world/world_01/World_01_Collection/TreasureBox/TreasureBox03.TreasureBox03	TreasureBox03	TreasureBox03_C	CID
570207391119572670	DT_Monster_G4_10909	10940209	10330	-74328	30975	0	False	10940209	/Game/Maps/world/world_01/World_01_Collection/TreasureBox/TreasureBox04.TreasureBox04	TreasureBox04	TreasureBox04_C	CID
570208490631200881	DT_Monster_G4_10908	10940208	27882	-66408	32161	0	False	10940208	/Game/Maps/world/world_01/World_01_Collection/TreasureBox/TreasureBox04.TreasureBox04	TreasureBox04	TreasureBox04_C	CID
12539904705867228429	DT_Unlock_G1_10903	10910103	33391	-67761	31597	0	False	10910103	/Game/Maps/world/world_01/World_01_Collection/TreasureBox/TreasureBox01.TreasureBox01	TreasureBox01	TreasureBox01_C	CID
15659030422182958785	DT_Unlock_G2_10908	10920108	34617	-87251	19678	0	False	10920108	/Game/Maps/world/world_01/World_01_Collection/TreasureBox/TreasureBox02.TreasureBox02	TreasureBox02	TreasureBox02_C	CID
15659022725601561308	DT_Unlock_G2_10907	10920107	46193	-66779	30538	0	False	10920107	/Game/Maps/world/world_01/World_01_Collection/TreasureBox/TreasureBox02.TreasureBox02	TreasureBox02	TreasureBox02_C	CID
570200794049803404	DT_Monster_G4_10907	10940207	68699	-78232	25668	0	False	10940207	/Game/Maps/world/world_01/World_01_Collection/TreasureBox/TreasureBox04.TreasureBox04	TreasureBox04	TreasureBox04_C	CID
5620752878882672910	DT_Monster_G3_10911	10930211	31166	2332	27348	0	False	10930211	/Game/Maps/world/world_01/World_01_Collection/TreasureBox/TreasureBox03.TreasureBox03	TreasureBox03	TreasureBox03_C	CID
15659023825113189519	DT_Unlock_G2_10906	10920106	40373	1029	30759	0	False	10920106	/Game/Maps/world/world_01/World_01_Collection/TreasureBox/TreasureBox02.TreasureBox02	TreasureBox02	TreasureBox02_C	CID
12539903606355600218	DT_Unlock_G1_10902	10910102	45479	4902	30808	0	False	10910102	/Game/Maps/world/world_01/World_01_Collection/TreasureBox/TreasureBox01.TreasureBox01	TreasureBox01	TreasureBox01_C	CID
5620753978394301121	DT_Monster_G3_10910	10930210	41175	4885	28660	0	False	10930210	/Game/Maps/world/world_01/World_01_Collection/TreasureBox/TreasureBox03.TreasureBox03	TreasureBox03	TreasureBox03_C	CID
8037614316144699182	DT_Monster_G4_11007	11040207	187945	180818	8830	0	False	11040207	/Game/Maps/world/world_01/World_01_Collection/TreasureBox/TreasureBox04.TreasureBox04	TreasureBox04	TreasureBox04_C	CID
570201893561431615	DT_Monster_G4_10906	10940206	28658	-31700	32331	0	False	10940206	/Game/Maps/world/world_01/World_01_Collection/TreasureBox/TreasureBox04.TreasureBox04	TreasureBox04	TreasureBox04_C	CID
5619754522324446547	DT_Monster_G3_10909	10930209	39499	-18839	32710	0	False	10930209	/Game/Maps/world/world_01/World_01_Collection/TreasureBox/TreasureBox03.TreasureBox03	TreasureBox03	TreasureBox03_C	CID
5619753422812818336	DT_Monster_G3_10908	10930208	26862	-16986	30433	0	False	10930208	/Game/Maps/world/world_01/World_01_Collection/TreasureBox/TreasureBox03.TreasureBox03	TreasureBox03	TreasureBox03_C	CID
714544598203275034	DT_Monster_G2_11016	11020216	187780	181120	8834	0	False	11020216	/Game/Maps/world/world_01/World_01_Collection/TreasureBox/TreasureBox02.TreasureBox02	TreasureBox02	TreasureBox02_C	CID
11053400633859009201	DT_Unlock_G3_10901	10930101	61421	-21520	25352	0	False	10930101	/Game/Maps/world/world_01/World_01_Collection/TreasureBox/TreasureBox03.TreasureBox03	TreasureBox03	TreasureBox03_C	CID
11725402546239008661	DT_Monster_G2_10906	10920206	54952	-43468	22645	0	False	10920206	/Game/Maps/world/world_01/World_01_Collection/TreasureBox/TreasureBox02.TreasureBox02	TreasureBox02	TreasureBox02_C	CID
9964695782354148193	DT_Dig_G5_10701	10750501	227190	-55711	31575	0	False	10750501	/Game/Maps/world/world_01/World_01_Collection/TreasureBox/TreasureBox05.TreasureBox05	TreasureBox05	TreasureBox05_C	CID
5946514011319450198	DT_MiniGame_G5_11023	11023	121849	-30884	26337	0	False	11023	/Game/Maps/world/world_01/World_01_Collection/TreasureBox/TreasureBox05.TreasureBox05	TreasureBox05	TreasureBox05_C	CID
11725399247704124028	DT_Monster_G2_10905	10920205	61647	-47764	22597	0	False	10920205	/Game/Maps/world/world_01/World_01_Collection/TreasureBox/TreasureBox02.TreasureBox02	TreasureBox02	TreasureBox02_C	CID
11725400347215752239	DT_Monster_G2_10904	10920204	92111	-37562	31138	0	False	10920204	/Game/Maps/world/world_01/World_01_Collection/TreasureBox/TreasureBox02.TreasureBox02	TreasureBox02	TreasureBox02_C	CID
5619769915487241501	DT_Monster_G3_10907	10930207	91987	-37783	31137	0	False	10930207	/Game/Maps/world/world_01/World_01_Collection/TreasureBox/TreasureBox03.TreasureBox03	TreasureBox03	TreasureBox03_C	CID
570204092584688037	DT_Monster_G4_10904	10940204	86736	-49876	36057	0	False	10940204	/Game/Maps/world/world_01/World_01_Collection/TreasureBox/TreasureBox04.TreasureBox04	TreasureBox04	TreasureBox04_C	CID
5619768815975613290	DT_Monster_G3_10906	10930206	95165	-57838	34511	0	False	10930206	/Game/Maps/world/world_01/World_01_Collection/TreasureBox/TreasureBox03.TreasureBox03	TreasureBox03	TreasureBox03_C	CID
15659024924624817730	DT_Unlock_G2_10905	10920105	89550	-64979	30986	0	False	10920105	/Game/Maps/world/world_01/World_01_Collection/TreasureBox/TreasureBox02.TreasureBox02	TreasureBox02	TreasureBox02_C	CID
15659026024136445941	DT_Unlock_G2_10904	10920104	80186	-68879	29234	0	False	10920104	/Game/Maps/world/world_01/World_01_Collection/TreasureBox/TreasureBox02.TreasureBox02	TreasureBox02	TreasureBox02_C	CID
15659018327555048464	DT_Unlock_G2_10903	10920103	103742	-64171	27785	0	False	10920103	/Game/Maps/world/world_01/World_01_Collection/TreasureBox/TreasureBox02.TreasureBox02	TreasureBox02	TreasureBox02_C	CID
11725397048680867606	DT_Monster_G2_10903	10920203	116494	-72984	28063	0	False	10920203	/Game/Maps/world/world_01/World_01_Collection/TreasureBox/TreasureBox02.TreasureBox02	TreasureBox02	TreasureBox02_C	CID
570196396003290560	DT_Monster_G4_10903	10940203	116708	-72802	28060	0	False	10940203	/Game/Maps/world/world_01/World_01_Collection/TreasureBox/TreasureBox04.TreasureBox04	TreasureBox04	TreasureBox04_C	CID
5619767716463985079	DT_Monster_G3_10905	10930205	130864	-65704	25455	0	False	10930205	/Game/Maps/world/world_01/World_01_Collection/TreasureBox/TreasureBox03.TreasureBox03	TreasureBox03	TreasureBox03_C	CID
5619766616952356868	DT_Monster_G3_10904	10930204	120578	-41550	26529	0	False	10930204	/Game/Maps/world/world_01/World_01_Collection/TreasureBox/TreasureBox03.TreasureBox03	TreasureBox03	TreasureBox03_C	CID
570197495514918771	DT_Monster_G4_10902	10940202	98799	-42912	37385	0	False	10940202	/Game/Maps/world/world_01/World_01_Collection/TreasureBox/TreasureBox04.TreasureBox04	TreasureBox04	TreasureBox04_C	CID
12983162867437967654	DT_Dig_G4_10701	10740501	245179	-46725	20473	0	False	10740501	/Game/Maps/world/world_01/World_01_Collection/TreasureBox/TreasureBox04Key.TreasureBox04Key	TreasureBox04Key	TreasureBox04Key_C	CID
6727234499250344056	DT_Dig_G2_10701	10720501	216239	10646	15779	0	False	10720501	/Game/Maps/world/world_01/World_01_Collection/TreasureBox/TreasureBox02.TreasureBox02	TreasureBox02	TreasureBox02_C	CID
6422884139263073234	DT_Dig_G3_10801	10830501	129981	-5364	11789	0	False	10830501	/Game/Maps/world/world_01/World_01_Collection/TreasureBox/TreasureBox03.TreasureBox03	TreasureBox03	TreasureBox03_C	CID
5619765517440728657	DT_Monster_G3_10903	10930203	102113	-30793	33826	0	False	10930203	/Game/Maps/world/world_01/World_01_Collection/TreasureBox/TreasureBox03.TreasureBox03	TreasureBox03	TreasureBox03_C	CID
5619764417929100446	DT_Monster_G3_10902	10930202	101239	-12352	28017	0	False	10930202	/Game/Maps/world/world_01/World_01_Collection/TreasureBox/TreasureBox03.TreasureBox03	TreasureBox03	TreasureBox03_C	CID
6274511497730159675	DT_Monster_G3_10808	10830208	183025	-16022	2372	0	False	10830208	/Game/Maps/world/world_01/World_01_Collection/TreasureBox/TreasureBox03.TreasureBox03	TreasureBox03	TreasureBox03_C	CID
18392882958472353179	DT_Monster_G4_10803	10840203	177300	-19290	2676	0	False	10840203	/Game/Maps/world/world_01/World_01_Collection/TreasureBox/TreasureBox04.TreasureBox04	TreasureBox04	TreasureBox04_C	CID
570198595026546982	DT_Monster_G4_10901	10940201	83817	-22572	32989	0	False	10940201	/Game/Maps/world/world_01/World_01_Collection/TreasureBox/TreasureBox04.TreasureBox04	TreasureBox04	TreasureBox04_C	CID
11676609322122708531	DT_Unlock_G3_10811	10830111	143431	-33528	11370	0	False	10830111	/Game/Maps/world/world_01/World_01_Collection/TreasureBox/TreasureBox03.TreasureBox03	TreasureBox03	TreasureBox03_C	CID
11676608222611080320	DT_Unlock_G3_10810	10830110	147287	-43489	11419	0	False	10830110	/Game/Maps/world/world_01/World_01_Collection/TreasureBox/TreasureBox03.TreasureBox03	TreasureBox03	TreasureBox03_C	CID
15035807440268092712	DT_Unlock_G2_10815	10820115	147021	-37143	10710	0	False	10820115	/Game/Maps/world/world_01/World_01_Collection/TreasureBox/TreasureBox02.TreasureBox02	TreasureBox02	TreasureBox02_C	CID
6274510398218531464	DT_Monster_G3_10809	10830209	144983	-33645	13081	0	False	10830209	/Game/Maps/world/world_01/World_01_Collection/TreasureBox/TreasureBox03.TreasureBox03	TreasureBox03	TreasureBox03_C	CID
18392888456030494234	DT_Monster_G4_10804	10840204	145599	-42105	12990	0	False	10840204	/Game/Maps/world/world_01/World_01_Collection/TreasureBox/TreasureBox04.TreasureBox04	TreasureBox04	TreasureBox04_C	CID
10537362640088302110	DT_Monster_G2_10716	10720216	195194	-91063	13211	0	False	10720216	/Game/Maps/world/world_01/World_01_Collection/TreasureBox/TreasureBox02.TreasureBox02	TreasureBox02	TreasureBox02_C	CID
6297182247252631601	DT_Unlock_G1_10734	10710134	184100	-88666	10211	0	False	10710134	/Game/Maps/world/world_01/World_01_Collection/TreasureBox/TreasureBox01.TreasureBox01	TreasureBox01	TreasureBox01_C	CID
6297183346764259812	DT_Unlock_G1_10733	10710133	185189	-103549	12739	0	False	10710133	/Game/Maps/world/world_01/World_01_Collection/TreasureBox/TreasureBox01.TreasureBox01	TreasureBox01	TreasureBox01_C	CID
15271947789920891915	DT_Monster_G4_10704	10740204	195149	-91348	13210	0	False	10740204	/Game/Maps/world/world_01/World_01_Collection/TreasureBox/TreasureBox04.TreasureBox04	TreasureBox04	TreasureBox04_C	CID
15271953287479032970	DT_Monster_G4_10703	10740203	197355	-73349	21021	0	False	10740203	/Game/Maps/world/world_01/World_01_Collection/TreasureBox/TreasureBox04.TreasureBox04	TreasureBox04	TreasureBox04_C	CID
11071650524461291162	DT_Monster_G2_10815	10820215	140463	-38505	14558	0	False	10820215	/Game/Maps/world/world_01/World_01_Collection/TreasureBox/TreasureBox02.TreasureBox02	TreasureBox02	TreasureBox02_C	CID
12539902506843972007	DT_Unlock_G1_10901	10910101	62190	4353	26308	0	False	10910101	/Game/Maps/world/world_01/World_01_Collection/TreasureBox/TreasureBox01.TreasureBox01	TreasureBox01	TreasureBox01_C	CID
5619763318417472235	DT_Monster_G3_10901	10930201	70875	14841	21846	0	False	10930201	/Game/Maps/world/world_01/World_01_Collection/TreasureBox/TreasureBox03.TreasureBox03	TreasureBox03	TreasureBox03_C	CID
5890587470448395853	DT_Dig_G3_10901	10930501	86507	12467	21643	0	False	10930501	/Game/Maps/world/world_01/World_01_Collection/TreasureBox/TreasureBox03.TreasureBox03	TreasureBox03	TreasureBox03_C	CID
5946515110831078409	DT_MiniGame_G5_11022	11022	42758	4594	31035	0	False	11022	/Game/Maps/world/world_01/World_01_Collection/TreasureBox/TreasureBox05.TreasureBox05	TreasureBox05	TreasureBox05_C	CID
11725398148192495817	DT_Monster_G2_10902	10920202	116574	10531	16895	0	False	10920202	/Game/Maps/world/world_01/World_01_Collection/TreasureBox/TreasureBox02.TreasureBox02	TreasureBox02	TreasureBox02_C	CID
11725394849657611184	DT_Monster_G2_10901	10920201	85202	8327	22344	0	False	10920201	/Game/Maps/world/world_01/World_01_Collection/TreasureBox/TreasureBox02.TreasureBox02	TreasureBox02	TreasureBox02_C	CID
5946511812296193776	DT_MiniGame_G5_11021	11021	103929	-25386	32119	0	False	11021	/Game/Maps/world/world_01/World_01_Collection/TreasureBox/TreasureBox05.TreasureBox05	TreasureBox05	TreasureBox05_C	CID
18392876361402583913	DT_Monster_G4_10809	10840209	140644	-38492	14558	0	False	10840209	/Game/Maps/world/world_01/World_01_Collection/TreasureBox/TreasureBox04.TreasureBox04	TreasureBox04	TreasureBox04_C	CID
18392875261890955702	DT_Monster_G4_10808	10840208	141496	-42921	12640	0	False	10840208	/Game/Maps/world/world_01/World_01_Collection/TreasureBox/TreasureBox04.TreasureBox04	TreasureBox04	TreasureBox04_C	CID
18392887356518866023	DT_Monster_G4_10807	10840207	159150	-66135	21373	0	False	10840207	/Game/Maps/world/world_01/World_01_Collection/TreasureBox/TreasureBox04.TreasureBox04	TreasureBox04	TreasureBox04_C	CID
18392886257007237812	DT_Monster_G4_10806	10840206	146194	-64266	20711	0	False	10840206	/Game/Maps/world/world_01/World_01_Collection/TreasureBox/TreasureBox04.TreasureBox04	TreasureBox04	TreasureBox04_C	CID
15034813481756379193	DT_Unlock_G2_10809	10820109	154396	-62463	21315	0	False	10820109	/Game/Maps/world/world_01/World_01_Collection/TreasureBox/TreasureBox02.TreasureBox02	TreasureBox02	TreasureBox02_C	CID
12861078783509474918	DT_MiniGame_G5_12031	12031	208917	190806	6475	0	False	12031	/Game/Maps/world/world_01/World_01_Collection/TreasureBox/TreasureBox05.TreasureBox05	TreasureBox05	TreasureBox05_C	CID
18392889555542122445	DT_Monster_G4_10805	10840205	145498	-40862	11421	0	False	10840205	/Game/Maps/world/world_01/World_01_Collection/TreasureBox/TreasureBox04.TreasureBox04	TreasureBox04	TreasureBox04_C	CID
5943719052761105511	DT_MiniGame_G5_11015	11015	148340	108222	4374	0	False	11015	/Game/Maps/world/world_01/World_01_Collection/TreasureBox/TreasureBox05.TreasureBox05	TreasureBox05	TreasureBox05_C	CID
5943717953249477300	DT_MiniGame_G5_11014	11014	55470	213670	7502	0	False	11014	/Game/Maps/world/world_01/World_01_Collection/TreasureBox/TreasureBox05.TreasureBox05	TreasureBox05	TreasureBox05_C	CID
12860235458090826306	DT_MiniGame_G5_12026	12026	83431	145511	5305	0	False	12026	/Game/Maps/world/world_01/World_01_Collection/TreasureBox/TreasureBox05.TreasureBox05	TreasureBox05	TreasureBox05_C	CID
5943716853737849089	DT_MiniGame_G5_11013	11013	10802	149591	5739	0	False	11013	/Game/Maps/world/world_01/World_01_Collection/TreasureBox/TreasureBox05.TreasureBox05	TreasureBox05	TreasureBox05_C	CID
12860237657114082728	DT_MiniGame_G5_12028	12028	47421	-41177	40076	0	False	12028	/Game/Maps/world/world_01/World_01_Collection/TreasureBox/TreasureBox05.TreasureBox05	TreasureBox05	TreasureBox05_C	CID
12860232159555941673	DT_MiniGame_G5_12023	12023	154048	51050	14745	0	False	12023	/Game/Maps/world/world_01/World_01_Collection/TreasureBox/TreasureBox05.TreasureBox05	TreasureBox05	TreasureBox05_C	CID
5943715754226220878	DT_MiniGame_G5_11012	11012	56203	55574	9744	0	False	11012	/Game/Maps/world/world_01/World_01_Collection/TreasureBox/TreasureBox05.TreasureBox05	TreasureBox05	TreasureBox05_C	CID
5943714654714592667	DT_MiniGame_G5_11011	11011	159686	-10889	9402	0	False	11011	/Game/Maps/world/world_01/World_01_Collection/TreasureBox/TreasureBox05.TreasureBox05	TreasureBox05	TreasureBox05_C	CID
13190852972993575553	DT_Unlock_G1_10842	10810142	173138	-57551	12866	0	False	10810142	/Game/Maps/world/world_01/World_01_Collection/TreasureBox/TreasureBox01.TreasureBox01	TreasureBox01	TreasureBox01_C	CID
13190849674458690920	DT_Unlock_G1_10841	10810141	146969	-39619	12971	0	False	10810141	/Game/Maps/world/world_01/World_01_Collection/TreasureBox/TreasureBox01.TreasureBox01	TreasureBox01	TreasureBox01_C	CID
5890580873378626587	DT_Dig_G3_10907	10930507	56903	-43780	24449	0	False	10930507	/Game/Maps/world/world_01/World_01_Collection/TreasureBox/TreasureBox03.TreasureBox03	TreasureBox03	TreasureBox03_C	CID
5890579773866998376	DT_Dig_G3_10906	10930506	67943	-31911	28066	0	False	10930506	/Game/Maps/world/world_01/World_01_Collection/TreasureBox/TreasureBox03.TreasureBox03	TreasureBox03	TreasureBox03_C	CID
5890583072401883009	DT_Dig_G3_10905	10930505	49877	-36155	40718	0	False	10930505	/Game/Maps/world/world_01/World_01_Collection/TreasureBox/TreasureBox03.TreasureBox03	TreasureBox03	TreasureBox03_C	CID
5890581972890254798	DT_Dig_G3_10904	10930504	71857	-51782	39073	0	False	10930504	/Game/Maps/world/world_01/World_01_Collection/TreasureBox/TreasureBox03.TreasureBox03	TreasureBox03	TreasureBox03_C	CID
5890585271425139431	DT_Dig_G3_10903	10930503	43960	-78570	30957	0	False	10930503	/Game/Maps/world/world_01/World_01_Collection/TreasureBox/TreasureBox03.TreasureBox03	TreasureBox03	TreasureBox03_C	CID
5890584171913511220	DT_Dig_G3_10902	10930502	42720	-115450	17511	0	False	10930502	/Game/Maps/world/world_01/World_01_Collection/TreasureBox/TreasureBox03.TreasureBox03	TreasureBox03	TreasureBox03_C	CID
12861083181555987762	DT_MiniGame_G5_12035	12035	299688	168157	19206	0	False	12035	/Game/Maps/world/world_01/World_01_Collection/TreasureBox/TreasureBox05.TreasureBox05	TreasureBox05	TreasureBox05_C	CID
5620756177417557543	DT_Monster_G3_10916	10930216	22031	-51368	33504	0	False	10930216	/Game/Maps/world/world_01/World_01_Collection/TreasureBox/TreasureBox03.TreasureBox03	TreasureBox03	TreasureBox03_C	CID
5620757276929185754	DT_Monster_G3_10915	10930215	38035	-68926	30537	0	False	10930215	/Game/Maps/world/world_01/World_01_Collection/TreasureBox/TreasureBox03.TreasureBox03	TreasureBox03	TreasureBox03_C	CID
5620758376440813965	DT_Monster_G3_10914	10930214	12093	-20139	25755	0	False	10930214	/Game/Maps/world/world_01/World_01_Collection/TreasureBox/TreasureBox03.TreasureBox03	TreasureBox03	TreasureBox03_C	CID
11913037186809525739	DT_Unlock_G2_10713	10720113	215841	-64419	10640	0	False	10720113	/Game/Maps/world/world_01/World_01_Collection/TreasureBox/TreasureBox02.TreasureBox02	TreasureBox02	TreasureBox02_C	CID
5620755077905929332	DT_Monster_G3_10917	10930217	109307	-8114	23274	0	False	10930217	/Game/Maps/world/world_01/World_01_Collection/TreasureBox/TreasureBox03.TreasureBox03	TreasureBox03	TreasureBox03_C	CID
11724437175029628628	DT_Monster_G2_10912	10920212	126578	-44680	25513	0	False	10920212	/Game/Maps/world/world_01/World_01_Collection/TreasureBox/TreasureBox02.TreasureBox02	TreasureBox02	TreasureBox02_C	CID
12862081538114214125	DT_MiniGame_G5_12009	12009	164570	-53590	13078	0	False	12009	/Game/Maps/world/world_01/World_01_Collection/TreasureBox/TreasureBox05.TreasureBox05	TreasureBox05	TreasureBox05_C	CID
714545697714903245	DT_Monster_G2_11017	11020217	176584	205432	4424	0	False	11020217	/Game/Maps/world/world_01/World_01_Collection/TreasureBox/TreasureBox02.TreasureBox02	TreasureBox02	TreasureBox02_C	CID
6090761498309380767	DT_Unlock_G3_10107	10130107	-188159	-175003	43807	0	False	10130107	/Game/Maps/world/world_01/World_01_Collection/TreasureBox/TreasureBox03.TreasureBox03	TreasureBox03	TreasureBox03_C	CID
6090760398797752556	DT_Unlock_G3_10106	10130106	-183598	-175153	44283	0	False	10130106	/Game/Maps/world/world_01/World_01_Collection/TreasureBox/TreasureBox03.TreasureBox03	TreasureBox03	TreasureBox03_C	CID
10603527634044612327	DT_Unlock_G2_10115	10120115	-192849	-170449	43422	0	False	10120115	/Game/Maps/world/world_01/World_01_Collection/TreasureBox/TreasureBox02.TreasureBox02	TreasureBox02	TreasureBox02_C	CID
10603526534532984116	DT_Unlock_G2_10114	10120114	-200026	-174509	40201	0	False	10120114	/Game/Maps/world/world_01/World_01_Collection/TreasureBox/TreasureBox02.TreasureBox02	TreasureBox02	TreasureBox02_C	CID
12862080438602585914	DT_MiniGame_G5_12008	12008	181179	-87522	10261	0	False	12008	/Game/Maps/world/world_01/World_01_Collection/TreasureBox/TreasureBox05.TreasureBox05	TreasureBox05	TreasureBox05_C	CID
12862066144951419171	DT_MiniGame_G5_12007	12007	110716	122119	12546	0	False	12007	/Game/Maps/world/world_01/World_01_Collection/TreasureBox/TreasureBox05.TreasureBox05	TreasureBox05	TreasureBox05_C	CID
12861079883021103129	DT_MiniGame_G5_12030	12030	324615	180787	23913	0	False	12030	/Game/Maps/world/world_01/World_01_Collection/TreasureBox/TreasureBox05.TreasureBox05	TreasureBox05	TreasureBox05_C	CID
13190851873481947342	DT_Unlock_G1_10843	10810143	143691	-37576	15832	0	False	10810143	/Game/Maps/world/world_01/World_01_Collection/TreasureBox/TreasureBox01.TreasureBox01	TreasureBox01	TreasureBox01_C	CID
12862065045439790960	DT_MiniGame_G5_12006	12006	42555	181482	813	0	False	12006	/Game/Maps/world/world_01/World_01_Collection/TreasureBox/TreasureBox05.TreasureBox05	TreasureBox05	TreasureBox05_C	CID
7469555385429240396	DT_MiniGame_G5_13005	13005	151258	45611	20103	0	False	13005	/Game/Maps/world/world_01/World_01_Collection/TreasureBox/TreasureBox05.TreasureBox05	TreasureBox05	TreasureBox05_C	CID
12862068343974675593	DT_MiniGame_G5_12005	12005	212747	15616	15664	0	False	12005	/Game/Maps/world/world_01/World_01_Collection/TreasureBox/TreasureBox05.TreasureBox05	TreasureBox05	TreasureBox05_C	CID
4432688783476145717	DT_Monster_G3_10701	10730201	190007	19770	11287	0	False	10730201	/Game/Maps/world/world_01/World_01_Collection/TreasureBox/TreasureBox03.TreasureBox03	TreasureBox03	TreasureBox03_C	CID
12862067244463047382	DT_MiniGame_G5_12004	12004	63954	-14739	26559	0	False	12004	/Game/Maps/world/world_01/World_01_Collection/TreasureBox/TreasureBox05.TreasureBox05	TreasureBox05	TreasureBox05_C	CID
12862070542997932015	DT_MiniGame_G5_12003	12003	29932	61241	5915	0	False	12003	/Game/Maps/world/world_01/World_01_Collection/TreasureBox/TreasureBox05.TreasureBox05	TreasureBox05	TreasureBox05_C	CID
8199220859338399818	DT_Monster_G3_11035	11030235	238759	193987	10321	0	False	11030235	/Game/Maps/world/world_01/World_01_Collection/TreasureBox/TreasureBox03.TreasureBox03	TreasureBox03	TreasureBox03_C	CID
8037615415656327393	DT_Monster_G4_11006	11040206	194292	208215	7125	0	False	11040206	/Game/Maps/world/world_01/World_01_Collection/TreasureBox/TreasureBox04.TreasureBox04	TreasureBox04	TreasureBox04_C	CID
714543498691646823	DT_Monster_G2_11015	11020215	185625	209401	5060	0	False	11020215	/Game/Maps/world/world_01/World_01_Collection/TreasureBox/TreasureBox02.TreasureBox02	TreasureBox02	TreasureBox02_C	CID
8037612117121442760	DT_Monster_G4_11005	11040205	185430	209316	5060	0	False	11040205	/Game/Maps/world/world_01/World_01_Collection/TreasureBox/TreasureBox04.TreasureBox04	TreasureBox04	TreasureBox04_C	CID
12861082082044359551	DT_MiniGame_G5_12036	12036	241867	220214	4390	0	False	12036	/Game/Maps/world/world_01/World_01_Collection/TreasureBox/TreasureBox05.TreasureBox05	TreasureBox05	TreasureBox05_C	CID
5944554681598356646	DT_MiniGame_G5_11009	11009	28607	41560	18209	0	False	11009	/Game/Maps/world/world_01/World_01_Collection/TreasureBox/TreasureBox05.TreasureBox05	TreasureBox05	TreasureBox05_C	CID
8199221958850028029	DT_Monster_G3_11034	11030234	205175	221428	-607	0	False	11030234	/Game/Maps/world/world_01/World_01_Collection/TreasureBox/TreasureBox03.TreasureBox03	TreasureBox03	TreasureBox03_C	CID
5943713555202964456	DT_MiniGame_G5_11010	11010	97870	11476	19388	0	False	11010	/Game/Maps/world/world_01/World_01_Collection/TreasureBox/TreasureBox05.TreasureBox05	TreasureBox05	TreasureBox05_C	CID
6274506000172018620	DT_Monster_G3_10805	10830205	145701	-43650	19034	0	False	10830205	/Game/Maps/world/world_01/World_01_Collection/TreasureBox/TreasureBox03.TreasureBox03	TreasureBox03	TreasureBox03_C	CID
6274507099683646831	DT_Monster_G3_10804	10830204	151463	-53220	19828	0	False	10830204	/Game/Maps/world/world_01/World_01_Collection/TreasureBox/TreasureBox03.TreasureBox03	TreasureBox03	TreasureBox03_C	CID
18392881858960724968	DT_Monster_G4_10802	10840202	151203	-53330	19828	0	False	10840202	/Game/Maps/world/world_01/World_01_Collection/TreasureBox/TreasureBox04.TreasureBox04	TreasureBox04	TreasureBox04_C	CID
15034812382244750982	DT_Unlock_G2_10808	10820108	147322	-42868	17558	0	False	10820108	/Game/Maps/world/world_01/World_01_Collection/TreasureBox/TreasureBox02.TreasureBox02	TreasureBox02	TreasureBox02_C	CID
15034824476872661303	DT_Unlock_G2_10807	10820107	141514	-42064	17448	0	False	10820107	/Game/Maps/world/world_01/World_01_Collection/TreasureBox/TreasureBox02.TreasureBox02	TreasureBox02	TreasureBox02_C	CID
13191699596947108798	DT_Unlock_G1_10836	10810136	150280	-40083	18229	0	False	10810136	/Game/Maps/world/world_01/World_01_Collection/TreasureBox/TreasureBox01.TreasureBox01	TreasureBox01	TreasureBox01_C	CID
13191698497435480587	DT_Unlock_G1_10835	10810135	136424	-2245	11933	0	False	10810135	/Game/Maps/world/world_01/World_01_Collection/TreasureBox/TreasureBox01.TreasureBox01	TreasureBox01	TreasureBox01_C	CID
13191697397923852376	DT_Unlock_G1_10834	10810134	139159	4399	10679	0	False	10810134	/Game/Maps/world/world_01/World_01_Collection/TreasureBox/TreasureBox01.TreasureBox01	TreasureBox01	TreasureBox01_C	CID
15034823377361033092	DT_Unlock_G2_10806	10820106	198690	-85606	16801	0	False	10820106	/Game/Maps/world/world_01/World_01_Collection/TreasureBox/TreasureBox02.TreasureBox02	TreasureBox02	TreasureBox02_C	CID
11070662063507718698	DT_Monster_G2_10806	10820206	181227	-20372	1372	0	False	10820206	/Game/Maps/world/world_01/World_01_Collection/TreasureBox/TreasureBox02.TreasureBox02	TreasureBox02	TreasureBox02_C	CID
13191705094505249853	DT_Unlock_G1_10833	10810133	178811	-1203	-2213	0	False	10810133	/Game/Maps/world/world_01/World_01_Collection/TreasureBox/TreasureBox01.TreasureBox01	TreasureBox01	TreasureBox01_C	CID
13191703994993621642	DT_Unlock_G1_10832	10810132	150549	-63394	22564	0	False	10810132	/Game/Maps/world/world_01/World_01_Collection/TreasureBox/TreasureBox01.TreasureBox01	TreasureBox01	TreasureBox01_C	CID
15034826675895917725	DT_Unlock_G2_10805	10820105	152399	-69658	25314	0	False	10820105	/Game/Maps/world/world_01/World_01_Collection/TreasureBox/TreasureBox02.TreasureBox02	TreasureBox02	TreasureBox02_C	CID
18392885157495609601	DT_Monster_G4_10801	10840201	178358	-11127	595	0	False	10840201	/Game/Maps/world/world_01/World_01_Collection/TreasureBox/TreasureBox04.TreasureBox04	TreasureBox04	TreasureBox04_C	CID
11070660963996090487	DT_Monster_G2_10805	10820205	163092	-14045	-1181	0	False	10820205	/Game/Maps/world/world_01/World_01_Collection/TreasureBox/TreasureBox02.TreasureBox02	TreasureBox02	TreasureBox02_C	CID
11677601081611165628	DT_Unlock_G3_10807	10830107	192519	-2447	-1150	0	False	10830107	/Game/Maps/world/world_01/World_01_Collection/TreasureBox/TreasureBox03.TreasureBox03	TreasureBox03	TreasureBox03_C	CID
11677602181122793839	DT_Unlock_G3_10806	10830106	176618	-19683	973	0	False	10830106	/Game/Maps/world/world_01/World_01_Collection/TreasureBox/TreasureBox03.TreasureBox03	TreasureBox03	TreasureBox03_C	CID
11677603280634422050	DT_Unlock_G3_10805	10830105	177162	-977	1602	0	False	10830105	/Game/Maps/world/world_01/World_01_Collection/TreasureBox/TreasureBox03.TreasureBox03	TreasureBox03	TreasureBox03_C	CID
13191702895481993431	DT_Unlock_G1_10831	10810131	175957	-772	-2194	0	False	10810131	/Game/Maps/world/world_01/World_01_Collection/TreasureBox/TreasureBox01.TreasureBox01	TreasureBox01	TreasureBox01_C	CID
13191701795970365220	DT_Unlock_G1_10830	10810130	193670	-8789	-1222	0	False	10810130	/Game/Maps/world/world_01/World_01_Collection/TreasureBox/TreasureBox01.TreasureBox01	TreasureBox01	TreasureBox01_C	CID
15034825576384289514	DT_Unlock_G2_10804	10820104	191221	-9646	-1174	0	False	10820104	/Game/Maps/world/world_01/World_01_Collection/TreasureBox/TreasureBox02.TreasureBox02	TreasureBox02	TreasureBox02_C	CID
13192683659854168418	DT_Unlock_G1_10829	10810129	185045	380	-2207	0	False	10810129	/Game/Maps/world/world_01/World_01_Collection/TreasureBox/TreasureBox01.TreasureBox01	TreasureBox01	TreasureBox01_C	CID
13192684759365796629	DT_Unlock_G1_10828	10810128	190417	-86944	13525	0	False	10810128	/Game/Maps/world/world_01/World_01_Collection/TreasureBox/TreasureBox01.TreasureBox01	TreasureBox01	TreasureBox01_C	CID
13192685858877424840	DT_Unlock_G1_10827	10810127	166623	-22041	-2225	0	False	10810127	/Game/Maps/world/world_01/World_01_Collection/TreasureBox/TreasureBox01.TreasureBox01	TreasureBox01	TreasureBox01_C	CID
13192686958389053051	DT_Unlock_G1_10826	10810126	169050	-20833	-2210	0	False	10810126	/Game/Maps/world/world_01/World_01_Collection/TreasureBox/TreasureBox01.TreasureBox01	TreasureBox01	TreasureBox01_C	CID
6274503801148762198	DT_Monster_G3_10803	10830203	174004	-12890	-1035	0	False	10830203	/Game/Maps/world/world_01/World_01_Collection/TreasureBox/TreasureBox03.TreasureBox03	TreasureBox03	TreasureBox03_C	CID
6274504900660390409	DT_Monster_G3_10802	10830202	171637	-19033	-1143	0	False	10830202	/Game/Maps/world/world_01/World_01_Collection/TreasureBox/TreasureBox03.TreasureBox03	TreasureBox03	TreasureBox03_C	CID
5945551938644954798	DT_MiniGame_G5_11034	11034	314016	73721	30810	0	False	11034	/Game/Maps/world/world_01/World_01_Collection/TreasureBox/TreasureBox05.TreasureBox05	TreasureBox05	TreasureBox05_C	CID
5945555237179839431	DT_MiniGame_G5_11033	11033	275213	111404	11134	0	False	11033	/Game/Maps/world/world_01/World_01_Collection/TreasureBox/TreasureBox05.TreasureBox05	TreasureBox05	TreasureBox05_C	CID
5945554137668211220	DT_MiniGame_G5_11032	11032	207788	40503	14265	0	False	11032	/Game/Maps/world/world_01/World_01_Collection/TreasureBox/TreasureBox05.TreasureBox05	TreasureBox05	TreasureBox05_C	CID
11070659864484462276	DT_Monster_G2_10804	10820204	168273	-11030	-1172	0	False	10820204	/Game/Maps/world/world_01/World_01_Collection/TreasureBox/TreasureBox02.TreasureBox02	TreasureBox02	TreasureBox02_C	CID
11070658764972834065	DT_Monster_G2_10803	10820203	171875	-5411	-888	0	False	10820203	/Game/Maps/world/world_01/World_01_Collection/TreasureBox/TreasureBox02.TreasureBox02	TreasureBox02	TreasureBox02_C	CID
11070657665461205854	DT_Monster_G2_10802	10820202	176751	-1506	-723	0	False	10820202	/Game/Maps/world/world_01/World_01_Collection/TreasureBox/TreasureBox02.TreasureBox02	TreasureBox02	TreasureBox02_C	CID
13192688057900681262	DT_Unlock_G1_10825	10810125	188790	-11647	-2211	0	False	10810125	/Game/Maps/world/world_01/World_01_Collection/TreasureBox/TreasureBox01.TreasureBox01	TreasureBox01	TreasureBox01_C	CID
5945557436203095853	DT_MiniGame_G5_11031	11031	271715	71890	27393	0	False	11031	/Game/Maps/world/world_01/World_01_Collection/TreasureBox/TreasureBox05.TreasureBox05	TreasureBox05	TreasureBox05_C	CID
5945556336691467642	DT_MiniGame_G5_11030	11030	277282	167863	5199	0	False	11030	/Game/Maps/world/world_01/World_01_Collection/TreasureBox/TreasureBox05.TreasureBox05	TreasureBox05	TreasureBox05_C	CID
5946520608389219464	DT_MiniGame_G5_11029	11029	272219	186800	7918	0	False	11029	/Game/Maps/world/world_01/World_01_Collection/TreasureBox/TreasureBox05.TreasureBox05	TreasureBox05	TreasureBox05_C	CID
5946521707900847675	DT_MiniGame_G5_11028	11028	228558	205127	13969	0	False	11028	/Game/Maps/world/world_01/World_01_Collection/TreasureBox/TreasureBox05.TreasureBox05	TreasureBox05	TreasureBox05_C	CID
5946518409365963042	DT_MiniGame_G5_11027	11027	325921	180776	26911	0	False	11027	/Game/Maps/world/world_01/World_01_Collection/TreasureBox/TreasureBox05.TreasureBox05	TreasureBox05	TreasureBox05_C	CID
5946519508877591253	DT_MiniGame_G5_11026	11026	250183	122539	11894	0	False	11026	/Game/Maps/world/world_01/World_01_Collection/TreasureBox/TreasureBox05.TreasureBox05	TreasureBox05	TreasureBox05_C	CID
5946516210342706620	DT_MiniGame_G5_11025	11025	199122	200240	7923	0	False	11025	/Game/Maps/world/world_01/World_01_Collection/TreasureBox/TreasureBox05.TreasureBox05	TreasureBox05	TreasureBox05_C	CID
5946517309854334831	DT_MiniGame_G5_11024	11024	154397	122542	3751	0	False	11024	/Game/Maps/world/world_01/World_01_Collection/TreasureBox/TreasureBox05.TreasureBox05	TreasureBox05	TreasureBox05_C	CID
15271949988944148337	DT_Monster_G4_10706	10740206	235909	17440	11806	0	False	10740206	/Game/Maps/world/world_01/World_01_Collection/TreasureBox/TreasureBox04.TreasureBox04	TreasureBox04	TreasureBox04_C	CID
15271946690409263704	DT_Monster_G4_10705	10740205	207254	32767	13696	0	False	10740205	/Game/Maps/world/world_01/World_01_Collection/TreasureBox/TreasureBox04.TreasureBox04	TreasureBox04	TreasureBox04_C	CID
4433539805476191806	DT_Monster_G3_10713	10730213	218701	-62651	9951	0	False	10730213	/Game/Maps/world/world_01/World_01_Collection/TreasureBox/TreasureBox03.TreasureBox03	TreasureBox03	TreasureBox03_C	CID
4433529909871537907	DT_Monster_G3_10718	10730218	225702	26922	14482	0	False	10730218	/Game/Maps/world/world_01/World_01_Collection/TreasureBox/TreasureBox03.TreasureBox03	TreasureBox03	TreasureBox03_C	CID
4433544203522704650	DT_Monster_G3_10717	10730217	225262	16745	12499	0	False	10730217	/Game/Maps/world/world_01/World_01_Collection/TreasureBox/TreasureBox03.TreasureBox03	TreasureBox03	TreasureBox03_C	CID
15598984871488349689	DT_Dig_G3_10703	10730503	223172	23134	13459	0	False	10730503	/Game/Maps/world/world_01/World_01_Collection/TreasureBox/TreasureBox03.TreasureBox03	TreasureBox03	TreasureBox03_C	CID
5946512911807821987	DT_MiniGame_G5_11020	11020	147051	42783	24597	0	False	11020	/Game/Maps/world/world_01/World_01_Collection/TreasureBox/TreasureBox05.TreasureBox05	TreasureBox05	TreasureBox05_C	CID
6299137178927212309	DT_Unlock_G1_10712	10710112	207270	-33786	9513	0	False	10710112	/Game/Maps/world/world_01/World_01_Collection/TreasureBox/TreasureBox01.TreasureBox01	TreasureBox01	TreasureBox01_C	CID
7277833834227450863	DT_Unlock_G3_10701	10730101	224938	-55269	30709	0	False	10730101	/Game/Maps/world/world_01/World_01_Collection/TreasureBox/TreasureBox03.TreasureBox03	TreasureBox03	TreasureBox03_C	CID
6299133880392327676	DT_Unlock_G1_10711	10710111	226109	-47654	24611	0	False	10710111	/Game/Maps/world/world_01/World_01_Collection/TreasureBox/TreasureBox01.TreasureBox01	TreasureBox01	TreasureBox01_C	CID
11914028946297982836	DT_Unlock_G2_10701	10720101	213370	-54535	22645	0	False	10720101	/Game/Maps/world/world_01/World_01_Collection/TreasureBox/TreasureBox02.TreasureBox02	TreasureBox02	TreasureBox02_C	CID
13192689157412309473	DT_Unlock_G1_10824	10810124	184585	-19739	-1701	0	False	10810124	/Game/Maps/world/world_01/World_01_Collection/TreasureBox/TreasureBox01.TreasureBox01	TreasureBox01	TreasureBox01_C	CID
15034820078826148459	DT_Unlock_G2_10803	10820103	177891	-27650	704	0	False	10820103	/Game/Maps/world/world_01/World_01_Collection/TreasureBox/TreasureBox02.TreasureBox02	TreasureBox02	TreasureBox02_C	CID
13192690256923937684	DT_Unlock_G1_10823	10810123	159837	-23489	3011	0	False	10810123	/Game/Maps/world/world_01/World_01_Collection/TreasureBox/TreasureBox01.TreasureBox01	TreasureBox01	TreasureBox01_C	CID
15034818979314520248	DT_Unlock_G2_10802	10820102	140451	-37563	11828	0	False	10820102	/Game/Maps/world/world_01/World_01_Collection/TreasureBox/TreasureBox02.TreasureBox02	TreasureBox02	TreasureBox02_C	CID
15034822277849404881	DT_Unlock_G2_10801	10820101	139203	-36909	16668	0	False	10820101	/Game/Maps/world/world_01/World_01_Collection/TreasureBox/TreasureBox02.TreasureBox02	TreasureBox02	TreasureBox02_C	CID
11070656565949577643	DT_Monster_G2_10801	10820201	155986	-2168	8589	0	False	10820201	/Game/Maps/world/world_01/World_01_Collection/TreasureBox/TreasureBox02.TreasureBox02	TreasureBox02	TreasureBox02_C	CID
6274501602125505776	DT_Monster_G3_10801	10830201	135757	-26037	14608	0	False	10830201	/Game/Maps/world/world_01/World_01_Collection/TreasureBox/TreasureBox03.TreasureBox03	TreasureBox03	TreasureBox03_C	CID
11677604380146050261	DT_Unlock_G3_10804	10830104	176655	-25708	6353	0	False	10830104	/Game/Maps/world/world_01/World_01_Collection/TreasureBox/TreasureBox03.TreasureBox03	TreasureBox03	TreasureBox03_C	CID
11677596683564652784	DT_Unlock_G3_10803	10830103	152620	-53066	18002	0	False	10830103	/Game/Maps/world/world_01/World_01_Collection/TreasureBox/TreasureBox03.TreasureBox03	TreasureBox03	TreasureBox03_C	CID
11677597783076280995	DT_Unlock_G3_10802	10830102	148224	-69127	21074	0	False	10830102	/Game/Maps/world/world_01/World_01_Collection/TreasureBox/TreasureBox03.TreasureBox03	TreasureBox03	TreasureBox03_C	CID
11677598882587909206	DT_Unlock_G3_10801	10830101	145265	-31928	17358	0	False	10830101	/Game/Maps/world/world_01/World_01_Collection/TreasureBox/TreasureBox03.TreasureBox03	TreasureBox03	TreasureBox03_C	CID
13825517006500940740	DT_Key_G4_10704	10740304	197679	-27618	13890	0	False	10740304	/Game/Maps/world/world_01/World_01_Collection/TreasureBox/TreasureBox04Key.TreasureBox04Key	TreasureBox04Key	TreasureBox04Key_C	CID
13825515906989312529	DT_Key_G4_10703	10740303	199671	-23853	13890	0	False	10740303	/Game/Maps/world/world_01/World_01_Collection/TreasureBox/TreasureBox04Key.TreasureBox04Key	TreasureBox04Key	TreasureBox04Key_C	CID
13825514807477684318	DT_Key_G4_10702	10740302	209127	-30658	12503	0	False	10740302	/Game/Maps/world/world_01/World_01_Collection/TreasureBox/TreasureBox04Key.TreasureBox04Key	TreasureBox04Key	TreasureBox04Key_C	CID
13825513707966056107	DT_Key_G4_10701	10740301	218335	-33297	13682	0	False	10740301	/Game/Maps/world/world_01/World_01_Collection/TreasureBox/TreasureBox04Key.TreasureBox04Key	TreasureBox04Key	TreasureBox04Key_C	CID
6299134979903955887	DT_Unlock_G1_10710	10710110	227225	-34622	11804	0	False	10710110	/Game/Maps/world/world_01/World_01_Collection/TreasureBox/TreasureBox01.TreasureBox01	TreasureBox01	TreasureBox01_C	CID
6298153116020152689	DT_Unlock_G1_10709	10710109	223307	-33996	11457	0	False	10710109	/Game/Maps/world/world_01/World_01_Collection/TreasureBox/TreasureBox01.TreasureBox01	TreasureBox01	TreasureBox01_C	CID
6298152016508524478	DT_Unlock_G1_10708	10710108	217626	-33647	11457	0	False	10710108	/Game/Maps/world/world_01/World_01_Collection/TreasureBox/TreasureBox01.TreasureBox01	TreasureBox01	TreasureBox01_C	CID
6298146518950383423	DT_Unlock_G1_10707	10710107	204552	-36482	7501	0	False	10710107	/Game/Maps/world/world_01/World_01_Collection/TreasureBox/TreasureBox01.TreasureBox01	TreasureBox01	TreasureBox01_C	CID
6298145419438755212	DT_Unlock_G1_10706	10710106	217183	-25026	4847	0	False	10710106	/Game/Maps/world/world_01/World_01_Collection/TreasureBox/TreasureBox01.TreasureBox01	TreasureBox01	TreasureBox01_C	CID
6298148717973639845	DT_Unlock_G1_10705	10710105	214703	-22194	4942	0	False	10710105	/Game/Maps/world/world_01/World_01_Collection/TreasureBox/TreasureBox01.TreasureBox01	TreasureBox01	TreasureBox01_C	CID
6298147618462011634	DT_Unlock_G1_10704	10710104	201043	12012	6605	0	False	10710104	/Game/Maps/world/world_01/World_01_Collection/TreasureBox/TreasureBox01.TreasureBox01	TreasureBox01	TreasureBox01_C	CID
13192691356435565895	DT_Unlock_G1_10822	10810122	132487	-11491	11932	0	False	10810122	/Game/Maps/world/world_01/World_01_Collection/TreasureBox/TreasureBox01.TreasureBox01	TreasureBox01	TreasureBox01_C	CID
13192692455947194106	DT_Unlock_G1_10821	10810121	151518	-26200	13696	0	False	10810121	/Game/Maps/world/world_01/World_01_Collection/TreasureBox/TreasureBox01.TreasureBox01	TreasureBox01	TreasureBox01_C	CID
13192693555458822317	DT_Unlock_G1_10820	10810120	150758	-68921	23754	0	False	10810120	/Game/Maps/world/world_01/World_01_Collection/TreasureBox/TreasureBox01.TreasureBox01	TreasureBox01	TreasureBox01_C	CID
13193660026179830561	DT_Unlock_G1_10819	10810119	146961	-38838	17430	0	False	10810119	/Game/Maps/world/world_01/World_01_Collection/TreasureBox/TreasureBox01.TreasureBox01	TreasureBox01	TreasureBox01_C	CID
13193658926668202350	DT_Unlock_G1_10818	10810118	147595	-36368	16778	0	False	10810118	/Game/Maps/world/world_01/World_01_Collection/TreasureBox/TreasureBox01.TreasureBox01	TreasureBox01	TreasureBox01_C	CID
13193653429110061295	DT_Unlock_G1_10817	10810117	180331	-23749	-269	0	False	10810117	/Game/Maps/world/world_01/World_01_Collection/TreasureBox/TreasureBox01.TreasureBox01	TreasureBox01	TreasureBox01_C	CID
13193652329598433084	DT_Unlock_G1_10816	10810116	183169	-69061	15188	0	False	10810116	/Game/Maps/world/world_01/World_01_Collection/TreasureBox/TreasureBox01.TreasureBox01	TreasureBox01	TreasureBox01_C	CID
13193655628133317717	DT_Unlock_G1_10815	10810115	176579	-26653	-1795	0	False	10810115	/Game/Maps/world/world_01/World_01_Collection/TreasureBox/TreasureBox01.TreasureBox01	TreasureBox01	TreasureBox01_C	CID
13193654528621689506	DT_Unlock_G1_10814	10810114	166055	-7853	-1814	0	False	10810114	/Game/Maps/world/world_01/World_01_Collection/TreasureBox/TreasureBox01.TreasureBox01	TreasureBox01	TreasureBox01_C	CID
13193649031063548451	DT_Unlock_G1_10813	10810113	176638	-15896	-2205	0	False	10810113	/Game/Maps/world/world_01/World_01_Collection/TreasureBox/TreasureBox01.TreasureBox01	TreasureBox01	TreasureBox01_C	CID
13193647931551920240	DT_Unlock_G1_10812	10810112	192911	4586	-1220	0	False	10810112	/Game/Maps/world/world_01/World_01_Collection/TreasureBox/TreasureBox01.TreasureBox01	TreasureBox01	TreasureBox01_C	CID
13193651230086804873	DT_Unlock_G1_10811	10810111	157922	-11172	10657	0	False	10810111	/Game/Maps/world/world_01/World_01_Collection/TreasureBox/TreasureBox01.TreasureBox01	TreasureBox01	TreasureBox01_C	CID
13193650130575176662	DT_Unlock_G1_10810	10810110	189881	-7924	-2186	0	False	10810110	/Game/Maps/world/world_01/World_01_Collection/TreasureBox/TreasureBox01.TreasureBox01	TreasureBox01	TreasureBox01_C	CID
12861077683997846707	DT_MiniGame_G5_12032	12032	241007	154726	9819	0	False	12032	/Game/Maps/world/world_01/World_01_Collection/TreasureBox/TreasureBox05.TreasureBox05	TreasureBox05	TreasureBox05_C	CID
13194649586645031236	DT_Unlock_G1_10809	10810109	151340	-65823	24556	0	False	10810109	/Game/Maps/world/world_01/World_01_Collection/TreasureBox/TreasureBox01.TreasureBox01	TreasureBox01	TreasureBox01_C	CID
13194650686156659447	DT_Unlock_G1_10808	10810108	154572	-69487	22954	0	False	10810108	/Game/Maps/world/world_01/World_01_Collection/TreasureBox/TreasureBox01.TreasureBox01	TreasureBox01	TreasureBox01_C	CID
13194638591528749126	DT_Unlock_G1_10807	10810107	143847	-38289	16581	0	False	10810107	/Game/Maps/world/world_01/World_01_Collection/TreasureBox/TreasureBox01.TreasureBox01	TreasureBox01	TreasureBox01_C	CID
13194639691040377337	DT_Unlock_G1_10806	10810106	143664	-38953	17385	0	False	10810106	/Game/Maps/world/world_01/World_01_Collection/TreasureBox/TreasureBox01.TreasureBox01	TreasureBox01	TreasureBox01_C	CID
13194636392505492704	DT_Unlock_G1_10805	10810105	140953	-42391	13662	0	False	10810105	/Game/Maps/world/world_01/World_01_Collection/TreasureBox/TreasureBox01.TreasureBox01	TreasureBox01	TreasureBox01_C	CID
13194640790552005548	DT_Unlock_G1_10801	10810101	144960	-9094	10300	0	False	10810101	/Game/Maps/world/world_01/World_01_Collection/TreasureBox/TreasureBox01.TreasureBox01	TreasureBox01	TreasureBox01_C	CID
13194637492017120915	DT_Unlock_G1_10804	10810104	143787	-37730	18239	0	False	10810104	/Game/Maps/world/world_01/World_01_Collection/TreasureBox/TreasureBox01.TreasureBox01	TreasureBox01	TreasureBox01_C	CID
13194644089086890181	DT_Unlock_G1_10802	10810102	144840	-25479	15459	0	False	10810102	/Game/Maps/world/world_01/World_01_Collection/TreasureBox/TreasureBox01.TreasureBox01	TreasureBox01	TreasureBox01_C	CID
6298142120903870579	DT_Unlock_G1_10703	10710103	210077	21293	15900	0	False	10710103	/Game/Maps/world/world_01/World_01_Collection/TreasureBox/TreasureBox01.TreasureBox01	TreasureBox01	TreasureBox01_C	CID
6298141021392242368	DT_Unlock_G1_10702	10710102	178896	16153	10637	0	False	10710102	/Game/Maps/world/world_01/World_01_Collection/TreasureBox/TreasureBox01.TreasureBox01	TreasureBox01	TreasureBox01_C	CID
13194642989575261970	DT_Unlock_G1_10803	10810103	144056	-42831	18234	0	False	10810103	/Game/Maps/world/world_01/World_01_Collection/TreasureBox/TreasureBox01.TreasureBox01	TreasureBox01	TreasureBox01_C	CID
6298144319927127001	DT_Unlock_G1_10701	10710101	174605	22826	11101	0	False	10710101	/Game/Maps/world/world_01/World_01_Collection/TreasureBox/TreasureBox01.TreasureBox01	TreasureBox01	TreasureBox01_C	CID
10538346702995361730	DT_Monster_G2_10709	10720209	227280	-60206	18303	0	False	10720209	/Game/Maps/world/world_01/World_01_Collection/TreasureBox/TreasureBox02.TreasureBox02	TreasureBox02	TreasureBox02_C	CID
12865862758602874854	DT_MiniGame_G5_12040	12040	210950	114080	1161	0	False	12040	/Game/Maps/world/world_01/World_01_Collection/TreasureBox/TreasureBox05.TreasureBox05	TreasureBox05	TreasureBox05_C	CID
12860234358579198095	DT_MiniGame_G5_12025	12025	110566	150325	9550	0	False	12025	/Game/Maps/world/world_01/World_01_Collection/TreasureBox/TreasureBox05.TreasureBox05	TreasureBox05	TreasureBox05_C	CID
8037607719074929916	DT_Monster_G4_11009	11040209	299905	196875	3559	0	False	11040209	/Game/Maps/world/world_01/World_01_Collection/TreasureBox/TreasureBox04.TreasureBox04	TreasureBox04	TreasureBox04_C	CID
8037608818586558127	DT_Monster_G4_11008	11040208	253305	182108	7854	0	False	11040208	/Game/Maps/world/world_01/World_01_Collection/TreasureBox/TreasureBox04.TreasureBox04	TreasureBox04	TreasureBox04_C	CID
4433543104011076439	DT_Monster_G3_10714	10730214	213460	10340	9637	0	False	10730214	/Game/Maps/world/world_01/World_01_Collection/TreasureBox/TreasureBox04.TreasureBox04	TreasureBox04	TreasureBox04_C	CID
10537360441065045688	DT_Monster_G2_10714	10720214	230847	4389	8100	0	False	10720214	/Game/Maps/world/world_01/World_01_Collection/TreasureBox/TreasureBox02.TreasureBox02	TreasureBox02	TreasureBox02_C	CID
10537368137646443165	DT_Monster_G2_10713	10720213	234281	2063	8269	0	False	10720213	/Game/Maps/world/world_01/World_01_Collection/TreasureBox/TreasureBox02.TreasureBox02	TreasureBox02	TreasureBox02_C	CID
10537367038134814954	DT_Monster_G2_10712	10720212	240232	53	9047	0	False	10720212	/Game/Maps/world/world_01/World_01_Collection/TreasureBox/TreasureBox02.TreasureBox02	TreasureBox02	TreasureBox02_C	CID
10537365938623186743	DT_Monster_G2_10711	10720211	244363	4244	9104	0	False	10720211	/Game/Maps/world/world_01/World_01_Collection/TreasureBox/TreasureBox02.TreasureBox02	TreasureBox02	TreasureBox02_C	CID
10537364839111558532	DT_Monster_G2_10710	10720210	239127	-31748	17476	0	False	10720210	/Game/Maps/world/world_01/World_01_Collection/TreasureBox/TreasureBox02.TreasureBox02	TreasureBox02	TreasureBox02_C	CID
11913043783879295005	DT_Unlock_G2_10715	10720115	220514	-56284	10331	0	False	10720115	/Game/Maps/world/world_01/World_01_Collection/TreasureBox/TreasureBox02.TreasureBox02	TreasureBox02	TreasureBox02_C	CID
11913042684367666794	DT_Unlock_G2_10714	10720114	217259	7567	11208	0	False	10720114	/Game/Maps/world/world_01/World_01_Collection/TreasureBox/TreasureBox02.TreasureBox02	TreasureBox02	TreasureBox02_C	CID
6297185545787516234	DT_Unlock_G1_10731	10710131	250138	2579	11009	0	False	10710131	/Game/Maps/world/world_01/World_01_Collection/TreasureBox/TreasureBox01.TreasureBox01	TreasureBox01	TreasureBox01_C	CID
6297186645299144445	DT_Unlock_G1_10730	10710130	217858	-56685	10330	0	False	10710130	/Game/Maps/world/world_01/World_01_Collection/TreasureBox/TreasureBox01.TreasureBox01	TreasureBox01	TreasureBox01_C	CID
12862072742021188437	DT_MiniGame_G5_12001	12001	16280	120532	415	0	False	12001	/Game/Maps/world/world_01/World_01_Collection/TreasureBox/TreasureBox05.TreasureBox05	TreasureBox05	TreasureBox05_C	CID
12861087579602500606	DT_MiniGame_G5_12039	12039	125867	96809	9071	0	False	12039	/Game/Maps/world/world_01/World_01_Collection/TreasureBox/TreasureBox05.TreasureBox05	TreasureBox05	TreasureBox05_C	CID
6727237797785228689	DT_Dig_G2_10702	10720502	211410	-23400	10385	0	False	10720502	/Game/Maps/world/world_01/World_01_Collection/TreasureBox/TreasureBox02.TreasureBox02	TreasureBox02	TreasureBox02_C	CID
9964692483819263560	DT_Dig_G5_10702	10710132	266075	-21563	23744	0	False	10710132	/Game/Maps/world/world_01/World_01_Collection/TreasureBox/TreasureBox01.TreasureBox01	TreasureBox01	TreasureBox01_C	CID
12860236557602454517	DT_MiniGame_G5_12027	12027	70864	-49548	39382	0	False	12027	/Game/Maps/world/world_01/World_01_Collection/TreasureBox/TreasureBox05.TreasureBox05	TreasureBox05	TreasureBox05_C	CID
11071649424949662951	DT_Monster_G2_10816	10820216	150964	-53256	19828	0	False	10820216	/Game/Maps/world/world_01/World_01_Collection/TreasureBox/TreasureBox02.TreasureBox02	TreasureBox02	TreasureBox02_C	CID
8198372036361610151	DT_Monster_G3_11025	11030225	263470	186284	1476	0	False	11030225	/Game/Maps/world/world_01/World_01_Collection/TreasureBox/TreasureBox03.TreasureBox03	TreasureBox03	TreasureBox03_C	CID
8198370936849981940	DT_Monster_G3_11024	11030224	265745	214227	2612	0	False	11030224	/Game/Maps/world/world_01/World_01_Collection/TreasureBox/TreasureBox03.TreasureBox03	TreasureBox03	TreasureBox03_C	CID
8198369837338353729	DT_Monster_G3_11023	11030223	256488	230167	2759	0	False	11030223	/Game/Maps/world/world_01/World_01_Collection/TreasureBox/TreasureBox03.TreasureBox03	TreasureBox03	TreasureBox03_C	CID
8198368737826725518	DT_Monster_G3_11022	11030222	188613	172412	7042	0	False	11030222	/Game/Maps/world/world_01/World_01_Collection/TreasureBox/TreasureBox03.TreasureBox03	TreasureBox03	TreasureBox03_C	CID
8198367638315097307	DT_Monster_G3_11021	11030221	188363	175536	8402	0	False	11030221	/Game/Maps/world/world_01/World_01_Collection/TreasureBox/TreasureBox03.TreasureBox03	TreasureBox03	TreasureBox03_C	CID
8198366538803469096	DT_Monster_G3_11020	11030220	177042	179297	8104	0	False	11030220	/Game/Maps/world/world_01/World_01_Collection/TreasureBox/TreasureBox03.TreasureBox03	TreasureBox03	TreasureBox03_C	CID
8201173591989724104	DT_Monster_G3_11019	11030219	178017	186647	8159	0	False	11030219	/Game/Maps/world/world_01/World_01_Collection/TreasureBox/TreasureBox03.TreasureBox03	TreasureBox03	TreasureBox03_C	CID
8201174691501352315	DT_Monster_G3_11018	11030218	201338	190912	6109	0	False	11030218	/Game/Maps/world/world_01/World_01_Collection/TreasureBox/TreasureBox03.TreasureBox03	TreasureBox03	TreasureBox03_C	CID
8201171392966467682	DT_Monster_G3_11017	11030217	197204	182038	6837	0	False	11030217	/Game/Maps/world/world_01/World_01_Collection/TreasureBox/TreasureBox03.TreasureBox03	TreasureBox03	TreasureBox03_C	CID
8201172492478095893	DT_Monster_G3_11016	11030216	189245	205582	2273	0	False	11030216	/Game/Maps/world/world_01/World_01_Collection/TreasureBox/TreasureBox03.TreasureBox03	TreasureBox03	TreasureBox03_C	CID
8201169193943211260	DT_Monster_G3_11015	11030215	184572	211000	5975	0	False	11030215	/Game/Maps/world/world_01/World_01_Collection/TreasureBox/TreasureBox03.TreasureBox03	TreasureBox03	TreasureBox03_C	CID
8201170293454839471	DT_Monster_G3_11014	11030214	186412	207181	6044	0	False	11030214	/Game/Maps/world/world_01/World_01_Collection/TreasureBox/TreasureBox03.TreasureBox03	TreasureBox03	TreasureBox03_C	CID
8201166994919954838	DT_Monster_G3_11013	11030213	194237	208346	7113	0	False	11030213	/Game/Maps/world/world_01/World_01_Collection/TreasureBox/TreasureBox03.TreasureBox03	TreasureBox03	TreasureBox03_C	CID
8201168094431583049	DT_Monster_G3_11012	11030212	220157	212526	738	0	False	11030212	/Game/Maps/world/world_01/World_01_Collection/TreasureBox/TreasureBox03.TreasureBox03	TreasureBox03	TreasureBox03_C	CID
13825520305035825373	DT_Key_G4_10707	10740307	201827	-48506	17542	0	False	10740307	/Game/Maps/world/world_01/World_01_Collection/TreasureBox/TreasureBox04Key.TreasureBox04Key	TreasureBox04Key	TreasureBox04Key_C	CID
8201164795896698416	DT_Monster_G3_11011	11030211	294333	180982	6144	0	False	11030211	/Game/Maps/world/world_01/World_01_Collection/TreasureBox/TreasureBox03.TreasureBox03	TreasureBox03	TreasureBox03_C	CID
8201165895408326627	DT_Monster_G3_11010	11030210	290557	195035	2682	0	False	11030210	/Game/Maps/world/world_01/World_01_Collection/TreasureBox/TreasureBox03.TreasureBox03	TreasureBox03	TreasureBox03_C	CID
8200201623710574805	DT_Monster_G3_11009	11030209	295754	206422	4389	0	False	11030209	/Game/Maps/world/world_01/World_01_Collection/TreasureBox/TreasureBox03.TreasureBox03	TreasureBox03	TreasureBox03_C	CID
8200200524198946594	DT_Monster_G3_11008	11030208	270812	183796	6612	0	False	11030208	/Game/Maps/world/world_01/World_01_Collection/TreasureBox/TreasureBox03.TreasureBox03	TreasureBox03	TreasureBox03_C	CID
8200203822733831227	DT_Monster_G3_11007	11030207	273116	189966	6920	0	False	11030207	/Game/Maps/world/world_01/World_01_Collection/TreasureBox/TreasureBox03.TreasureBox03	TreasureBox03	TreasureBox03_C	CID
8200202723222203016	DT_Monster_G3_11006	11030206	227027	182877	9715	0	False	11030206	/Game/Maps/world/world_01/World_01_Collection/TreasureBox/TreasureBox03.TreasureBox03	TreasureBox03	TreasureBox03_C	CID
8200206021757087649	DT_Monster_G3_11005	11030205	217446	180884	9979	0	False	11030205	/Game/Maps/world/world_01/World_01_Collection/TreasureBox/TreasureBox03.TreasureBox03	TreasureBox03	TreasureBox03_C	CID
8200204922245459438	DT_Monster_G3_11004	11030204	205738	154957	169	0	False	11030204	/Game/Maps/world/world_01/World_01_Collection/TreasureBox/TreasureBox03.TreasureBox03	TreasureBox03	TreasureBox03_C	CID
8200208220780344071	DT_Monster_G3_11003	11030203	164919	180335	-681	0	False	11030203	/Game/Maps/world/world_01/World_01_Collection/TreasureBox/TreasureBox03.TreasureBox03	TreasureBox03	TreasureBox03_C	CID
8200207121268715860	DT_Monster_G3_11002	11030202	175076	169404	636	0	False	11030202	/Game/Maps/world/world_01/World_01_Collection/TreasureBox/TreasureBox03.TreasureBox03	TreasureBox03	TreasureBox03_C	CID
8200210419803600493	DT_Monster_G3_11001	11030201	180158	160383	-156	0	False	11030201	/Game/Maps/world/world_01/World_01_Collection/TreasureBox/TreasureBox03.TreasureBox03	TreasureBox03	TreasureBox03_C	CID
714542399180018612	DT_Monster_G2_11014	11020214	195979	203520	5052	0	False	11020214	/Game/Maps/world/world_01/World_01_Collection/TreasureBox/TreasureBox02.TreasureBox02	TreasureBox02	TreasureBox02_C	CID
714541299668390401	DT_Monster_G2_11013	11020213	189781	206481	5053	0	False	11020213	/Game/Maps/world/world_01/World_01_Collection/TreasureBox/TreasureBox02.TreasureBox02	TreasureBox02	TreasureBox02_C	CID
714540200156762190	DT_Monster_G2_11012	11020212	252646	172450	-562	0	False	11020212	/Game/Maps/world/world_01/World_01_Collection/TreasureBox/TreasureBox02.TreasureBox02	TreasureBox02	TreasureBox02_C	CID
714539100645133979	DT_Monster_G2_11011	11020211	182318	198168	4930	0	False	11020211	/Game/Maps/world/world_01/World_01_Collection/TreasureBox/TreasureBox02.TreasureBox02	TreasureBox02	TreasureBox02_C	CID
15598983771976721478	DT_Dig_G3_10702	10730502	181841	-99830	11419	0	False	10730502	/Game/Maps/world/world_01/World_01_Collection/TreasureBox/TreasureBox03.TreasureBox03	TreasureBox03	TreasureBox03_C	CID
714538001133505768	DT_Monster_G2_11010	11020210	276255	192483	6275	0	False	11020210	/Game/Maps/world/world_01/World_01_Collection/TreasureBox/TreasureBox02.TreasureBox02	TreasureBox02	TreasureBox02_C	CID
715379127528897958	DT_Monster_G2_11009	11020209	278810	217427	7432	0	False	11020209	/Game/Maps/world/world_01/World_01_Collection/TreasureBox/TreasureBox02.TreasureBox02	TreasureBox02	TreasureBox02_C	CID
715380227040526169	DT_Monster_G2_11008	11020208	213020	212141	2326	0	False	11020208	/Game/Maps/world/world_01/World_01_Collection/TreasureBox/TreasureBox02.TreasureBox02	TreasureBox02	TreasureBox02_C	CID
715390122645180068	DT_Monster_G2_11007	11020207	220786	218020	-609	0	False	11020207	/Game/Maps/world/world_01/World_01_Collection/TreasureBox/TreasureBox02.TreasureBox02	TreasureBox02	TreasureBox02_C	CID
715391222156808279	DT_Monster_G2_11006	11020206	225153	215796	-661	0	False	11020206	/Game/Maps/world/world_01/World_01_Collection/TreasureBox/TreasureBox02.TreasureBox02	TreasureBox02	TreasureBox02_C	CID
715392321668436490	DT_Monster_G2_11005	11020205	182016	175665	8009	0	False	11020205	/Game/Maps/world/world_01/World_01_Collection/TreasureBox/TreasureBox02.TreasureBox02	TreasureBox02	TreasureBox02_C	CID
715393421180064701	DT_Monster_G2_11004	11020204	185460	184398	7864	0	False	11020204	/Game/Maps/world/world_01/World_01_Collection/TreasureBox/TreasureBox02.TreasureBox02	TreasureBox02	TreasureBox02_C	CID
715385724598667224	DT_Monster_G2_11003	11020203	192071	161228	3852	0	False	11020203	/Game/Maps/world/world_01/World_01_Collection/TreasureBox/TreasureBox02.TreasureBox02	TreasureBox02	TreasureBox02_C	CID
715386824110295435	DT_Monster_G2_11002	11020202	178325	155756	-599	0	False	11020202	/Game/Maps/world/world_01/World_01_Collection/TreasureBox/TreasureBox02.TreasureBox02	TreasureBox02	TreasureBox02_C	CID
715387923621923646	DT_Monster_G2_11001	11020201	188629	146632	-664	0	False	11020201	/Game/Maps/world/world_01/World_01_Collection/TreasureBox/TreasureBox02.TreasureBox02	TreasureBox02	TreasureBox02_C	CID
5944565676714638756	DT_MiniGame_G5_11007	11007	209800	-39758	9384	0	False	11007	/Game/Maps/world/world_01/World_01_Collection/TreasureBox/TreasureBox05.TreasureBox05	TreasureBox05	TreasureBox05_C	CID
7469556484940868607	DT_MiniGame_G5_13004	13004	98092	934	22322	0	False	13004	/Game/Maps/world/world_01/World_01_Collection/TreasureBox/TreasureBox05.TreasureBox05	TreasureBox05	TreasureBox05_C	CID
15658034264647988844	DT_Unlock_G2_10914	10920114	19125	-59596	32543	0	False	10920114	/Game/Maps/world/world_01/World_01_Collection/TreasureBox/TreasureBox02.TreasureBox02	TreasureBox02	TreasureBox02_C	CID
15658033165136360633	DT_Unlock_G2_10913	10920113	25687	-14202	31633	0	False	10920113	/Game/Maps/world/world_01/World_01_Collection/TreasureBox/TreasureBox02.TreasureBox02	TreasureBox02	TreasureBox02_C	CID
11724440473564513261	DT_Monster_G2_10911	10920211	24480	-127292	17359	0	False	10920211	/Game/Maps/world/world_01/World_01_Collection/TreasureBox/TreasureBox02.TreasureBox02	TreasureBox02	TreasureBox02_C	CID
11724439374052885050	DT_Monster_G2_10910	10920210	27701	-2125	27006	0	False	10920210	/Game/Maps/world/world_01/World_01_Collection/TreasureBox/TreasureBox02.TreasureBox02	TreasureBox02	TreasureBox02_C	CID
11725403645750636872	DT_Monster_G2_10909	10920209	15908	-34421	29843	0	False	10920209	/Game/Maps/world/world_01/World_01_Collection/TreasureBox/TreasureBox02.TreasureBox02	TreasureBox02	TreasureBox02_C	CID
11725404745262265083	DT_Monster_G2_10908	10920208	14660	-27545	27037	0	False	10920208	/Game/Maps/world/world_01/World_01_Collection/TreasureBox/TreasureBox02.TreasureBox02	TreasureBox02	TreasureBox02_C	CID
7469559783475753240	DT_MiniGame_G5_13009	13008	70202	122140	507	0	False	13008	/Game/Maps/world/world_01/World_01_Collection/TreasureBox/TreasureBox05.TreasureBox05	TreasureBox05	TreasureBox05_C	CID
12989478713581562102	DT_Dig_G3_11006	11030506	191611	186572	8051	0	False	11030506	/Game/Maps/world/world_01/World_01_Collection/TreasureBox/TreasureBox03.TreasureBox03	TreasureBox03	TreasureBox03_C	CID
6296327926717700879	DT_Unlock_G1_10729	10710129	227953	-1564	6220	0	False	10710129	/Game/Maps/world/world_01/World_01_Collection/TreasureBox/TreasureBox01.TreasureBox01	TreasureBox01	TreasureBox01_C	CID
6296326827206072668	DT_Unlock_G1_10728	10710128	179236	13306	11786	0	False	10710128	/Game/Maps/world/world_01/World_01_Collection/TreasureBox/TreasureBox01.TreasureBox01	TreasureBox01	TreasureBox01_C	CID
10538347802506989941	DT_Monster_G2_10708	10720208	191924	10265	8082	0	False	10720208	/Game/Maps/world/world_01/World_01_Collection/TreasureBox/TreasureBox02.TreasureBox02	TreasureBox02	TreasureBox02_C	CID
4433540904987820017	DT_Monster_G3_10712	10730212	195615	-42799	8382	0	False	10730212	/Game/Maps/world/world_01/World_01_Collection/TreasureBox/TreasureBox03.TreasureBox03	TreasureBox03	TreasureBox03_C	CID
10538348902018618152	DT_Monster_G2_10707	10720207	247638	-23152	13989	0	False	10720207	/Game/Maps/world/world_01/World_01_Collection/TreasureBox/TreasureBox02.TreasureBox02	TreasureBox02	TreasureBox02_C	CID
10538350001530246363	DT_Monster_G2_10706	10720206	199452	-8948	3836	0	False	10720206	/Game/Maps/world/world_01/World_01_Collection/TreasureBox/TreasureBox02.TreasureBox02	TreasureBox02	TreasureBox02_C	CID
4433537606452935384	DT_Monster_G3_10711	10730211	204459	-7602	4258	0	False	10730211	/Game/Maps/world/world_01/World_01_Collection/TreasureBox/TreasureBox03.TreasureBox03	TreasureBox03	TreasureBox03_C	CID
4433538705964563595	DT_Monster_G3_10710	10730210	204210	-26958	10987	0	False	10730210	/Game/Maps/world/world_01/World_01_Collection/TreasureBox/TreasureBox03.TreasureBox03	TreasureBox03	TreasureBox03_C	CID
10538351101041874574	DT_Monster_G2_10705	10720205	215960	-36275	9820	0	False	10720205	/Game/Maps/world/world_01/World_01_Collection/TreasureBox/TreasureBox02.TreasureBox02	TreasureBox02	TreasureBox02_C	CID
5944555781109984857	DT_MiniGame_G5_11008	11008	123397	24986	12737	0	False	11008	/Game/Maps/world/world_01/World_01_Collection/TreasureBox/TreasureBox05.TreasureBox05	TreasureBox05	TreasureBox05_C	CID
5944567875737895178	DT_MiniGame_G5_11005	11005	157986	194742	-694	0	False	11005	/Game/Maps/world/world_01/World_01_Collection/TreasureBox/TreasureBox05.TreasureBox05	TreasureBox05	TreasureBox05_C	CID
10538352200553502785	DT_Monster_G2_10704	10720204	218614	-42334	14551	0	False	10720204	/Game/Maps/world/world_01/World_01_Collection/TreasureBox/TreasureBox02.TreasureBox02	TreasureBox02	TreasureBox02_C	CID
10538353300065130996	DT_Monster_G2_10703	10720203	204307	-45626	16035	0	False	10720203	/Game/Maps/world/world_01/World_01_Collection/TreasureBox/TreasureBox02.TreasureBox02	TreasureBox02	TreasureBox02_C	CID
15271954386990661181	DT_Monster_G4_10702	10740202	204326	-45367	16033	0	False	10740202	/Game/Maps/world/world_01/World_01_Collection/TreasureBox/TreasureBox04.TreasureBox04	TreasureBox04	TreasureBox04_C	CID
4432697579569171405	DT_Monster_G3_10709	10730209	212561	-43584	15466	0	False	10730209	/Game/Maps/world/world_01/World_01_Collection/TreasureBox/TreasureBox03.TreasureBox03	TreasureBox03	TreasureBox03_C	CID
10538354399576759207	DT_Monster_G2_10702	10720202	219519	-32715	11481	0	False	10720202	/Game/Maps/world/world_01/World_01_Collection/TreasureBox/TreasureBox02.TreasureBox02	TreasureBox02	TreasureBox02_C	CID
4432696480057543194	DT_Monster_G3_10708	10730208	223333	-36738	11496	0	False	10730208	/Game/Maps/world/world_01/World_01_Collection/TreasureBox/TreasureBox03.TreasureBox03	TreasureBox03	TreasureBox03_C	CID
4432682186406376451	DT_Monster_G3_10707	10730207	229034	-37096	11781	0	False	10730207	/Game/Maps/world/world_01/World_01_Collection/TreasureBox/TreasureBox03.TreasureBox03	TreasureBox03	TreasureBox03_C	CID
4432681086894748240	DT_Monster_G3_10706	10730206	244778	-44473	20533	0	False	10730206	/Game/Maps/world/world_01/World_01_Collection/TreasureBox/TreasureBox03.TreasureBox03	TreasureBox03	TreasureBox03_C	CID
12863054605904991635	DT_MiniGame_G5_12018	12018	92050	205504	5141	0	False	12018	/Game/Maps/world/world_01/World_01_Collection/TreasureBox/TreasureBox05.TreasureBox05	TreasureBox05	TreasureBox05_C	CID
12989477614069933891	DT_Dig_G3_11005	11030505	192247	216904	5109	0	False	11030505	/Game/Maps/world/world_01/World_01_Collection/TreasureBox/TreasureBox03.TreasureBox03	TreasureBox03	TreasureBox03_C	CID
12989476514558305680	DT_Dig_G3_11004	11030504	276746	161707	4644	0	False	11030504	/Game/Maps/world/world_01/World_01_Collection/TreasureBox/TreasureBox03.TreasureBox03	TreasureBox03	TreasureBox03_C	CID
4432684385429632873	DT_Monster_G3_10705	10730205	248601	-33040	14022	0	False	10730205	/Game/Maps/world/world_01/World_01_Collection/TreasureBox/TreasureBox03.TreasureBox03	TreasureBox03	TreasureBox03_C	CID
12863068899556158378	DT_MiniGame_G5_12017	12017	44458	137860	293	0	False	12017	/Game/Maps/world/world_01/World_01_Collection/TreasureBox/TreasureBox05.TreasureBox05	TreasureBox05	TreasureBox05_C	CID
12989484211139703157	DT_Dig_G3_11003	11030503	310271	198386	5824	0	False	11030503	/Game/Maps/world/world_01/World_01_Collection/TreasureBox/TreasureBox03.TreasureBox03	TreasureBox03	TreasureBox03_C	CID
8037613216633070971	DT_Monster_G4_11004	11040204	287814	217409	8582	0	False	11040204	/Game/Maps/world/world_01/World_01_Collection/TreasureBox/TreasureBox04.TreasureBox04	TreasureBox04	TreasureBox04_C	CID
8199214262268630552	DT_Monster_G3_11033	11030233	193736	150166	-494	0	False	11030233	/Game/Maps/world/world_01/World_01_Collection/TreasureBox/TreasureBox03.TreasureBox03	TreasureBox03	TreasureBox03_C	CID
8199215361780258763	DT_Monster_G3_11032	11030232	227670	189387	10520	0	False	11030232	/Game/Maps/world/world_01/World_01_Collection/TreasureBox/TreasureBox03.TreasureBox03	TreasureBox03	TreasureBox03_C	CID
10538355499088387418	DT_Monster_G2_10701	10720201	208552	-29175	10269	0	False	10720201	/Game/Maps/world/world_01/World_01_Collection/TreasureBox/TreasureBox02.TreasureBox02	TreasureBox02	TreasureBox02_C	CID
12863069999067786589	DT_MiniGame_G5_12016	12016	80771	112368	4146	0	False	12016	/Game/Maps/world/world_01/World_01_Collection/TreasureBox/TreasureBox05.TreasureBox05	TreasureBox05	TreasureBox05_C	CID
8199216461291886974	DT_Monster_G3_11031	11030231	219622	166465	4065	0	False	11030231	/Game/Maps/world/world_01/World_01_Collection/TreasureBox/TreasureBox03.TreasureBox03	TreasureBox03	TreasureBox03_C	CID
8199217560803515185	DT_Monster_G3_11030	11030230	196635	222198	-646	0	False	11030230	/Game/Maps/world/world_01/World_01_Collection/TreasureBox/TreasureBox03.TreasureBox03	TreasureBox03	TreasureBox03_C	CID
8198358842222071619	DT_Monster_G3_11029	11030229	285521	198975	3295	0	False	11030229	/Game/Maps/world/world_01/World_01_Collection/TreasureBox/TreasureBox03.TreasureBox03	TreasureBox03	TreasureBox03_C	CID
8198357742710443408	DT_Monster_G3_11028	11030228	264470	179756	6522	0	False	11030228	/Game/Maps/world/world_01/World_01_Collection/TreasureBox/TreasureBox03.TreasureBox03	TreasureBox03	TreasureBox03_C	CID
8198374235384866573	DT_Monster_G3_11027	11030227	260562	205982	1865	0	False	11030227	/Game/Maps/world/world_01/World_01_Collection/TreasureBox/TreasureBox03.TreasureBox03	TreasureBox03	TreasureBox03_C	CID
11677607678680934894	DT_Unlock_G3_10809	10830109	139097	-40992	13383	0	False	10830109	/Game/Maps/world/world_01/World_01_Collection/TreasureBox/TreasureBox03.TreasureBox03	TreasureBox03	TreasureBox03_C	CID
8198373135873238362	DT_Monster_G3_11026	11030226	285712	222113	7795	0	False	11030226	/Game/Maps/world/world_01/World_01_Collection/TreasureBox/TreasureBox03.TreasureBox03	TreasureBox03	TreasureBox03_C	CID
12138025934702388037	DT_Unlock_G3_11007	11030107	301924	196276	4773	0	False	11030107	/Game/Maps/world/world_01/World_01_Collection/TreasureBox/TreasureBox03.TreasureBox03	TreasureBox03	TreasureBox03_C	CID
12138024835190759826	DT_Unlock_G3_11006	11030106	238834	235396	-349	0	False	11030106	/Game/Maps/world/world_01/World_01_Collection/TreasureBox/TreasureBox03.TreasureBox03	TreasureBox03	TreasureBox03_C	CID
11676612620657593164	DT_Unlock_G3_10814	10830114	143967	-42246	17432	0	False	10830114	/Game/Maps/world/world_01/World_01_Collection/TreasureBox/TreasureBox03.TreasureBox03	TreasureBox03	TreasureBox03_C	CID
15035810738802977345	DT_Unlock_G2_10816	10820116	149529	-50192	18053	0	False	10820116	/Game/Maps/world/world_01/World_01_Collection/TreasureBox/TreasureBox02.TreasureBox02	TreasureBox02	TreasureBox02_C	CID
6272553267520694334	DT_Monster_G3_10821	10830221	151882	-14102	11841	0	False	10830221	/Game/Maps/world/world_01/World_01_Collection/TreasureBox/TreasureBox03.TreasureBox03	TreasureBox03	TreasureBox03_C	CID
13293211541593237671	DT_Key_G4_10802	10840302	140553	-38672	13378	0	False	10840302	/Game/Maps/world/world_01/World_01_Collection/TreasureBox/TreasureBox04Key.TreasureBox04Key	TreasureBox04Key	TreasureBox04Key_C	CID
15035808539779720923	DT_Unlock_G2_10814	10820114	144019	-43063	12979	0	False	10820114	/Game/Maps/world/world_01/World_01_Collection/TreasureBox/TreasureBox02.TreasureBox02	TreasureBox02	TreasureBox02_C	CID
12138023735679131615	DT_Unlock_G3_11005	11030105	229456	171183	10395	0	False	11030105	/Game/Maps/world/world_01/World_01_Collection/TreasureBox/TreasureBox03.TreasureBox03	TreasureBox03	TreasureBox03_C	CID
13293212641104865882	DT_Key_G4_10801	10840301	143098	-38793	10655	0	False	10840301	/Game/Maps/world/world_01/World_01_Collection/TreasureBox/TreasureBox04Key.TreasureBox04Key	TreasureBox04Key	TreasureBox04Key_C	CID
15035814037337861978	DT_Unlock_G2_10813	10820113	143684	-34946	12983	0	False	10820113	/Game/Maps/world/world_01/World_01_Collection/TreasureBox/TreasureBox02.TreasureBox02	TreasureBox02	TreasureBox02_C	CID
11677608778192563105	DT_Unlock_G3_10808	10830108	147414	-32561	13970	0	False	10830108	/Game/Maps/world/world_01/World_01_Collection/TreasureBox/TreasureBox03.TreasureBox03	TreasureBox03	TreasureBox03_C	CID
15035815136849490189	DT_Unlock_G2_10812	10820112	145758	-31715	14982	0	False	10820112	/Game/Maps/world/world_01/World_01_Collection/TreasureBox/TreasureBox02.TreasureBox02	TreasureBox02	TreasureBox02_C	CID
15035811838314605556	DT_Unlock_G2_10811	10820111	143376	-31780	14601	0	False	10820111	/Game/Maps/world/world_01/World_01_Collection/TreasureBox/TreasureBox02.TreasureBox02	TreasureBox02	TreasureBox02_C	CID
15035812937826233767	DT_Unlock_G2_10810	10820110	146829	-38895	15786	0	False	10820110	/Game/Maps/world/world_01/World_01_Collection/TreasureBox/TreasureBox02.TreasureBox02	TreasureBox02	TreasureBox02_C	CID
5944566776226266967	DT_MiniGame_G5_11006	11006	164879	149533	-736	0	False	11006	/Game/Maps/world/world_01/World_01_Collection/TreasureBox/TreasureBox05.TreasureBox05	TreasureBox05	TreasureBox05_C	CID
12138022636167503404	DT_Unlock_G3_11004	11030104	227225	211737	11343	0	False	11030104	/Game/Maps/world/world_01/World_01_Collection/TreasureBox/TreasureBox03.TreasureBox03	TreasureBox03	TreasureBox03_C	CID
16895830397482638163	DT_Unlock_G2_11026	11020126	220421	212416	2188	0	False	11020126	/Game/Maps/world/world_01/World_01_Collection/TreasureBox/TreasureBox02.TreasureBox02	TreasureBox02	TreasureBox02_C	CID
16895831496994266374	DT_Unlock_G2_11025	11020125	228129	163521	378	0	False	11020125	/Game/Maps/world/world_01/World_01_Collection/TreasureBox/TreasureBox02.TreasureBox02	TreasureBox02	TreasureBox02_C	CID
16895832596505894585	DT_Unlock_G2_11024	11020124	211313	229829	-319	0	False	11020124	/Game/Maps/world/world_01/World_01_Collection/TreasureBox/TreasureBox02.TreasureBox02	TreasureBox02	TreasureBox02_C	CID
12139006699074563024	DT_Unlock_G3_11013	11030113	239765	217854	4430	0	False	11030113	/Game/Maps/world/world_01/World_01_Collection/TreasureBox/TreasureBox03_OnlyFront.TreasureBox03_OnlyFront	TreasureBox03_OnlyFront	TreasureBox03_OnlyFront_C	CID
11676610421634336742	DT_Unlock_G3_10812	10830112	155867	-29466	13344	0	False	10830112	/Game/Maps/world/world_01/World_01_Collection/TreasureBox/TreasureBox03.TreasureBox03	TreasureBox03	TreasureBox03_C	CID
7277842630320476551	DT_Unlock_G3_10709	10730109	179383	13129	13777	0	False	10730109	/Game/Maps/world/world_01/World_01_Collection/TreasureBox/TreasureBox03.TreasureBox03	TreasureBox03	TreasureBox03_C	CID
7277841530808848340	DT_Unlock_G3_10708	10730108	218849	-59118	29724	0	False	10730108	/Game/Maps/world/world_01/World_01_Collection/TreasureBox/TreasureBox03.TreasureBox03	TreasureBox03	TreasureBox03_C	CID
5891547344099634831	DT_Dig_G3_10914	10930514	104831	-76203	34767	0	False	10930514	/Game/Maps/world/world_01/World_01_Collection/TreasureBox/TreasureBox03.TreasureBox03	TreasureBox03	TreasureBox03_C	CID
5891544045564750198	DT_Dig_G3_10913	10930513	81709	-27705	40075	0	False	10930513	/Game/Maps/world/world_01/World_01_Collection/TreasureBox/TreasureBox03.TreasureBox03	TreasureBox03	TreasureBox03_C	CID
5891545145076378409	DT_Dig_G3_10912	10930512	11195	-44873	36338	0	False	10930512	/Game/Maps/world/world_01/World_01_Collection/TreasureBox/TreasureBox03.TreasureBox03	TreasureBox03	TreasureBox03_C	CID
15660869905136577338	DT_Unlock_G2_10927	10920127	40488	-99553	18554	0	False	10920127	/Game/Maps/world/world_01/World_01_Collection/TreasureBox/TreasureBox02.TreasureBox02	TreasureBox02	TreasureBox02_C	CID
15660871004648205549	DT_Unlock_G2_10926	10920126	89194	-80477	32498	0	False	10920126	/Game/Maps/world/world_01/World_01_Collection/TreasureBox/TreasureBox02.TreasureBox02	TreasureBox02	TreasureBox02_C	CID
15660867706113320916	DT_Unlock_G2_10925	10920125	53209	-80452	33343	0	False	10920125	/Game/Maps/world/world_01/World_01_Collection/TreasureBox/TreasureBox02.TreasureBox02	TreasureBox02	TreasureBox02_C	CID
15660868805624949127	DT_Unlock_G2_10924	10920124	50778	-46794	41851	0	False	10920124	/Game/Maps/world/world_01/World_01_Collection/TreasureBox/TreasureBox02.TreasureBox02	TreasureBox02	TreasureBox02_C	CID
15660865507090064494	DT_Unlock_G2_10923	10920123	58387	-46823	43482	0	False	10920123	/Game/Maps/world/world_01/World_01_Collection/TreasureBox/TreasureBox02.TreasureBox02	TreasureBox02	TreasureBox02_C	CID
15660866606601692705	DT_Unlock_G2_10922	10920122	92391	-31737	38673	0	False	10920122	/Game/Maps/world/world_01/World_01_Collection/TreasureBox/TreasureBox02.TreasureBox02	TreasureBox02	TreasureBox02_C	CID
15660863308066808072	DT_Unlock_G2_10921	10920121	60629	-17638	38321	0	False	10920121	/Game/Maps/world/world_01/World_01_Collection/TreasureBox/TreasureBox02.TreasureBox02	TreasureBox02	TreasureBox02_C	CID
15660864407578436283	DT_Unlock_G2_10920	10920120	70547	-6694	29188	0	False	10920120	/Game/Maps/world/world_01/World_01_Collection/TreasureBox/TreasureBox02.TreasureBox02	TreasureBox02	TreasureBox02_C	CID
15660855611485410595	DT_Unlock_G2_10928	10920128	78257	10599	23787	0	False	10920128	/Game/Maps/world/world_01/World_01_Collection/TreasureBox/TreasureBox02.TreasureBox02	TreasureBox02	TreasureBox02_C	CID
7469558683964125029	DT_MiniGame_G5_13006	13006	206402	101401	7524	0	False	13006	/Game/Maps/world/world_01/World_01_Collection/TreasureBox/TreasureBox05.TreasureBox05	TreasureBox05	TreasureBox05_C	CID
4455509374698189849	DT_Dig_G2_11002	11020502	274520	221351	6256	0	False	11020502	/Game/Maps/world/world_01/World_01_Collection/TreasureBox/TreasureBox02.TreasureBox02	TreasureBox02	TreasureBox02_C	CID
4455506076163305216	DT_Dig_G2_11001	11020501	196459	208881	-680	0	False	11020501	/Game/Maps/world/world_01/World_01_Collection/TreasureBox/TreasureBox02.TreasureBox02	TreasureBox02	TreasureBox02_C	CID
12989483111628074946	DT_Dig_G3_11002	11030502	238607	223438	2741	0	False	11030502	/Game/Maps/world/world_01/World_01_Collection/TreasureBox/TreasureBox03.TreasureBox03	TreasureBox03	TreasureBox03_C	CID
12989482012116446735	DT_Dig_G3_11001	11030501	261630	211653	2818	0	False	11030501	/Game/Maps/world/world_01/World_01_Collection/TreasureBox/TreasureBox03.TreasureBox03	TreasureBox03	TreasureBox03_C	CID
12138021536655875193	DT_Unlock_G3_11003	11030103	189610	196700	6703	0	False	11030103	/Game/Maps/world/world_01/World_01_Collection/TreasureBox/TreasureBox03.TreasureBox03	TreasureBox03	TreasureBox03_C	CID
12138020437144246982	DT_Unlock_G3_11002	11030102	272743	230438	6330	0	False	11030102	/Game/Maps/world/world_01/World_01_Collection/TreasureBox/TreasureBox03.TreasureBox03	TreasureBox03	TreasureBox03_C	CID
12138019337632618771	DT_Unlock_G3_11001	11030101	205394	173470	4760	0	False	11030101	/Game/Maps/world/world_01/World_01_Collection/TreasureBox/TreasureBox03.TreasureBox03	TreasureBox03	TreasureBox03_C	CID
16897677577017654193	DT_Unlock_G2_11006	11020106	262593	228543	3861	0	False	11020106	/Game/Maps/world/world_01/World_01_Collection/TreasureBox/TreasureBox02.TreasureBox02	TreasureBox02	TreasureBox02_C	CID
16897674278482769560	DT_Unlock_G2_11005	11020105	193055	207812	7094	0	False	11020105	/Game/Maps/world/world_01/World_01_Collection/TreasureBox/TreasureBox02.TreasureBox02	TreasureBox02	TreasureBox02_C	CID
16897675377994397771	DT_Unlock_G2_11004	11020104	282318	230182	7961	0	False	11020104	/Game/Maps/world/world_01/World_01_Collection/TreasureBox/TreasureBox02.TreasureBox02	TreasureBox02	TreasureBox02_C	CID
16897680875552538826	DT_Unlock_G2_11003	11020103	259192	167167	-760	0	False	11020103	/Game/Maps/world/world_01/World_01_Collection/TreasureBox/TreasureBox02.TreasureBox02	TreasureBox02	TreasureBox02_C	CID
16897681975064167037	DT_Unlock_G2_11002	11020102	187020	206070	2276	0	False	11020102	/Game/Maps/world/world_01/World_01_Collection/TreasureBox/TreasureBox02.TreasureBox02	TreasureBox02	TreasureBox02_C	CID
16897678676529282404	DT_Unlock_G2_11001	11020101	239802	182762	12109	0	False	11020101	/Game/Maps/world/world_01/World_01_Collection/TreasureBox/TreasureBox02.TreasureBox02	TreasureBox02	TreasureBox02_C	CID
13655068942178112590	DT_Unlock_G1_11008	11010108	280339	219585	6971	0	False	11010108	/Game/Maps/world/world_01/World_01_Collection/TreasureBox/TreasureBox01.TreasureBox01	TreasureBox01	TreasureBox01_C	CID
13655063444619971535	DT_Unlock_G1_11007	11010107	247041	234590	-351	0	False	11010107	/Game/Maps/world/world_01/World_01_Collection/TreasureBox/TreasureBox01.TreasureBox01	TreasureBox01	TreasureBox01_C	CID
13655062345108343324	DT_Unlock_G1_11006	11010106	237644	189755	11042	0	False	11010106	/Game/Maps/world/world_01/World_01_Collection/TreasureBox/TreasureBox01.TreasureBox01	TreasureBox01	TreasureBox01_C	CID
13655065643643227957	DT_Unlock_G1_11005	11010105	205126	204086	5343	0	False	11010105	/Game/Maps/world/world_01/World_01_Collection/TreasureBox/TreasureBox01.TreasureBox01	TreasureBox01	TreasureBox01_C	CID
13655064544131599746	DT_Unlock_G1_11004	11010104	204650	184869	6191	0	False	11010104	/Game/Maps/world/world_01/World_01_Collection/TreasureBox/TreasureBox01.TreasureBox01	TreasureBox01	TreasureBox01_C	CID
13655059046573458691	DT_Unlock_G1_11003	11010103	205782	161439	1904	0	False	11010103	/Game/Maps/world/world_01/World_01_Collection/TreasureBox/TreasureBox01.TreasureBox01	TreasureBox01	TreasureBox01_C	CID
13655057947061830480	DT_Unlock_G1_11002	11010102	235447	206448	4789	0	False	11010102	/Game/Maps/world/world_01/World_01_Collection/TreasureBox/TreasureBox01.TreasureBox01	TreasureBox01	TreasureBox01_C	CID
13655061245596715113	DT_Unlock_G1_11001	11010101	245898	220032	3287	0	False	11010101	/Game/Maps/world/world_01/World_01_Collection/TreasureBox/TreasureBox01.TreasureBox01	TreasureBox01	TreasureBox01_C	CID
7469557584452496818	DT_MiniGame_G5_13007	13007	199901	218784	-635	0	False	13007	/Game/Maps/world/world_01/World_01_Collection/TreasureBox/TreasureBox05.TreasureBox05	TreasureBox05	TreasureBox05_C	CID
12860238756625710939	DT_MiniGame_G5_12029	12029	73256	-60258	36150	0	False	12029	/Game/Maps/world/world_01/World_01_Collection/TreasureBox/TreasureBox05.TreasureBox05	TreasureBox05	TreasureBox05_C	CID
569353070584641948	DT_Monster_G4_10914	10940214	9045	-23476	25394	0	False	10940214	/Game/Maps/world/world_01/World_01_Collection/TreasureBox/TreasureBox04.TreasureBox04	TreasureBox04	TreasureBox04_C	CID
7382837549529678256	DT_Monster_G4_11104	11140204	317550	169593	12902	0	False	11140204	/Game/Maps/world/world_01/World_01_Collection/TreasureBox/TreasureBox04.TreasureBox04	TreasureBox04	TreasureBox04_C	CID
7382845246111075733	DT_Monster_G4_11103	11140203	316471	114006	12525	0	False	11140203	/Game/Maps/world/world_01/World_01_Collection/TreasureBox/TreasureBox04.TreasureBox04	TreasureBox04	TreasureBox04_C	CID
7382844146599447522	DT_Monster_G4_11102	11140202	252649	36300	23967	0	False	11140202	/Game/Maps/world/world_01/World_01_Collection/TreasureBox/TreasureBox04.TreasureBox04	TreasureBox04	TreasureBox04_C	CID
7278824494204279749	DT_Unlock_G3_10710	10730110	238856	-57177	45839	0	False	10730110	/Game/Maps/world/world_01/World_01_Collection/TreasureBox/TreasureBox03.TreasureBox03	TreasureBox03	TreasureBox03_C	CID
16894844135552322121	DT_Unlock_G2_11037	11020136	287457	195811	4783	0	False	11020136	/Game/Maps/world/world_01/World_01_Collection/TreasureBox/TreasureBox02.TreasureBox02	TreasureBox02	TreasureBox02_C	CID
7382843047087819311	DT_Monster_G4_11101	11140201	256628	32452	22724	0	False	11140201	/Game/Maps/world/world_01/World_01_Collection/TreasureBox/TreasureBox04.TreasureBox04	TreasureBox04	TreasureBox04_C	CID
1966646929772295745	DT_Monster_G3_10309	10330209	91215	165093	-385	0	False	10330209	/Game/Maps/world/world_01/World_01_Collection/TreasureBox/TreasureBox03.TreasureBox03	TreasureBox03	TreasureBox03_C	CID
12775360403679767352	DT_Monster_G4_10301	10340201	83284	166746	379	0	False	10340201	/Game/Maps/world/world_01/World_01_Collection/TreasureBox/TreasureBox04.TreasureBox04	TreasureBox04	TreasureBox04_C	CID
16367333640854301098	DT_Unlock_G2_11124	11120124	303440	115177	6525	0	False	11120124	/Game/Maps/world/world_01/World_01_Collection/TreasureBox/TreasureBox02.TreasureBox02	TreasureBox02	TreasureBox02_C	CID
10122463893128909479	DT_PressurePuzzle_G4_15027	15027	305113	115269	7718	0	False	15027	/Game/Maps/world/world_01/World_01_Collection/TreasureBox/TreasureBox04.TreasureBox04	TreasureBox04	TreasureBox04_C	CID
8884802599221881323	DT_Unlock_G1_10329	10310129	56248	197180	1995	0	False	10310129	/Game/Maps/world/world_01/World_01_Collection/TreasureBox/TreasureBox01.TreasureBox01	TreasureBox01	TreasureBox01_C	CID
5436022115089719015	DT_Unlock_G3_10204	10230104	17700	187937	-10179	0	False	10230104	/Game/Maps/world/world_01/World_01_Collection/TreasureBox/TreasureBox03_Mount.TreasureBox03_Mount	TreasureBox03_Mount	TreasureBox03_Mount_C	CID
8884801499710253112	DT_Unlock_G1_10328	10310128	44455	228185	6205	0	False	10310128	/Game/Maps/world/world_01/World_01_Collection/TreasureBox/TreasureBox01.TreasureBox01	TreasureBox01	TreasureBox01_C	CID
8884800400198624901	DT_Unlock_G1_10327	10310127	73429	210556	6374	0	False	10310127	/Game/Maps/world/world_01/World_01_Collection/TreasureBox/TreasureBox01.TreasureBox01	TreasureBox01	TreasureBox01_C	CID
8764502077372199478	DT_Unlock_G2_10224	10220124	-21630	181763	-786	0	False	10220124	/Game/Maps/world/world_01/World_01_Collection/TreasureBox/TreasureBox02_Mount.TreasureBox02_Mount	TreasureBox02_Mount	TreasureBox02_Mount_C	CID
5436018816554834382	DT_Unlock_G3_10203	10230103	20587	189630	-6656	0	False	10230103	/Game/Maps/world/world_01/World_01_Collection/TreasureBox/TreasureBox03_Mount.TreasureBox03_Mount	TreasureBox03_Mount	TreasureBox03_Mount_C	CID
5436019916066462593	DT_Unlock_G3_10202	10230102	-7233	164581	-1937	0	False	10230102	/Game/Maps/world/world_01/World_01_Collection/TreasureBox/TreasureBox03_Mount.TreasureBox03_Mount	TreasureBox03_Mount	TreasureBox03_Mount_C	CID
8764505375907084111	DT_Unlock_G2_10223	10220123	9380	175573	-786	0	False	10220123	/Game/Maps/world/world_01/World_01_Collection/TreasureBox/TreasureBox02_Mount.TreasureBox02_Mount	TreasureBox02_Mount	TreasureBox02_Mount_C	CID
8884799300686996690	DT_Unlock_G1_10326	10310126	82267	228358	89	0	False	10310126	/Game/Maps/world/world_01/World_01_Collection/TreasureBox/TreasureBox01.TreasureBox01	TreasureBox01	TreasureBox01_C	CID
8884798201175368479	DT_Unlock_G1_10325	10310125	98990	177248	-577	0	False	10310125	/Game/Maps/world/world_01/World_01_Collection/TreasureBox/TreasureBox01.TreasureBox01	TreasureBox01	TreasureBox01_C	CID
8764504276395455900	DT_Unlock_G2_10222	10220122	-21047	132074	-792	0	False	10220122	/Game/Maps/world/world_01/World_01_Collection/TreasureBox/TreasureBox02_Mount.TreasureBox02_Mount	TreasureBox02_Mount	TreasureBox02_Mount_C	CID
8764507574930340533	DT_Unlock_G2_10221	10220121	-5983	175466	-796	0	False	10220121	/Game/Maps/world/world_01/World_01_Collection/TreasureBox/TreasureBox02_Mount.TreasureBox02_Mount	TreasureBox02_Mount	TreasureBox02_Mount_C	CID
10121464437059054905	DT_PressurePuzzle_G4_15014	15014	60592	-26712	25388	0	False	15014	/Game/Maps/world/world_01/World_01_Collection/TreasureBox/TreasureBox04.TreasureBox04	TreasureBox04	TreasureBox04_C	CID
10121465536570683116	DT_PressurePuzzle_G4_15013	15013	63115	49072	6894	0	False	15013	/Game/Maps/world/world_01/World_01_Collection/TreasureBox/TreasureBox04.TreasureBox04	TreasureBox04	TreasureBox04_C	CID
10121467735593939538	DT_PressurePuzzle_G4_15011	15011	217172	8727	11125	0	False	15011	/Game/Maps/world/world_01/World_01_Collection/TreasureBox/TreasureBox04.TreasureBox04	TreasureBox04	TreasureBox04_C	CID
10121468835105567749	DT_PressurePuzzle_G4_15010	15010	219123	-57477	11524	0	False	15010	/Game/Maps/world/world_01/World_01_Collection/TreasureBox/TreasureBox04.TreasureBox04	TreasureBox04	TreasureBox04_C	CID
10120486971221764551	DT_PressurePuzzle_G4_15009	15009	138749	-37722	18203	0	False	15009	/Game/Maps/world/world_01/World_01_Collection/TreasureBox/TreasureBox04.TreasureBox04	TreasureBox04	TreasureBox04_C	CID
10120485871710136340	DT_PressurePuzzle_G4_15008	15008	111399	12669	14693	0	False	15008	/Game/Maps/world/world_01/World_01_Collection/TreasureBox/TreasureBox04.TreasureBox04	TreasureBox04	TreasureBox04_C	CID
10120475976105482441	DT_PressurePuzzle_G4_15007	15007	20355	-8250	28756	0	False	15007	/Game/Maps/world/world_01/World_01_Collection/TreasureBox/TreasureBox04.TreasureBox04	TreasureBox04	TreasureBox04_C	CID
10120474876593854230	DT_PressurePuzzle_G4_15006	15006	116388	94853	6708	0	False	15006	/Game/Maps/world/world_01/World_01_Collection/TreasureBox/TreasureBox04.TreasureBox04	TreasureBox04	TreasureBox04_C	CID
10120473777082226019	DT_PressurePuzzle_G4_15005	15005	19889	148336	7325	0	False	15005	/Game/Maps/world/world_01/World_01_Collection/TreasureBox/TreasureBox04.TreasureBox04	TreasureBox04	TreasureBox04_C	CID
10120472677570597808	DT_PressurePuzzle_G4_15004	15004	123230	221787	6105	0	False	15004	/Game/Maps/world/world_01/World_01_Collection/TreasureBox/TreasureBox04.TreasureBox04	TreasureBox04	TreasureBox04_C	CID
10120480374151995285	DT_PressurePuzzle_G4_15003	15003	48130	224640	6889	0	False	15003	/Game/Maps/world/world_01/World_01_Collection/TreasureBox/TreasureBox04.TreasureBox04	TreasureBox04	TreasureBox04_C	CID
10120479274640367074	DT_PressurePuzzle_G4_15002	15002	59819	166484	2025	0	False	15002	/Game/Maps/world/world_01/World_01_Collection/TreasureBox/TreasureBox04.TreasureBox04	TreasureBox04	TreasureBox04_C	CID
6090768095379150033	DT_Unlock_G3_10109	10130109	50733	117567	-2030	0	False	10130109	/Game/Maps/world/world_01/World_01_Collection/TreasureBox/TreasureBox03_Mount.TreasureBox03_Mount	TreasureBox03_Mount	TreasureBox03_Mount_C	CID
6090766995867521822	DT_Unlock_G3_10108	10130108	10221	101907	-3751	0	False	10130108	/Game/Maps/world/world_01/World_01_Collection/TreasureBox/TreasureBox03_Mount.TreasureBox03_Mount	TreasureBox03_Mount	TreasureBox03_Mount_C	CID
10603513340393445584	DT_Unlock_G2_10118	10120118	19758	92165	-788	0	False	10120118	/Game/Maps/world/world_01/World_01_Collection/TreasureBox/TreasureBox02_Mount.TreasureBox02_Mount	TreasureBox02_Mount	TreasureBox02_Mount_C	CID
12670356688377539959	DT_Unlock_G3_11104	11130104	312113	167995	23292	0	False	11130104	/Game/Maps/world/world_01/World_01_Collection/TreasureBox/TreasureBox03.TreasureBox03	TreasureBox03	TreasureBox03_C	CID
8884797101663740268	DT_Unlock_G1_10324	10310124	9559	242981	-59	0	False	10310124	/Game/Maps/world/world_01/World_01_Collection/TreasureBox/TreasureBox01.TreasureBox01	TreasureBox01	TreasureBox01_C	CID
4821697483358119155	DT_PressurePuzzle_G4_14024	14024	19334	-41987	32329	0	False	14024	/Game/Maps/world/world_01/World_01_Collection/TreasureBox/TreasureBox04.TreasureBox04	TreasureBox04	TreasureBox04_C	CID
4821702980916260210	DT_PressurePuzzle_G4_14023	14023	101326	-51280	34921	0	False	14023	/Game/Maps/world/world_01/World_01_Collection/TreasureBox/TreasureBox04.TreasureBox04	TreasureBox04	TreasureBox04_C	CID
4820853058427842332	DT_PressurePuzzle_G4_14036	14036	309158	62130	29747	0	False	14036	/Game/Maps/world/world_01/World_01_Collection/TreasureBox/TreasureBox04.TreasureBox04	TreasureBox04	TreasureBox04_C	CID
8884796002152112057	DT_Unlock_G1_10323	10310123	56940	238782	-781	0	False	10310123	/Game/Maps/world/world_01/World_01_Collection/TreasureBox/TreasureBox01.TreasureBox01	TreasureBox01	TreasureBox01_C	CID
8884794902640483846	DT_Unlock_G1_10322	10310122	60416	223759	6902	0	False	10310122	/Game/Maps/world/world_01/World_01_Collection/TreasureBox/TreasureBox01.TreasureBox01	TreasureBox01	TreasureBox01_C	CID
4821704080427888421	DT_PressurePuzzle_G4_14022	14022	183293	13015	10715	0	False	14022	/Game/Maps/world/world_01/World_01_Collection/TreasureBox/TreasureBox04.TreasureBox04	TreasureBox04	TreasureBox04_C	CID
4821700781893003788	DT_PressurePuzzle_G4_14021	14021	239960	-14474	12031	0	False	14021	/Game/Maps/world/world_01/World_01_Collection/TreasureBox/TreasureBox04.TreasureBox04	TreasureBox04	TreasureBox04_C	CID
8884793803128855635	DT_Unlock_G1_10321	10310121	96066	215118	3962	0	False	10310121	/Game/Maps/world/world_01/World_01_Collection/TreasureBox/TreasureBox01.TreasureBox01	TreasureBox01	TreasureBox01_C	CID
8884792703617227424	DT_Unlock_G1_10320	10310120	103478	216288	4591	0	False	10310120	/Game/Maps/world/world_01/World_01_Collection/TreasureBox/TreasureBox01.TreasureBox01	TreasureBox01	TreasureBox01_C	CID
8887617348989533808	DT_Unlock_G1_10319	10310119	112267	224443	2100	0	False	10310119	/Game/Maps/world/world_01/World_01_Collection/TreasureBox/TreasureBox01.TreasureBox01	TreasureBox01	TreasureBox01_C	CID
4820848660381329488	DT_PressurePuzzle_G4_14032	14032	47749	-67489	30335	0	False	14032	/Game/Maps/world/world_01/World_01_Collection/TreasureBox/TreasureBox04.TreasureBox04	TreasureBox04	TreasureBox04_C	CID
4821701881404631999	DT_PressurePuzzle_G4_14020	14020	186226	-73264	17677	0	False	14020	/Game/Maps/world/world_01/World_01_Collection/TreasureBox/TreasureBox04.TreasureBox04	TreasureBox04	TreasureBox04_C	CID
8887618448501162019	DT_Unlock_G1_10318	10310118	97953	196957	5833	0	False	10310118	/Game/Maps/world/world_01/World_01_Collection/TreasureBox/TreasureBox01.TreasureBox01	TreasureBox01	TreasureBox01_C	CID
8887633841663956973	DT_Unlock_G1_10316	10310116	111872	205395	3916	0	False	10310116	/Game/Maps/world/world_01/World_01_Collection/TreasureBox/TreasureBox01.TreasureBox01	TreasureBox01	TreasureBox01_C	CID
4820851958916214121	DT_PressurePuzzle_G4_14031	14031	65060	5327	26110	0	False	14031	/Game/Maps/world/world_01/World_01_Collection/TreasureBox/TreasureBox04.TreasureBox04	TreasureBox04	TreasureBox04_C	CID
10121466636082311327	DT_PressurePuzzle_G4_15012	15012	180820	-17970	-5371	0	False	15012	/Game/Maps/world/world_01/World_01_Collection/TreasureBox/TreasureBox04.TreasureBox04	TreasureBox04	TreasureBox04_C	CID
4818894828218376991	DT_PressurePuzzle_G4_14019	14019	158578	-10333	9430	0	False	14019	/Game/Maps/world/world_01/World_01_Collection/TreasureBox/TreasureBox04.TreasureBox04	TreasureBox04	TreasureBox04_C	CID
4818893728706748780	DT_PressurePuzzle_G4_14018	14018	115329	26603	11489	0	False	14018	/Game/Maps/world/world_01/World_01_Collection/TreasureBox/TreasureBox04.TreasureBox04	TreasureBox04	TreasureBox04_C	CID
4818901425288146257	DT_PressurePuzzle_G4_14017	14017	71820	33313	13157	0	False	14017	/Game/Maps/world/world_01/World_01_Collection/TreasureBox/TreasureBox04.TreasureBox04	TreasureBox04	TreasureBox04_C	CID
4818900325776518046	DT_PressurePuzzle_G4_14016	14016	71221	81822	-642	0	False	14016	/Game/Maps/world/world_01/World_01_Collection/TreasureBox/TreasureBox04.TreasureBox04	TreasureBox04	TreasureBox04_C	CID
4818899226264889835	DT_PressurePuzzle_G4_14015	14015	174677	47013	3653	0	False	14015	/Game/Maps/world/world_01/World_01_Collection/TreasureBox/TreasureBox04.TreasureBox04	TreasureBox04	TreasureBox04_C	CID
4818898126753261624	DT_PressurePuzzle_G4_14014	14014	30815	56442	7973	0	False	14014	/Game/Maps/world/world_01/World_01_Collection/TreasureBox/TreasureBox04.TreasureBox04	TreasureBox04	TreasureBox04_C	CID
4818905823334659101	DT_PressurePuzzle_G4_14013	14013	183470	107201	5378	0	False	14013	/Game/Maps/world/world_01/World_01_Collection/TreasureBox/TreasureBox04.TreasureBox04	TreasureBox04	TreasureBox04_C	CID
4820855257451098754	DT_PressurePuzzle_G4_14034	14034	337198	182159	15728	0	False	14034	/Game/Maps/world/world_01/World_01_Collection/TreasureBox/TreasureBox04.TreasureBox04	TreasureBox04	TreasureBox04_C	CID
4818904723823030890	DT_PressurePuzzle_G4_14012	14012	153823	122942	3721	0	False	14012	/Game/Maps/world/world_01/World_01_Collection/TreasureBox/TreasureBox04.TreasureBox04	TreasureBox04	TreasureBox04_C	CID
4818903624311402679	DT_PressurePuzzle_G4_14011	14011	129868	120722	11258	0	False	14011	/Game/Maps/world/world_01/World_01_Collection/TreasureBox/TreasureBox04.TreasureBox04	TreasureBox04	TreasureBox04_C	CID
4818902524799774468	DT_PressurePuzzle_G4_14010	14010	106724	152984	9872	0	False	14010	/Game/Maps/world/world_01/World_01_Collection/TreasureBox/TreasureBox04.TreasureBox04	TreasureBox04	TreasureBox04_C	CID
4819884388683577666	DT_PressurePuzzle_G4_14009	14009	13996	243196	12112	0	False	14009	/Game/Maps/world/world_01/World_01_Collection/TreasureBox/TreasureBox04.TreasureBox04	TreasureBox04	TreasureBox04_C	CID
4819885488195205877	DT_PressurePuzzle_G4_14008	14008	94667	177342	4218	0	False	14008	/Game/Maps/world/world_01/World_01_Collection/TreasureBox/TreasureBox04.TreasureBox04	TreasureBox04	TreasureBox04_C	CID
4819886587706834088	DT_PressurePuzzle_G4_14007	14007	104927	232431	4071	0	False	14007	/Game/Maps/world/world_01/World_01_Collection/TreasureBox/TreasureBox04.TreasureBox04	TreasureBox04	TreasureBox04_C	CID
4819887687218462299	DT_PressurePuzzle_G4_14006	14006	72979	201399	2419	0	False	14006	/Game/Maps/world/world_01/World_01_Collection/TreasureBox/TreasureBox04.TreasureBox04	TreasureBox04	TreasureBox04_C	CID
4819888786730090510	DT_PressurePuzzle_G4_14005	14005	41340	188501	-286	0	False	14005	/Game/Maps/world/world_01/World_01_Collection/TreasureBox/TreasureBox04.TreasureBox04	TreasureBox04	TreasureBox04_C	CID
4819889886241718721	DT_PressurePuzzle_G4_14004	14004	26404	163829	6909	0	False	14004	/Game/Maps/world/world_01/World_01_Collection/TreasureBox/TreasureBox04.TreasureBox04	TreasureBox04	TreasureBox04_C	CID
4819890985753346932	DT_PressurePuzzle_G4_14003	14003	-8522	185716	-386	0	False	14003	/Game/Maps/world/world_01/World_01_Collection/TreasureBox/TreasureBox04.TreasureBox04	TreasureBox04	TreasureBox04_C	CID
4819892085264975143	DT_PressurePuzzle_G4_14002	14002	-23089	143531	2725	0	False	14002	/Game/Maps/world/world_01/World_01_Collection/TreasureBox/TreasureBox04.TreasureBox04	TreasureBox04	TreasureBox04_C	CID
16787047867383248671	DT_Dig_G3_10510	10530510	188572	104759	-621	0	False	10530510	/Game/Maps/world/world_01/World_01_Collection/TreasureBox/TreasureBox03.TreasureBox03	TreasureBox03	TreasureBox03_C	CID
16786066003499445473	DT_Dig_G3_10509	10530509	181021	66554	9675	0	False	10530509	/Game/Maps/world/world_01/World_01_Collection/TreasureBox/TreasureBox03.TreasureBox03	TreasureBox03	TreasureBox03_C	CID
16786064903987817262	DT_Dig_G3_10508	10530508	185319	110915	8089	0	False	10530508	/Game/Maps/world/world_01/World_01_Collection/TreasureBox/TreasureBox03.TreasureBox03	TreasureBox03	TreasureBox03_C	CID
16786059406429676207	DT_Dig_G3_10507	10530507	135370	73643	8177	0	False	10530507	/Game/Maps/world/world_01/World_01_Collection/TreasureBox/TreasureBox03.TreasureBox03	TreasureBox03	TreasureBox03_C	CID
16786058306918047996	DT_Dig_G3_10506	10530506	180242	139942	-734	0	False	10530506	/Game/Maps/world/world_01/World_01_Collection/TreasureBox/TreasureBox03.TreasureBox03	TreasureBox03	TreasureBox03_C	CID
16786061605452932629	DT_Dig_G3_10505	10530505	167423	118727	-693	0	False	10530505	/Game/Maps/world/world_01/World_01_Collection/TreasureBox/TreasureBox03.TreasureBox03	TreasureBox03	TreasureBox03_C	CID
16786060505941304418	DT_Dig_G3_10504	10530504	142547	90097	4394	0	False	10530504	/Game/Maps/world/world_01/World_01_Collection/TreasureBox/TreasureBox03.TreasureBox03	TreasureBox03	TreasureBox03_C	CID
10603529833067868749	DT_Unlock_G2_10117	10120117	63493	112161	-786	0	False	10120117	/Game/Maps/world/world_01/World_01_Collection/TreasureBox/TreasureBox02_Mount.TreasureBox02_Mount	TreasureBox02_Mount	TreasureBox02_Mount_C	CID
10122451798500999158	DT_PressurePuzzle_G4_15028	15028	227067	112107	13182	0	False	15028	/Game/Maps/world/world_01/World_01_Collection/TreasureBox/TreasureBox04.TreasureBox04	TreasureBox04	TreasureBox04_C	CID
10122466092152165901	DT_PressurePuzzle_G4_15025	15025	245421	90742	17120	0	False	15025	/Game/Maps/world/world_01/World_01_Collection/TreasureBox/TreasureBox04.TreasureBox04	TreasureBox04	TreasureBox04_C	CID
10122464992640537690	DT_PressurePuzzle_G4_15024	15024	288329	45828	29049	0	False	15024	/Game/Maps/world/world_01/World_01_Collection/TreasureBox/TreasureBox04.TreasureBox04	TreasureBox04	TreasureBox04_C	CID
3153710469597340153	DT_Monster_G3_10507	10530207	193491	95309	27	0	False	10530207	/Game/Maps/world/world_01/World_01_Collection/TreasureBox/TreasureBox03.TreasureBox03	TreasureBox03	TreasureBox03_C	CID
9259378284721210065	DT_Monster_G2_10506	10520206	111395	72067	7843	0	False	10520206	/Game/Maps/world/world_01/World_01_Collection/TreasureBox/TreasureBox02.TreasureBox02	TreasureBox02	TreasureBox02_C	CID
9258389823767637601	DT_Monster_G2_10511	10520211	164647	132930	-390	0	False	10520211	/Game/Maps/world/world_01/World_01_Collection/TreasureBox/TreasureBox02.TreasureBox02	TreasureBox02	TreasureBox02_C	CID
10122459495082396635	DT_PressurePuzzle_G4_15023	15023	286828	206050	4612	0	False	15023	/Game/Maps/world/world_01/World_01_Collection/TreasureBox/TreasureBox04.TreasureBox04	TreasureBox04	TreasureBox04_C	CID
10122458395570768424	DT_PressurePuzzle_G4_15022	15022	175079	211313	-630	0	False	15022	/Game/Maps/world/world_01/World_01_Collection/TreasureBox/TreasureBox04.TreasureBox04	TreasureBox04	TreasureBox04_C	CID
10122461694105653057	DT_PressurePuzzle_G4_15021	15021	300111	72266	29416	0	False	15021	/Game/Maps/world/world_01/World_01_Collection/TreasureBox/TreasureBox04.TreasureBox04	TreasureBox04	TreasureBox04_C	CID
10121476531686965226	DT_PressurePuzzle_G4_15019	15019	334769	161720	10947	0	False	15019	/Game/Maps/world/world_01/World_01_Collection/TreasureBox/TreasureBox04.TreasureBox04	TreasureBox04	TreasureBox04_C	CID
10121477631198593437	DT_PressurePuzzle_G4_15018	15018	270797	155586	29	0	False	15018	/Game/Maps/world/world_01/World_01_Collection/TreasureBox/TreasureBox04.TreasureBox04	TreasureBox04	TreasureBox04_C	CID
9259371687651440799	DT_Monster_G2_10508	10520208	187055	101370	-725	0	False	10520208	/Game/Maps/world/world_01/World_01_Collection/TreasureBox/TreasureBox02.TreasureBox02	TreasureBox02	TreasureBox02_C	CID
9259377185209581854	DT_Monster_G2_10507	10520207	170707	86320	-587	0	False	10520207	/Game/Maps/world/world_01/World_01_Collection/TreasureBox/TreasureBox02.TreasureBox02	TreasureBox02	TreasureBox02_C	CID
9258388724256009390	DT_Monster_G2_10510	10520210	164867	74353	5363	0	False	10520210	/Game/Maps/world/world_01/World_01_Collection/TreasureBox/TreasureBox02.TreasureBox02	TreasureBox02	TreasureBox02_C	CID
9258394221814150445	DT_Monster_G2_10515	10520215	168778	98798	-234	0	False	10520215	/Game/Maps/world/world_01/World_01_Collection/TreasureBox/TreasureBox02.TreasureBox02	TreasureBox02	TreasureBox02_C	CID
9258386525232752968	DT_Monster_G2_10512	10520212	176834	113447	1820	0	False	10520212	/Game/Maps/world/world_01/World_01_Collection/TreasureBox/TreasureBox02.TreasureBox02	TreasureBox02	TreasureBox02_C	CID
14190202350993006676	DT_Unlock_G1_11158	11110158	294299	71493	24387	0	False	11110158	/Game/Maps/world/world_01/World_01_Collection/TreasureBox/TreasureBox01.TreasureBox01	TreasureBox01	TreasureBox01_C	CID
16361554607737559432	DT_Unlock_G2_11140	11120140	297886	65972	27526	0	False	11120140	/Game/Maps/world/world_01/World_01_Collection/TreasureBox/TreasureBox02.TreasureBox02	TreasureBox02	TreasureBox02_C	CID
14190192455388352777	DT_Unlock_G1_11157	11110157	284275	49920	26196	0	False	11110157	/Game/Maps/world/world_01/World_01_Collection/TreasureBox/TreasureBox01.TreasureBox01	TreasureBox01	TreasureBox01_C	CID
16368311106691591452	DT_Unlock_G2_11139	11120139	334494	171537	14725	0	False	11120139	/Game/Maps/world/world_01/World_01_Collection/TreasureBox/TreasureBox02.TreasureBox02	TreasureBox02	TreasureBox02_C	CID
4816076779915839873	DT_PressurePuzzle_G4_14048	14048	211689	125090	9381	0	False	14048	/Game/Maps/world/world_01/World_01_Collection/TreasureBox/TreasureBox04.TreasureBox04	TreasureBox04	TreasureBox04_C	CID
4820849759892957699	DT_PressurePuzzle_G4_14033	14033	324260	136887	10430	0	False	14033	/Game/Maps/world/world_01/World_01_Collection/TreasureBox/TreasureBox04.TreasureBox04	TreasureBox04	TreasureBox04_C	CID
10603528733556240538	DT_Unlock_G2_10116	10120116	32630	122655	-794	0	False	10120116	/Game/Maps/world/world_01/World_01_Collection/TreasureBox/TreasureBox02_Mount.TreasureBox02_Mount	TreasureBox02_Mount	TreasureBox02_Mount_C	CID
3153721464713622263	DT_Monster_G3_10509	10530209	183859	111541	3338	0	False	10530209	/Game/Maps/world/world_01/World_01_Collection/TreasureBox/TreasureBox03.TreasureBox03	TreasureBox03	TreasureBox03_C	CID
14190191355876724566	DT_Unlock_G1_11156	11110156	285199	105081	13538	0	False	11110156	/Game/Maps/world/world_01/World_01_Collection/TreasureBox/TreasureBox01.TreasureBox01	TreasureBox01	TreasureBox01_C	CID
12670342394726373216	DT_Unlock_G3_11109	11130109	253609	69371	24733	0	False	11130109	/Game/Maps/world/world_01/World_01_Collection/TreasureBox/TreasureBox03.TreasureBox03	TreasureBox03	TreasureBox03_C	CID
14190189156853468144	DT_Unlock_G1_11154	11110154	208076	64015	12519	0	False	11110154	/Game/Maps/world/world_01/World_01_Collection/TreasureBox/TreasureBox01.TreasureBox01	TreasureBox01	TreasureBox01_C	CID
4816069083334442396	DT_PressurePuzzle_G4_14047	14047	201892	110638	8292	0	False	14047	/Game/Maps/world/world_01/World_01_Collection/TreasureBox/TreasureBox04.TreasureBox04	TreasureBox04	TreasureBox04_C	CID
4816070182846070607	DT_PressurePuzzle_G4_14046	14046	211680	64289	14820	0	False	14046	/Game/Maps/world/world_01/World_01_Collection/TreasureBox/TreasureBox04.TreasureBox04	TreasureBox04	TreasureBox04_C	CID
4816071282357698818	DT_PressurePuzzle_G4_14045	14045	285787	139685	6769	0	False	14045	/Game/Maps/world/world_01/World_01_Collection/TreasureBox/TreasureBox04.TreasureBox04	TreasureBox04	TreasureBox04_C	CID
12670343494238001427	DT_Unlock_G3_11108	11130108	305236	63907	36002	0	False	11130108	/Game/Maps/world/world_01/World_01_Collection/TreasureBox/TreasureBox03.TreasureBox03	TreasureBox03	TreasureBox03_C	CID
12670357787889168170	DT_Unlock_G3_11107	11130107	280422	58866	28899	0	False	11130107	/Game/Maps/world/world_01/World_01_Collection/TreasureBox/TreasureBox03.TreasureBox03	TreasureBox03	TreasureBox03_C	CID
12670358887400796381	DT_Unlock_G3_11106	11130106	254014	116895	-789	0	False	11130106	/Game/Maps/world/world_01/World_01_Collection/TreasureBox/TreasureBox03_Mount.TreasureBox03_Mount	TreasureBox03_Mount	TreasureBox03_Mount_C	CID
16368312206203219663	DT_Unlock_G2_11138	11120138	260855	83878	-789	0	False	11120138	/Game/Maps/world/world_01/World_01_Collection/TreasureBox/TreasureBox02_Mount.TreasureBox02_Mount	TreasureBox02_Mount	TreasureBox02_Mount_C	CID
4816072381869327029	DT_PressurePuzzle_G4_14044	14044	255103	174251	6835	0	False	14044	/Game/Maps/world/world_01/World_01_Collection/TreasureBox/TreasureBox04.TreasureBox04	TreasureBox04	TreasureBox04_C	CID
4816064685287929552	DT_PressurePuzzle_G4_14043	14043	273610	219100	6200	0	False	14043	/Game/Maps/world/world_01/World_01_Collection/TreasureBox/TreasureBox04.TreasureBox04	TreasureBox04	TreasureBox04_C	CID
16368317703761360718	DT_Unlock_G2_11137	11120137	245529	92871	-1980	0	False	11120137	/Game/Maps/world/world_01/World_01_Collection/TreasureBox/TreasureBox02_Mount.TreasureBox02_Mount	TreasureBox02_Mount	TreasureBox02_Mount_C	CID
16368318803272988929	DT_Unlock_G2_11136	11120136	258077	110928	-800	0	False	11120136	/Game/Maps/world/world_01/World_01_Collection/TreasureBox/TreasureBox02_Mount.TreasureBox02_Mount	TreasureBox02_Mount	TreasureBox02_Mount_C	CID
4816065784799557763	DT_PressurePuzzle_G4_14042	14042	217433	198805	9394	0	False	14042	/Game/Maps/world/world_01/World_01_Collection/TreasureBox/TreasureBox04.TreasureBox04	TreasureBox04	TreasureBox04_C	CID
4816066884311185974	DT_PressurePuzzle_G4_14041	14041	188651	166912	4055	0	False	14041	/Game/Maps/world/world_01/World_01_Collection/TreasureBox/TreasureBox04.TreasureBox04	TreasureBox04	TreasureBox04_C	CID
16368315504738104296	DT_Unlock_G2_11135	11120135	266925	78154	8931	0	False	11120135	/Game/Maps/world/world_01/World_01_Collection/TreasureBox/TreasureBox02_Mount.TreasureBox02_Mount	TreasureBox02_Mount	TreasureBox02_Mount_C	CID
14190190256365096355	DT_Unlock_G1_11155	11110155	224832	48377	15487	0	False	11110155	/Game/Maps/world/world_01/World_01_Collection/TreasureBox/TreasureBox01.TreasureBox01	TreasureBox01	TreasureBox01_C	CID
4821699682381375577	DT_PressurePuzzle_G4_14026	14026	103625	212726	3145	0	False	14026	/Game/Maps/world/world_01/World_01_Collection/TreasureBox/TreasureBox04.TreasureBox04	TreasureBox04	TreasureBox04_C	CID
16368316604249732507	DT_Unlock_G2_11134	11120134	244717	50757	24032	0	False	11120134	/Game/Maps/world/world_01/World_01_Collection/TreasureBox/TreasureBox02.TreasureBox02	TreasureBox02	TreasureBox02_C	CID
16368322101807873562	DT_Unlock_G2_11133	11120133	258008	48315	25130	0	False	11120133	/Game/Maps/world/world_01/World_01_Collection/TreasureBox/TreasureBox02.TreasureBox02	TreasureBox02	TreasureBox02_C	CID
16368323201319501773	DT_Unlock_G2_11132	11120132	265407	53450	23600	0	False	11120132	/Game/Maps/world/world_01/World_01_Collection/TreasureBox/TreasureBox02.TreasureBox02	TreasureBox02	TreasureBox02_C	CID
16368319902784617140	DT_Unlock_G2_11131	11120131	312631	113576	15039	0	False	11120131	/Game/Maps/world/world_01/World_01_Collection/TreasureBox/TreasureBox02.TreasureBox02	TreasureBox02	TreasureBox02_C	CID
4816067983822814185	DT_PressurePuzzle_G4_14040	14040	230776	166515	1771	0	False	14040	/Game/Maps/world/world_01/World_01_Collection/TreasureBox/TreasureBox04.TreasureBox04	TreasureBox04	TreasureBox04_C	CID
4820860755009239809	DT_PressurePuzzle_G4_14039	14039	269548	109245	364	0	False	14039	/Game/Maps/world/world_01/World_01_Collection/TreasureBox/TreasureBox04.TreasureBox04	TreasureBox04	TreasureBox04_C	CID
8604614712245727671	DT_Monster_G2_10409	10420209	134556	137284	13242	0	False	10420209	/Game/Maps/world/world_01/World_01_Collection/TreasureBox/TreasureBox02.TreasureBox02	TreasureBox02	TreasureBox02_C	CID
4820859655497611598	DT_PressurePuzzle_G4_14038	14038	249114	60516	21440	0	False	14038	/Game/Maps/world/world_01/World_01_Collection/TreasureBox/TreasureBox04.TreasureBox04	TreasureBox04	TreasureBox04_C	CID
4821696383846490944	DT_PressurePuzzle_G4_14025	14025	75023	239767	-720	0	False	14025	/Game/Maps/world/world_01/World_01_Collection/TreasureBox/TreasureBox04.TreasureBox04	TreasureBox04	TreasureBox04_C	CID
14190196853434865621	DT_Unlock_G1_11153	11110153	283276	90923	16335	0	False	11110153	/Game/Maps/world/world_01/World_01_Collection/TreasureBox/TreasureBox01.TreasureBox01	TreasureBox01	TreasureBox01_C	CID
16368321002296245351	DT_Unlock_G2_11130	11120130	282055	83097	19702	0	False	11120130	/Game/Maps/world/world_01/World_01_Collection/TreasureBox/TreasureBox02.TreasureBox02	TreasureBox02	TreasureBox02_C	CID
16367321546226390777	DT_Unlock_G2_11129	11120129	298016	102704	13009	0	False	11120129	/Game/Maps/world/world_01/World_01_Collection/TreasureBox/TreasureBox02.TreasureBox02	TreasureBox02	TreasureBox02_C	CID
16367320446714762566	DT_Unlock_G2_11128	11120128	293089	142504	8361	0	False	11120128	/Game/Maps/world/world_01/World_01_Collection/TreasureBox/TreasureBox02.TreasureBox02	TreasureBox02	TreasureBox02_C	CID
4820854157939470543	DT_PressurePuzzle_G4_14037	14037	261081	74573	20787	0	False	14037	/Game/Maps/world/world_01/World_01_Collection/TreasureBox/TreasureBox04.TreasureBox04	TreasureBox04	TreasureBox04_C	CID
4820856356962726965	DT_PressurePuzzle_G4_14035	14035	293740	97452	16130	0	False	14035	/Game/Maps/world/world_01/World_01_Collection/TreasureBox/TreasureBox04.TreasureBox04	TreasureBox04	TreasureBox04_C	CID
14190195753923237410	DT_Unlock_G1_11152	11110152	319836	147533	12124	0	False	11110152	/Game/Maps/world/world_01/World_01_Collection/TreasureBox/TreasureBox01.TreasureBox01	TreasureBox01	TreasureBox01_C	CID
14190194654411609199	DT_Unlock_G1_11151	11110151	331173	156697	10371	0	False	11110151	/Game/Maps/world/world_01/World_01_Collection/TreasureBox/TreasureBox01.TreasureBox01	TreasureBox01	TreasureBox01_C	CID
14190193554899980988	DT_Unlock_G1_11150	11110150	304649	152433	10494	0	False	11110150	/Game/Maps/world/world_01/World_01_Collection/TreasureBox/TreasureBox01.TreasureBox01	TreasureBox01	TreasureBox01_C	CID
14191193010969835562	DT_Unlock_G1_11149	11110149	300947	148667	10989	0	False	11110149	/Game/Maps/world/world_01/World_01_Collection/TreasureBox/TreasureBox01.TreasureBox01	TreasureBox01	TreasureBox01_C	CID
16366333085272818313	DT_Unlock_G2_11114	11120114	239674	84362	21886	0	False	11120114	/Game/Maps/world/world_01/World_01_Collection/TreasureBox/TreasureBox02.TreasureBox02	TreasureBox02	TreasureBox02_C	CID
16366334184784446524	DT_Unlock_G2_11113	11120113	296714	50334	29352	0	False	11120113	/Game/Maps/world/world_01/World_01_Collection/TreasureBox/TreasureBox02.TreasureBox02	TreasureBox02	TreasureBox02_C	CID
16366335284296074735	DT_Unlock_G2_11112	11120112	315791	193401	15085	0	False	11120112	/Game/Maps/world/world_01/World_01_Collection/TreasureBox/TreasureBox02.TreasureBox02	TreasureBox02	TreasureBox02_C	CID
10121462238035798483	DT_PressurePuzzle_G4_15016	15016	117652	56057	6027	0	False	15016	/Game/Maps/world/world_01/World_01_Collection/TreasureBox/TreasureBox04.TreasureBox04	TreasureBox04	TreasureBox04_C	CID
4821709577986029476	DT_PressurePuzzle_G4_14029	14029	137125	73673	5909	0	False	14029	/Game/Maps/world/world_01/World_01_Collection/TreasureBox/TreasureBox04.TreasureBox04	TreasureBox04	TreasureBox04_C	CID
12536252472142994335	DT_Unlock_G2_10425	10420125	99586	82368	3793	0	False	10420125	/Game/Maps/world/world_01/World_01_Collection/TreasureBox/TreasureBox02.TreasureBox02	TreasureBox02	TreasureBox02_C	CID
12536251372631366124	DT_Unlock_G2_10424	10420124	104063	148533	7181	0	False	10420124	/Game/Maps/world/world_01/World_01_Collection/TreasureBox/TreasureBox02.TreasureBox02	TreasureBox02	TreasureBox02_C	CID
12536250273119737913	DT_Unlock_G2_10423	10420123	140992	113959	9622	0	False	10420123	/Game/Maps/world/world_01/World_01_Collection/TreasureBox/TreasureBox02.TreasureBox02	TreasureBox02	TreasureBox02_C	CID
12536249173608109702	DT_Unlock_G2_10422	10420122	139769	151178	5863	0	False	10420122	/Game/Maps/world/world_01/World_01_Collection/TreasureBox/TreasureBox02.TreasureBox02	TreasureBox02	TreasureBox02_C	CID
12536248074096481491	DT_Unlock_G2_10421	10420121	103317	109731	7483	0	False	10420121	/Game/Maps/world/world_01/World_01_Collection/TreasureBox/TreasureBox02.TreasureBox02	TreasureBox02	TreasureBox02_C	CID
9210596055721192045	DT_Unlock_G3_10413	10430113	106864	124427	10181	0	False	10430113	/Game/Maps/world/world_01/World_01_Collection/TreasureBox/TreasureBox03.TreasureBox03	TreasureBox03	TreasureBox03_C	CID
13070416111701995544	DT_Unlock_G2_10507	10520107	161626	48968	16279	0	False	10520107	/Game/Maps/world/world_01/World_01_Collection/TreasureBox/TreasureBox02.TreasureBox02	TreasureBox02	TreasureBox02_C	CID
13070417211213623755	DT_Unlock_G2_10506	10520106	158834	33564	4241	0	False	10520106	/Game/Maps/world/world_01/World_01_Collection/TreasureBox/TreasureBox02.TreasureBox02	TreasureBox02	TreasureBox02_C	CID
5113062100055740365	DT_Unlock_G1_10529	10510129	142557	63685	10894	0	False	10510129	/Game/Maps/world/world_01/World_01_Collection/TreasureBox/TreasureBox01.TreasureBox01	TreasureBox01	TreasureBox01_C	CID
5113046706892945411	DT_Unlock_G1_10527	10510127	173840	67316	8027	0	False	10510127	/Game/Maps/world/world_01/World_01_Collection/TreasureBox/TreasureBox01.TreasureBox01	TreasureBox01	TreasureBox01_C	CID
3154700030062540828	DT_Monster_G3_10513	10530213	173425	92902	-736	0	False	10530213	/Game/Maps/world/world_01/World_01_Collection/TreasureBox/TreasureBox03.TreasureBox03	TreasureBox03	TreasureBox03_C	CID
5113048905916201833	DT_Unlock_G1_10525	10510125	145267	83628	4753	0	False	10510125	/Game/Maps/world/world_01/World_01_Collection/TreasureBox/TreasureBox01.TreasureBox01	TreasureBox01	TreasureBox01_C	CID
5113047806404573622	DT_Unlock_G1_10524	10510124	162728	138714	-494	0	False	10510124	/Game/Maps/world/world_01/World_01_Collection/TreasureBox/TreasureBox01.TreasureBox01	TreasureBox01	TreasureBox01_C	CID
5113050005427830044	DT_Unlock_G1_10522	10510122	179901	138826	-659	0	False	10510122	/Game/Maps/world/world_01/World_01_Collection/TreasureBox/TreasureBox01.TreasureBox01	TreasureBox01	TreasureBox01_C	CID
5113053303962714677	DT_Unlock_G1_10521	10510121	149684	104160	-640	0	False	10510121	/Game/Maps/world/world_01/World_01_Collection/TreasureBox/TreasureBox01.TreasureBox01	TreasureBox01	TreasureBox01_C	CID
3154701129574169039	DT_Monster_G3_10512	10530212	196592	85016	462	0	False	10530212	/Game/Maps/world/world_01/World_01_Collection/TreasureBox/TreasureBox03.TreasureBox03	TreasureBox03	TreasureBox03_C	CID
5113052204451086466	DT_Unlock_G1_10520	10510120	151931	116025	-448	0	False	10510120	/Game/Maps/world/world_01/World_01_Collection/TreasureBox/TreasureBox01.TreasureBox01	TreasureBox01	TreasureBox01_C	CID
3154702229085797250	DT_Monster_G3_10511	10530211	154554	108518	-352	0	False	10530211	/Game/Maps/world/world_01/World_01_Collection/TreasureBox/TreasureBox03.TreasureBox03	TreasureBox03	TreasureBox03_C	CID
10121463337547426694	DT_PressurePuzzle_G4_15015	15015	104092	138878	1437	0	False	15015	/Game/Maps/world/world_01/World_01_Collection/TreasureBox/TreasureBox04.TreasureBox04	TreasureBox04	TreasureBox04_C	CID
5112069241055655057	DT_Unlock_G1_10518	10510118	158853	126901	-294	0	False	10510118	/Game/Maps/world/world_01/World_01_Collection/TreasureBox/TreasureBox01.TreasureBox01	TreasureBox01	TreasureBox01_C	CID
5112062643985885791	DT_Unlock_G1_10516	10510116	153493	90983	-15	0	False	10510116	/Game/Maps/world/world_01/World_01_Collection/TreasureBox/TreasureBox01.TreasureBox01	TreasureBox01	TreasureBox01_C	CID
5112064843009142213	DT_Unlock_G1_10514	10510114	187708	118241	3928	0	False	10510114	/Game/Maps/world/world_01/World_01_Collection/TreasureBox/TreasureBox01.TreasureBox01	TreasureBox01	TreasureBox01_C	CID
5112057146427744736	DT_Unlock_G1_10513	10510113	165714	77600	2412	0	False	10510113	/Game/Maps/world/world_01/World_01_Collection/TreasureBox/TreasureBox01.TreasureBox01	TreasureBox01	TreasureBox01_C	CID
13072366645330063408	DT_Unlock_G2_10525	10520125	147727	148651	1027	0	False	10520125	/Game/Maps/world/world_01/World_01_Collection/TreasureBox/TreasureBox02.TreasureBox02	TreasureBox02	TreasureBox02_C	CID
6091749959262953231	DT_Unlock_G3_10110	10130110	36502	124954	-1729	0	False	10130110	/Game/Maps/world/world_01/World_01_Collection/TreasureBox/TreasureBox03_Mount.TreasureBox03_Mount	TreasureBox03_Mount	TreasureBox03_Mount_C	CID
13069574985306603354	DT_Unlock_G2_10512	10520112	163080	88351	-668	0	False	10520112	/Game/Maps/world/world_01/World_01_Collection/TreasureBox/TreasureBox02.TreasureBox02	TreasureBox02	TreasureBox02_C	CID
13072379839469601940	DT_Unlock_G2_10529	10520129	165415	138394	2833	0	False	10520129	/Game/Maps/world/world_01/World_01_Collection/TreasureBox/TreasureBox02.TreasureBox02	TreasureBox02	TreasureBox02_C	CID
9258393122302522234	DT_Monster_G2_10514	10520214	183922	88425	-715	0	False	10520214	/Game/Maps/world/world_01/World_01_Collection/TreasureBox/TreasureBox02.TreasureBox02	TreasureBox02	TreasureBox02_C	CID
9258387624744381179	DT_Monster_G2_10513	10520213	151062	97209	-678	0	False	10520213	/Game/Maps/world/world_01/World_01_Collection/TreasureBox/TreasureBox02.TreasureBox02	TreasureBox02	TreasureBox02_C	CID
3153708270574083731	DT_Monster_G3_10505	10530205	188716	134825	-443	0	False	10530205	/Game/Maps/world/world_01/World_01_Collection/TreasureBox/TreasureBox03.TreasureBox03	TreasureBox03	TreasureBox03_C	CID
13069576084818231565	DT_Unlock_G2_10513	10520113	174840	61252	4386	0	False	10520113	/Game/Maps/world/world_01/World_01_Collection/TreasureBox/TreasureBox02.TreasureBox02	TreasureBox02	TreasureBox02_C	CID
13072380938981230151	DT_Unlock_G2_10528	10520128	180347	73279	3520	0	False	10520128	/Game/Maps/world/world_01/World_01_Collection/TreasureBox/TreasureBox02.TreasureBox02	TreasureBox02	TreasureBox02_C	CID
9259370588139812588	DT_Monster_G2_10509	10520209	172684	110414	1179	0	False	10520209	/Game/Maps/world/world_01/World_01_Collection/TreasureBox/TreasureBox02.TreasureBox02	TreasureBox02	TreasureBox02_C	CID
13069568388236834088	DT_Unlock_G2_10514	10520114	165443	105568	-700	0	False	10520114	/Game/Maps/world/world_01/World_01_Collection/TreasureBox/TreasureBox02.TreasureBox02	TreasureBox02	TreasureBox02_C	CID
8556818745176025693	DT_Unlock_G3_10509	10530109	166129	33032	1791	0	False	10530109	/Game/Maps/world/world_01/World_01_Collection/TreasureBox/TreasureBox03_Mount.TreasureBox03_Mount	TreasureBox03_Mount	TreasureBox03_Mount_C	CID
5112058245939372947	DT_Unlock_G1_10512	10510112	173010	88478	-736	0	False	10510112	/Game/Maps/world/world_01/World_01_Collection/TreasureBox/TreasureBox01.TreasureBox01	TreasureBox01	TreasureBox01_C	CID
3153712668620596575	DT_Monster_G3_10501	10530201	164611	78459	-708	0	False	10530201	/Game/Maps/world/world_01/World_01_Collection/TreasureBox/TreasureBox03.TreasureBox03	TreasureBox03	TreasureBox03_C	CID
5112059345451001158	DT_Unlock_G1_10511	10510111	173440	102282	-735	0	False	10510111	/Game/Maps/world/world_01/World_01_Collection/TreasureBox/TreasureBox01.TreasureBox01	TreasureBox01	TreasureBox01_C	CID
3154703328597425461	DT_Monster_G3_10510	10530210	149682	66723	3941	0	False	10530210	/Game/Maps/world/world_01/World_01_Collection/TreasureBox/TreasureBox03.TreasureBox03	TreasureBox03	TreasureBox03_C	CID
18175667429942887293	DT_Unlock_G2_11213	10520111	198496	141141	1918	0	False	10520111	/Game/Maps/world/world_01/World_01_Collection/TreasureBox/TreasureBox02.TreasureBox02	TreasureBox02	TreasureBox02_C	CID
3153714867643852997	DT_Monster_G3_10503	10530203	169825	145971	-596	0	False	10530203	/Game/Maps/world/world_01/World_01_Collection/TreasureBox/TreasureBox03.TreasureBox03	TreasureBox03	TreasureBox03_C	CID
3153713768132224786	DT_Monster_G3_10502	10530202	173499	139518	-625	0	False	10530202	/Game/Maps/world/world_01/World_01_Collection/TreasureBox/TreasureBox03.TreasureBox03	TreasureBox03	TreasureBox03_C	CID
13069571686771718721	DT_Unlock_G2_10517	10520117	172397	79219	2681	0	False	10520117	/Game/Maps/world/world_01/World_01_Collection/TreasureBox/TreasureBox02.TreasureBox02	TreasureBox02	TreasureBox02_C	CID
5111077481567197960	DT_Unlock_G1_10508	10510108	192516	84051	-467	0	False	10510108	/Game/Maps/world/world_01/World_01_Collection/TreasureBox/TreasureBox01.TreasureBox01	TreasureBox01	TreasureBox01_C	CID
9259374986186325432	DT_Monster_G2_10505	10520205	145557	88842	-91	0	False	10520205	/Game/Maps/world/world_01/World_01_Collection/TreasureBox/TreasureBox02.TreasureBox02	TreasureBox02	TreasureBox02_C	CID
13069572786283346932	DT_Unlock_G2_10510	10520110	115397	62621	4173	0	False	10520110	/Game/Maps/world/world_01/World_01_Collection/TreasureBox/TreasureBox02.TreasureBox02	TreasureBox02	TreasureBox02_C	CID
5113903226451132555	DT_Unlock_G1_10530	10510130	158776	101399	-777	0	False	10510130	/Game/Maps/world/world_01/World_01_Collection/TreasureBox/TreasureBox01.TreasureBox01	TreasureBox01	TreasureBox01_C	CID
13072367744841691619	DT_Unlock_G2_10524	10520124	174420	43488	3610	0	False	10520124	/Game/Maps/world/world_01/World_01_Collection/TreasureBox/TreasureBox02_Mount.TreasureBox02_Mount	TreasureBox02_Mount	TreasureBox02_Mount_C	CID
13070413912678739122	DT_Unlock_G2_10509	10520109	190836	107036	-746	0	False	10520109	/Game/Maps/world/world_01/World_01_Collection/TreasureBox/TreasureBox02.TreasureBox02	TreasureBox02	TreasureBox02_C	CID
13070415012190367333	DT_Unlock_G2_10508	10520108	194600	33521	3989	0	False	10520108	/Game/Maps/world/world_01/World_01_Collection/TreasureBox/TreasureBox02.TreasureBox02	TreasureBox02	TreasureBox02_C	CID
5111076382055569749	DT_Unlock_G1_10507	10510107	156100	37438	15676	0	False	10510107	/Game/Maps/world/world_01/World_01_Collection/TreasureBox/TreasureBox01.TreasureBox01	TreasureBox01	TreasureBox01_C	CID
8556817645664397482	DT_Unlock_G3_10508	10530108	136546	25849	1894	0	False	10530108	/Game/Maps/world/world_01/World_01_Collection/TreasureBox/TreasureBox03_Mount.TreasureBox03_Mount	TreasureBox03_Mount	TreasureBox03_Mount_C	CID
8556803352013230739	DT_Unlock_G3_10507	10530107	197784	51280	2018	0	False	10530107	/Game/Maps/world/world_01/World_01_Collection/TreasureBox/TreasureBox03_Mount.TreasureBox03_Mount	TreasureBox03_Mount	TreasureBox03_Mount_C	CID
8556802252501602528	DT_Unlock_G3_10506	10530106	126487	63888	3235	0	False	10530106	/Game/Maps/world/world_01/World_01_Collection/TreasureBox/TreasureBox03_Mount.TreasureBox03_Mount	TreasureBox03_Mount	TreasureBox03_Mount_C	CID
13072373242399832674	DT_Unlock_G2_10523	10520123	160135	94114	-791	0	False	10520123	/Game/Maps/world/world_01/World_01_Collection/TreasureBox/TreasureBox02_Mount.TreasureBox02_Mount	TreasureBox02_Mount	TreasureBox02_Mount_C	CID
13070420509748508388	DT_Unlock_G2_10503	10520103	153059	41719	15538	0	False	10520103	/Game/Maps/world/world_01/World_01_Collection/TreasureBox/TreasureBox02.TreasureBox02	TreasureBox02	TreasureBox02_C	CID
13072374341911460885	DT_Unlock_G2_10522	10520122	177074	118580	-779	0	False	10520122	/Game/Maps/world/world_01/World_01_Collection/TreasureBox/TreasureBox02_Mount.TreasureBox02_Mount	TreasureBox02_Mount	TreasureBox02_Mount_C	CID
9211574621070110610	DT_Unlock_G3_10409	10430109	149211	159050	-1747	0	False	10430109	/Game/Maps/world/world_01/World_01_Collection/TreasureBox/TreasureBox03_Mount.TreasureBox03_Mount	TreasureBox03_Mount	TreasureBox03_Mount_C	CID
12539087013119954618	DT_Unlock_G2_10417	10420117	126626	156914	-789	0	False	10420117	/Game/Maps/world/world_01/World_01_Collection/TreasureBox/TreasureBox02_Mount.TreasureBox02_Mount	TreasureBox02_Mount	TreasureBox02_Mount_C	CID
14191194110481463773	DT_Unlock_G1_11148	11110148	286131	115515	12159	0	False	11110148	/Game/Maps/world/world_01/World_01_Collection/TreasureBox/TreasureBox01.TreasureBox01	TreasureBox01	TreasureBox01_C	CID
14191177617807040608	DT_Unlock_G1_11147	11110147	227538	93359	14104	0	False	11110147	/Game/Maps/world/world_01/World_01_Collection/TreasureBox/TreasureBox01.TreasureBox01	TreasureBox01	TreasureBox01_C	CID
14191178717318668819	DT_Unlock_G1_11146	11110146	230826	75846	16266	0	False	11110146	/Game/Maps/world/world_01/World_01_Collection/TreasureBox/TreasureBox01.TreasureBox01	TreasureBox01	TreasureBox01_C	CID
14191179816830297030	DT_Unlock_G1_11145	11110145	220959	73877	14035	0	False	11110145	/Game/Maps/world/world_01/World_01_Collection/TreasureBox/TreasureBox01.TreasureBox01	TreasureBox01	TreasureBox01_C	CID
16367332541342672887	DT_Unlock_G2_11127	11120127	258499	84822	10164	0	False	11120127	/Game/Maps/world/world_01/World_01_Collection/TreasureBox/TreasureBox02.TreasureBox02	TreasureBox02	TreasureBox02_C	CID
16367331441831044676	DT_Unlock_G2_11126	11120126	214690	79471	12416	0	False	11120126	/Game/Maps/world/world_01/World_01_Collection/TreasureBox/TreasureBox02.TreasureBox02	TreasureBox02	TreasureBox02_C	CID
14191180916341925241	DT_Unlock_G1_11144	11110144	221482	44604	15570	0	False	11110144	/Game/Maps/world/world_01/World_01_Collection/TreasureBox/TreasureBox01.TreasureBox01	TreasureBox01	TreasureBox01_C	CID
14191182015853553452	DT_Unlock_G1_11143	11110143	242313	88859	18167	0	False	11110143	/Game/Maps/world/world_01/World_01_Collection/TreasureBox/TreasureBox01.TreasureBox01	TreasureBox01	TreasureBox01_C	CID
14191183115365181663	DT_Unlock_G1_11142	11110142	204264	72642	10779	0	False	11110142	/Game/Maps/world/world_01/World_01_Collection/TreasureBox/TreasureBox01.TreasureBox01	TreasureBox01	TreasureBox01_C	CID
14191184214876809874	DT_Unlock_G1_11141	11110141	202732	50215	13078	0	False	11110141	/Game/Maps/world/world_01/World_01_Collection/TreasureBox/TreasureBox01.TreasureBox01	TreasureBox01	TreasureBox01_C	CID
16367334740365929309	DT_Unlock_G2_11125	11120125	204312	41161	17549	0	False	11120125	/Game/Maps/world/world_01/World_01_Collection/TreasureBox/TreasureBox02.TreasureBox02	TreasureBox02	TreasureBox02_C	CID
14191185314388438085	DT_Unlock_G1_11140	11110140	204303	41122	15563	0	False	11110140	/Game/Maps/world/world_01/World_01_Collection/TreasureBox/TreasureBox01.TreasureBox01	TreasureBox01	TreasureBox01_C	CID
12539088112631582829	DT_Unlock_G2_10416	10420116	127377	145403	-789	0	False	10420116	/Game/Maps/world/world_01/World_01_Collection/TreasureBox/TreasureBox02_Mount.TreasureBox02_Mount	TreasureBox02_Mount	TreasureBox02_Mount_C	CID
10120478175128738863	DT_PressurePuzzle_G4_15001	15001	75433	141890	1640	0	False	15001	/Game/Maps/world/world_01/World_01_Collection/TreasureBox/TreasureBox04.TreasureBox04	TreasureBox04	TreasureBox04_C	CID
3154698930550912617	DT_Monster_G3_10514	10530214	191135	61856	3671	0	False	10530214	/Game/Maps/world/world_01/World_01_Collection/TreasureBox/TreasureBox03.TreasureBox03	TreasureBox03	TreasureBox03_C	CID
12539084814096698196	DT_Unlock_G2_10415	10420115	104214	173038	-796	0	False	10420115	/Game/Maps/world/world_01/World_01_Collection/TreasureBox/TreasureBox02_Mount.TreasureBox02_Mount	TreasureBox02_Mount	TreasureBox02_Mount_C	CID
9257396964767552293	DT_Monster_G2_10520	10520220	176319	126393	474	0	False	10520220	/Game/Maps/world/world_01/World_01_Collection/TreasureBox/TreasureBox02.TreasureBox02	TreasureBox02	TreasureBox02_C	CID
9258381027674611913	DT_Monster_G2_10519	10520219	189589	86949	-586	0	False	10520219	/Game/Maps/world/world_01/World_01_Collection/TreasureBox/TreasureBox02.TreasureBox02	TreasureBox02	TreasureBox02_C	CID
4820850859404585910	DT_PressurePuzzle_G4_14030	14030	157142	189756	-645	0	False	14030	/Game/Maps/world/world_01/World_01_Collection/TreasureBox/TreasureBox04.TreasureBox04	TreasureBox04	TreasureBox04_C	CID
9210594956209563834	DT_Unlock_G3_10412	10430112	105851	172160	-1997	0	False	10430112	/Game/Maps/world/world_01/World_01_Collection/TreasureBox/TreasureBox03_Mount.TreasureBox03_Mount	TreasureBox03_Mount	TreasureBox03_Mount_C	CID
5764000471577433590	DT_Unlock_G1_10421	10410121	114463	117901	12472	0	False	10410121	/Game/Maps/world/world_01/World_01_Collection/TreasureBox/TreasureBox01.TreasureBox01	TreasureBox01	TreasureBox01_C	CID
5764001571089061801	DT_Unlock_G1_10420	10410120	127449	123720	11196	0	False	10410120	/Game/Maps/world/world_01/World_01_Collection/TreasureBox/TreasureBox01.TreasureBox01	TreasureBox01	TreasureBox01_C	CID
5764862488693761789	DT_Unlock_G1_10419	10410119	134887	124637	11942	0	False	10410119	/Game/Maps/world/world_01/World_01_Collection/TreasureBox/TreasureBox01.TreasureBox01	TreasureBox01	TreasureBox01_C	CID
12539085913608326407	DT_Unlock_G2_10414	10420114	87839	158123	-820	0	False	10420114	/Game/Maps/world/world_01/World_01_Collection/TreasureBox/TreasureBox02_Mount.TreasureBox02_Mount	TreasureBox02_Mount	TreasureBox02_Mount_C	CID
5764861389182133578	DT_Unlock_G1_10418	10410118	141426	127365	10411	0	False	10410118	/Game/Maps/world/world_01/World_01_Collection/TreasureBox/TreasureBox01.TreasureBox01	TreasureBox01	TreasureBox01_C	CID
9258379928162983702	DT_Monster_G2_10518	10520218	151500	84020	5391	0	False	10520218	/Game/Maps/world/world_01/World_01_Collection/TreasureBox/TreasureBox02.TreasureBox02	TreasureBox02	TreasureBox02_C	CID
9258392022790894023	DT_Monster_G2_10517	10520217	139077	92658	4598	0	False	10520217	/Game/Maps/world/world_01/World_01_Collection/TreasureBox/TreasureBox02.TreasureBox02	TreasureBox02	TreasureBox02_C	CID
9258390923279265812	DT_Monster_G2_10516	10520216	116471	78031	7036	0	False	10520216	/Game/Maps/world/world_01/World_01_Collection/TreasureBox/TreasureBox02.TreasureBox02	TreasureBox02	TreasureBox02_C	CID
5764847095530966835	DT_Unlock_G1_10417	10410117	111174	94687	7002	0	False	10410117	/Game/Maps/world/world_01/World_01_Collection/TreasureBox/TreasureBox01.TreasureBox01	TreasureBox01	TreasureBox01_C	CID
5764845996019338624	DT_Unlock_G1_10416	10410116	98678	141422	3969	0	False	10410116	/Game/Maps/world/world_01/World_01_Collection/TreasureBox/TreasureBox01.TreasureBox01	TreasureBox01	TreasureBox01_C	CID
10122462793617281268	DT_PressurePuzzle_G4_15026	15026	280240	178045	230	0	False	15026	/Game/Maps/world/world_01/World_01_Collection/TreasureBox/TreasureBox04.TreasureBox04	TreasureBox04	TreasureBox04_C	CID
16367328143296160043	DT_Unlock_G2_11123	11120123	278005	110883	11691	0	False	11120123	/Game/Maps/world/world_01/World_01_Collection/TreasureBox/TreasureBox02.TreasureBox02	TreasureBox02	TreasureBox02_C	CID
5111074183032313327	DT_Unlock_G1_10505	10510105	163742	23143	12231	0	False	10510105	/Game/Maps/world/world_01/World_01_Collection/TreasureBox/TreasureBox01.TreasureBox01	TreasureBox01	TreasureBox01_C	CID
10122452898012627369	DT_PressurePuzzle_G4_15029	15029	232793	202267	3812	0	False	15029	/Game/Maps/world/world_01/World_01_Collection/TreasureBox/TreasureBox04.TreasureBox04	TreasureBox04	TreasureBox04_C	CID
4819893184776603354	DT_PressurePuzzle_G4_14001	14001	-501	124106	1409	0	False	14001	/Game/Maps/world/world_01/World_01_Collection/TreasureBox/TreasureBox04.TreasureBox04	TreasureBox04	TreasureBox04_C	CID
3808477340607707180	DT_Monster_G3_10409	10430209	121067	94967	8787	0	False	10430209	/Game/Maps/world/world_01/World_01_Collection/TreasureBox/TreasureBox03.TreasureBox03	TreasureBox03	TreasureBox03_C	CID
12537238734073310377	DT_Unlock_G2_10430	10420130	124939	130141	7506	0	False	10420130	/Game/Maps/world/world_01/World_01_Collection/TreasureBox/TreasureBox02.TreasureBox02	TreasureBox02	TreasureBox02_C	CID
8605592178083018025	DT_Monster_G2_10414	10420214	149857	138693	4159	0	False	10420214	/Game/Maps/world/world_01/World_01_Collection/TreasureBox/TreasureBox02.TreasureBox02	TreasureBox02	TreasureBox02_C	CID
12536256870189507179	DT_Unlock_G2_10429	10420129	91884	155550	3416	0	False	10420129	/Game/Maps/world/world_01/World_01_Collection/TreasureBox/TreasureBox02.TreasureBox02	TreasureBox02	TreasureBox02_C	CID
12536255770677878968	DT_Unlock_G2_10428	10420128	123797	113651	7533	0	False	10420128	/Game/Maps/world/world_01/World_01_Collection/TreasureBox/TreasureBox02.TreasureBox02	TreasureBox02	TreasureBox02_C	CID
12536254671166250757	DT_Unlock_G2_10427	10420127	148684	114640	4936	0	False	10420127	/Game/Maps/world/world_01/World_01_Collection/TreasureBox/TreasureBox02.TreasureBox02	TreasureBox02	TreasureBox02_C	CID
12536253571654622546	DT_Unlock_G2_10426	10420126	103707	118564	11568	0	False	10420126	/Game/Maps/world/world_01/World_01_Collection/TreasureBox/TreasureBox02.TreasureBox02	TreasureBox02	TreasureBox02_C	CID
4782097469986372389	DT_Unlock_G3_10314	10430111	120026	188104	-1205	0	False	10430111	/Game/Maps/world/world_01/World_01_Collection/TreasureBox/TreasureBox03_Mount.TreasureBox03_Mount	TreasureBox03_Mount	TreasureBox03_Mount_C	CID
12539082615073441774	DT_Unlock_G2_10413	10420113	137861	196050	-787	0	False	10420113	/Game/Maps/world/world_01/World_01_Collection/TreasureBox/TreasureBox02_Mount.TreasureBox02_Mount	TreasureBox02_Mount	TreasureBox02_Mount_C	CID
9210592757186307412	DT_Unlock_G3_10410	10430110	149443	228334	-2664	0	False	10430110	/Game/Maps/world/world_01/World_01_Collection/TreasureBox/TreasureBox03_Mount.TreasureBox03_Mount	TreasureBox03_Mount	TreasureBox03_Mount_C	CID
9415464638149713345	DT_Unlock_G2_10328	10320128	18076	254956	-805	0	False	10320128	/Game/Maps/world/world_01/World_01_Collection/TreasureBox/TreasureBox02_Mount.TreasureBox02_Mount	TreasureBox02_Mount	TreasureBox02_Mount_C	CID
16365342425295989427	DT_Unlock_G2_11105	11120105	271407	100324	14051	0	False	11120105	/Game/Maps/world/world_01/World_01_Collection/TreasureBox/TreasureBox02.TreasureBox02	TreasureBox02	TreasureBox02_C	CID
14189208392481293157	DT_Unlock_G1_11126	11110126	308943	64776	29517	0	False	11110126	/Game/Maps/world/world_01/World_01_Collection/TreasureBox/TreasureBox01.TreasureBox01	TreasureBox01	TreasureBox01_C	CID
14189205093946408524	DT_Unlock_G1_11125	11110125	304393	58746	28495	0	False	11110125	/Game/Maps/world/world_01/World_01_Collection/TreasureBox/TreasureBox01.TreasureBox01	TreasureBox01	TreasureBox01_C	CID
14189206193458036735	DT_Unlock_G1_11124	11110124	234511	81692	17319	0	False	11110124	/Game/Maps/world/world_01/World_01_Collection/TreasureBox/TreasureBox01.TreasureBox01	TreasureBox01	TreasureBox01_C	CID
14189202894923152102	DT_Unlock_G1_11123	11110123	290234	80107	21919	0	False	11110123	/Game/Maps/world/world_01/World_01_Collection/TreasureBox/TreasureBox01.TreasureBox01	TreasureBox01	TreasureBox01_C	CID
14189203994434780313	DT_Unlock_G1_11122	11110122	279731	99068	14836	0	False	11110122	/Game/Maps/world/world_01/World_01_Collection/TreasureBox/TreasureBox01.TreasureBox01	TreasureBox01	TreasureBox01_C	CID
14189200695899895680	DT_Unlock_G1_11121	11110121	306717	112623	6756	0	False	11110121	/Game/Maps/world/world_01/World_01_Collection/TreasureBox/TreasureBox01.TreasureBox01	TreasureBox01	TreasureBox01_C	CID
12670354489354283537	DT_Unlock_G3_11102	11130102	271507	65289	19724	0	False	11130102	/Game/Maps/world/world_01/World_01_Collection/TreasureBox/TreasureBox03_Mount.TreasureBox03_Mount	TreasureBox03_Mount	TreasureBox03_Mount_C	CID
12670351190819398904	DT_Unlock_G3_11101	11130101	325243	182090	23918	0	False	11130101	/Game/Maps/world/world_01/World_01_Collection/TreasureBox/TreasureBox03.TreasureBox03	TreasureBox03	TreasureBox03_C	CID
3808478440119335391	DT_Monster_G3_10408	10430208	149908	135311	8019	0	False	10430208	/Game/Maps/world/world_01/World_01_Collection/TreasureBox/TreasureBox03.TreasureBox03	TreasureBox03	TreasureBox03_C	CID
14189201795411523891	DT_Unlock_G1_11120	11110120	285111	134521	7763	0	False	11110120	/Game/Maps/world/world_01/World_01_Collection/TreasureBox/TreasureBox01.TreasureBox01	TreasureBox01	TreasureBox01_C	CID
3808483937677476446	DT_Monster_G3_10407	10430207	92426	139168	8936	0	False	10430207	/Game/Maps/world/world_01/World_01_Collection/TreasureBox/TreasureBox03.TreasureBox03	TreasureBox03	TreasureBox03_C	CID
16365341325784361216	DT_Unlock_G2_11104	11120104	320796	178877	18162	0	False	11120104	/Game/Maps/world/world_01/World_01_Collection/TreasureBox/TreasureBox02.TreasureBox02	TreasureBox02	TreasureBox02_C	CID
9414467381103115193	DT_Unlock_G2_10333	10320133	42576	224740	5010	0	False	10320133	/Game/Maps/world/world_01/World_01_Collection/TreasureBox/TreasureBox02.TreasureBox02	TreasureBox02	TreasureBox02_C	CID
16365349022365758693	DT_Unlock_G2_11103	11120103	259601	70946	21156	0	False	11120103	/Game/Maps/world/world_01/World_01_Collection/TreasureBox/TreasureBox02.TreasureBox02	TreasureBox02	TreasureBox02_C	CID
9414466281591486982	DT_Unlock_G2_10332	10320132	102499	192036	3584	0	False	10320132	/Game/Maps/world/world_01/World_01_Collection/TreasureBox/TreasureBox02.TreasureBox02	TreasureBox02	TreasureBox02_C	CID
8885782264082428099	DT_Unlock_G1_10332	10310132	121388	228052	2432	0	False	10310132	/Game/Maps/world/world_01/World_01_Collection/TreasureBox/TreasureBox01.TreasureBox01	TreasureBox01	TreasureBox01_C	CID
16365347922854130482	DT_Unlock_G2_11102	11120102	270587	144178	-656	0	False	11120102	/Game/Maps/world/world_01/World_01_Collection/TreasureBox/TreasureBox02.TreasureBox02	TreasureBox02	TreasureBox02_C	CID
8885783363594056310	DT_Unlock_G1_10331	10310131	61251	193562	3472	0	False	10310131	/Game/Maps/world/world_01/World_01_Collection/TreasureBox/TreasureBox01.TreasureBox01	TreasureBox01	TreasureBox01_C	CID
9414465182079858771	DT_Unlock_G2_10331	10320131	127078	211604	5533	0	False	10320131	/Game/Maps/world/world_01/World_01_Collection/TreasureBox/TreasureBox02.TreasureBox02	TreasureBox02	TreasureBox02_C	CID
14186394742225268883	DT_Unlock_G1_11119	11110119	274709	46425	24861	0	False	11110119	/Game/Maps/world/world_01/World_01_Collection/TreasureBox/TreasureBox01.TreasureBox01	TreasureBox01	TreasureBox01_C	CID
14186393642713640672	DT_Unlock_G1_11118	11110118	259513	156061	-691	0	False	11110118	/Game/Maps/world/world_01/World_01_Collection/TreasureBox/TreasureBox01.TreasureBox01	TreasureBox01	TreasureBox01_C	CID
14186410135388063837	DT_Unlock_G1_11117	11110117	273113	144675	5036	0	False	11110117	/Game/Maps/world/world_01/World_01_Collection/TreasureBox/TreasureBox01.TreasureBox01	TreasureBox01	TreasureBox01_C	CID
14186409035876435626	DT_Unlock_G1_11116	11110116	275762	130035	2760	0	False	11110116	/Game/Maps/world/world_01/World_01_Collection/TreasureBox/TreasureBox01.TreasureBox01	TreasureBox01	TreasureBox01_C	CID
14186407936364807415	DT_Unlock_G1_11115	11110115	309360	129759	11694	0	False	11110115	/Game/Maps/world/world_01/World_01_Collection/TreasureBox/TreasureBox01.TreasureBox01	TreasureBox01	TreasureBox01_C	CID
16365346823342502271	DT_Unlock_G2_11101	11120101	300634	111909	12449	0	False	11120101	/Game/Maps/world/world_01/World_01_Collection/TreasureBox/TreasureBox02.TreasureBox02	TreasureBox02	TreasureBox02_C	CID
9415456941568315868	DT_Unlock_G2_10327	10320127	19443	232428	-784	0	False	10320127	/Game/Maps/world/world_01/World_01_Collection/TreasureBox/TreasureBox02_Mount.TreasureBox02_Mount	TreasureBox02_Mount	TreasureBox02_Mount_C	CID
14186406836853179204	DT_Unlock_G1_11114	11110114	297357	126462	11664	0	False	11110114	/Game/Maps/world/world_01/World_01_Collection/TreasureBox/TreasureBox01.TreasureBox01	TreasureBox01	TreasureBox01_C	CID
7951673030537812454	DT_Monster_G2_10323	10320223	104840	197054	6579	0	False	10320223	/Game/Maps/world/world_01/World_01_Collection/TreasureBox/TreasureBox02.TreasureBox02	TreasureBox02	TreasureBox02_C	CID
9414464082568230560	DT_Unlock_G2_10330	10320130	67321	218960	5986	0	False	10320130	/Game/Maps/world/world_01/World_01_Collection/TreasureBox/TreasureBox02.TreasureBox02	TreasureBox02	TreasureBox02_C	CID
9415463538638085134	DT_Unlock_G2_10329	10320129	84999	198539	5524	0	False	10320129	/Game/Maps/world/world_01/World_01_Collection/TreasureBox/TreasureBox02.TreasureBox02	TreasureBox02	TreasureBox02_C	CID
9415458041079944079	DT_Unlock_G2_10326	10320126	48320	245554	-798	0	False	10320126	/Game/Maps/world/world_01/World_01_Collection/TreasureBox/TreasureBox02_Mount.TreasureBox02_Mount	TreasureBox02_Mount	TreasureBox02_Mount_C	CID
9415459140591572290	DT_Unlock_G2_10325	10320125	65345	255449	-785	0	False	10320125	/Game/Maps/world/world_01/World_01_Collection/TreasureBox/TreasureBox02_Mount.TreasureBox02_Mount	TreasureBox02_Mount	TreasureBox02_Mount_C	CID
14186405737341550993	DT_Unlock_G1_11113	11110113	306064	141722	10680	0	False	11110113	/Game/Maps/world/world_01/World_01_Collection/TreasureBox/TreasureBox01.TreasureBox01	TreasureBox01	TreasureBox01_C	CID
16366336383807702946	DT_Unlock_G2_11111	11120111	284699	132312	10857	0	False	11120111	/Game/Maps/world/world_01/World_01_Collection/TreasureBox/TreasureBox02.TreasureBox02	TreasureBox02	TreasureBox02_C	CID
16366337483319331157	DT_Unlock_G2_11110	11120110	314778	67042	30652	0	False	11120110	/Game/Maps/world/world_01/World_01_Collection/TreasureBox/TreasureBox02.TreasureBox02	TreasureBox02	TreasureBox02_C	CID
1967483658121175091	DT_Monster_G3_10314	10330214	92083	195752	4663	0	False	10330214	/Game/Maps/world/world_01/World_01_Collection/TreasureBox/TreasureBox03.TreasureBox03	TreasureBox03	TreasureBox03_C	CID
7951674130049440665	DT_Monster_G2_10322	10320222	99448	222999	3424	0	False	10320222	/Game/Maps/world/world_01/World_01_Collection/TreasureBox/TreasureBox02.TreasureBox02	TreasureBox02	TreasureBox02_C	CID
7951670831514556032	DT_Monster_G2_10321	10320221	78280	197618	4191	0	False	10320221	/Game/Maps/world/world_01/World_01_Collection/TreasureBox/TreasureBox02.TreasureBox02	TreasureBox02	TreasureBox02_C	CID
14186404637829922782	DT_Unlock_G1_11112	11110112	320486	138465	10407	0	False	11110112	/Game/Maps/world/world_01/World_01_Collection/TreasureBox/TreasureBox01.TreasureBox01	TreasureBox01	TreasureBox01_C	CID
14186403538318294571	DT_Unlock_G1_11111	11110111	267171	107652	298	0	False	11110111	/Game/Maps/world/world_01/World_01_Collection/TreasureBox/TreasureBox01.TreasureBox01	TreasureBox01	TreasureBox01_C	CID
14186402438806666360	DT_Unlock_G1_11110	11110110	296805	170443	13046	0	False	11110110	/Game/Maps/world/world_01/World_01_Collection/TreasureBox/TreasureBox01.TreasureBox01	TreasureBox01	TreasureBox01_C	CID
10122460594594024846	DT_PressurePuzzle_G4_15020	15020	239015	85152	-638	0	False	15020	/Game/Maps/world/world_01/World_01_Collection/TreasureBox/TreasureBox04.TreasureBox04	TreasureBox04	TreasureBox04_C	CID
14187384302690469558	DT_Unlock_G1_11109	11110109	307225	122657	11996	0	False	11110109	/Game/Maps/world/world_01/World_01_Collection/TreasureBox/TreasureBox01.TreasureBox01	TreasureBox01	TreasureBox01_C	CID
4781251945544467355	DT_Unlock_G3_10309	10330109	68372	263392	-1205	0	False	10330109	/Game/Maps/world/world_01/World_01_Collection/TreasureBox/TreasureBox03_Mount.TreasureBox03_Mount	TreasureBox03_Mount	TreasureBox03_Mount_C	CID
14187385402202097769	DT_Unlock_G1_11108	11110108	247483	64491	24273	0	False	11110108	/Game/Maps/world/world_01/World_01_Collection/TreasureBox/TreasureBox01.TreasureBox01	TreasureBox01	TreasureBox01_C	CID
14187395297806751668	DT_Unlock_G1_11107	11110107	229219	44672	17538	0	False	11110107	/Game/Maps/world/world_01/World_01_Collection/TreasureBox/TreasureBox01.TreasureBox01	TreasureBox01	TreasureBox01_C	CID
14187396397318379879	DT_Unlock_G1_11106	11110106	295061	62202	25714	0	False	11110106	/Game/Maps/world/world_01/World_01_Collection/TreasureBox/TreasureBox01.TreasureBox01	TreasureBox01	TreasureBox01_C	CID
4781250846032839144	DT_Unlock_G3_10308	10330108	62892	247189	-2634	0	False	10330108	/Game/Maps/world/world_01/World_01_Collection/TreasureBox/TreasureBox03_Mount.TreasureBox03_Mount	TreasureBox03_Mount	TreasureBox03_Mount_C	CID
14187397496830008090	DT_Unlock_G1_11105	11110105	327651	168653	18358	0	False	11110105	/Game/Maps/world/world_01/World_01_Collection/TreasureBox/TreasureBox01.TreasureBox01	TreasureBox01	TreasureBox01_C	CID
14187398596341636301	DT_Unlock_G1_11104	11110104	221119	60186	15656	0	False	11110104	/Game/Maps/world/world_01/World_01_Collection/TreasureBox/TreasureBox01.TreasureBox01	TreasureBox01	TreasureBox01_C	CID
4821710677497657687	DT_PressurePuzzle_G4_14028	14028	183109	78694	3037	0	False	14028	/Game/Maps/world/world_01/World_01_Collection/TreasureBox/TreasureBox04.TreasureBox04	TreasureBox04	TreasureBox04_C	CID
1967489155679316146	DT_Monster_G3_10313	10330213	88447	182626	7331	0	False	10330213	/Game/Maps/world/world_01/World_01_Collection/TreasureBox/TreasureBox03.TreasureBox03	TreasureBox03	TreasureBox03_C	CID
1967490255190944357	DT_Monster_G3_10312	10330212	48327	234132	-428	0	False	10330212	/Game/Maps/world/world_01/World_01_Collection/TreasureBox/TreasureBox03.TreasureBox03	TreasureBox03	TreasureBox03_C	CID
1967486956656059724	DT_Monster_G3_10311	10330211	98773	208684	1565	0	False	10330211	/Game/Maps/world/world_01/World_01_Collection/TreasureBox/TreasureBox03.TreasureBox03	TreasureBox03	TreasureBox03_C	CID
16367327043784531832	DT_Unlock_G2_11122	11120122	322913	122832	13551	0	False	11120122	/Game/Maps/world/world_01/World_01_Collection/TreasureBox/TreasureBox02.TreasureBox02	TreasureBox02	TreasureBox02_C	CID
16367330342319416465	DT_Unlock_G2_11121	11120121	311372	121630	11858	0	False	11120121	/Game/Maps/world/world_01/World_01_Collection/TreasureBox/TreasureBox02.TreasureBox02	TreasureBox02	TreasureBox02_C	CID
16367329242807788254	DT_Unlock_G2_11120	11120120	287287	161716	11887	0	False	11120120	/Game/Maps/world/world_01/World_01_Collection/TreasureBox/TreasureBox02.TreasureBox02	TreasureBox02	TreasureBox02_C	CID
16366345179900728634	DT_Unlock_G2_11119	11120119	261800	61524	26787	0	False	11120119	/Game/Maps/world/world_01/World_01_Collection/TreasureBox/TreasureBox02.TreasureBox02	TreasureBox02	TreasureBox02_C	CID
16366346279412356845	DT_Unlock_G2_11118	11120118	245799	102518	-461	0	False	11120118	/Game/Maps/world/world_01/World_01_Collection/TreasureBox/TreasureBox02.TreasureBox02	TreasureBox02	TreasureBox02_C	CID
4821698582869747366	DT_PressurePuzzle_G4_14027	14027	146546	139970	7512	0	False	14027	/Game/Maps/world/world_01/World_01_Collection/TreasureBox/TreasureBox04.TreasureBox04	TreasureBox04	TreasureBox04_C	CID
16366329786737933680	DT_Unlock_G2_11117	11120117	342383	156719	14387	0	False	11120117	/Game/Maps/world/world_01/World_01_Collection/TreasureBox/TreasureBox02.TreasureBox02	TreasureBox02	TreasureBox02_C	CID
16366330886249561891	DT_Unlock_G2_11116	11120116	231418	62532	22567	0	False	11120116	/Game/Maps/world/world_01/World_01_Collection/TreasureBox/TreasureBox02.TreasureBox02	TreasureBox02	TreasureBox02_C	CID
16366331985761190102	DT_Unlock_G2_11115	11120115	235749	99244	14099	0	False	11120115	/Game/Maps/world/world_01/World_01_Collection/TreasureBox/TreasureBox02.TreasureBox02	TreasureBox02	TreasureBox02_C	CID
14193030294900197693	DT_Unlock_G1_11162	11110162	331500	185991	18810	0	False	11110162	/Game/Maps/world/world_01/World_01_Collection/TreasureBox/TreasureBox01.TreasureBox01	TreasureBox01	TreasureBox01_C	CID
14193026996365313060	DT_Unlock_G1_11161	11110161	319124	165578	18358	0	False	11110161	/Game/Maps/world/world_01/World_01_Collection/TreasureBox/TreasureBox01.TreasureBox01	TreasureBox01	TreasureBox01_C	CID
14193028095876941271	DT_Unlock_G1_11160	11110160	297466	173424	17960	0	False	11110160	/Game/Maps/world/world_01/World_01_Collection/TreasureBox/TreasureBox01.TreasureBox01	TreasureBox01	TreasureBox01_C	CID
14190203450504634887	DT_Unlock_G1_11159	11110159	310504	187835	18358	0	False	11110159	/Game/Maps/world/world_01/World_01_Collection/TreasureBox/TreasureBox01.TreasureBox01	TreasureBox01	TreasureBox01_C	CID
14188245220295169546	DT_Unlock_G1_11130	11110130	295346	52999	28059	0	False	11110130	/Game/Maps/world/world_01/World_01_Collection/TreasureBox/TreasureBox01.TreasureBox01	TreasureBox01	TreasureBox01_C	CID
14189209491992921368	DT_Unlock_G1_11129	11110129	259911	38019	24902	0	False	11110129	/Game/Maps/world/world_01/World_01_Collection/TreasureBox/TreasureBox01.TreasureBox01	TreasureBox01	TreasureBox01_C	CID
14189210591504549579	DT_Unlock_G1_11128	11110128	284832	73649	24827	0	False	11110128	/Game/Maps/world/world_01/World_01_Collection/TreasureBox/TreasureBox01.TreasureBox01	TreasureBox01	TreasureBox01_C	CID
14189207292969664946	DT_Unlock_G1_11127	11110127	310903	74476	31021	0	False	11110127	/Game/Maps/world/world_01/World_01_Collection/TreasureBox/TreasureBox01.TreasureBox01	TreasureBox01	TreasureBox01_C	CID
8605593277594646236	DT_Monster_G2_10413	10420213	88118	122595	4622	0	False	10420213	/Game/Maps/world/world_01/World_01_Collection/TreasureBox/TreasureBox02.TreasureBox02	TreasureBox02	TreasureBox02_C	CID
3808485037189104657	DT_Monster_G3_10406	10430206	102448	153867	9347	0	False	10430206	/Game/Maps/world/world_01/World_01_Collection/TreasureBox/TreasureBox03.TreasureBox03	TreasureBox03	TreasureBox03_C	CID
16365343524807617638	DT_Unlock_G2_11106	11120106	299745	74827	28925	0	False	11120106	/Game/Maps/world/world_01/World_01_Collection/TreasureBox/TreasureBox02.TreasureBox02	TreasureBox02	TreasureBox02_C	CID
12670353389842655326	DT_Unlock_G3_11103	11130103	250709	34939	23761	0	False	11130103	/Game/Maps/world/world_01/World_01_Collection/TreasureBox/TreasureBox03.TreasureBox03	TreasureBox03	TreasureBox03_C	CID
12670355588865911748	DT_Unlock_G3_11105	11130105	282940	177261	227	0	False	11130105	/Game/Maps/world/world_01/World_01_Collection/TreasureBox/TreasureBox03.TreasureBox03	TreasureBox03	TreasureBox03_C	CID
16365355619435527959	DT_Unlock_G2_11109	11120109	299549	160882	13649	0	False	11120109	/Game/Maps/world/world_01/World_01_Collection/TreasureBox/TreasureBox02.TreasureBox02	TreasureBox02	TreasureBox02_C	CID
16365354519923899748	DT_Unlock_G2_11108	11120108	275216	78957	22970	0	False	11120108	/Game/Maps/world/world_01/World_01_Collection/TreasureBox/TreasureBox02.TreasureBox02	TreasureBox02	TreasureBox02_C	CID
16365344624319245849	DT_Unlock_G2_11107	11120107	315957	78410	32166	0	False	11120107	/Game/Maps/world/world_01/World_01_Collection/TreasureBox/TreasureBox02.TreasureBox02	TreasureBox02	TreasureBox02_C	CID
14188237523713772069	DT_Unlock_G1_11139	11110139	251700	48361	22929	0	False	11110139	/Game/Maps/world/world_01/World_01_Collection/TreasureBox/TreasureBox01.TreasureBox01	TreasureBox01	TreasureBox01_C	CID
8605595476617902658	DT_Monster_G2_10411	10420211	128762	127571	13010	0	False	10420211	/Game/Maps/world/world_01/World_01_Collection/TreasureBox/TreasureBox02.TreasureBox02	TreasureBox02	TreasureBox02_C	CID
3808481738654220024	DT_Monster_G3_10405	10430205	104425	133258	3131	0	False	10430205	/Game/Maps/world/world_01/World_01_Collection/TreasureBox/TreasureBox03.TreasureBox03	TreasureBox03	TreasureBox03_C	CID
14188236424202143858	DT_Unlock_G1_11138	11110138	218999	80817	14814	0	False	11110138	/Game/Maps/world/world_01/World_01_Collection/TreasureBox/TreasureBox01.TreasureBox01	TreasureBox01	TreasureBox01_C	CID
14188239722737028491	DT_Unlock_G1_11137	11110137	293809	112787	13452	0	False	11110137	/Game/Maps/world/world_01/World_01_Collection/TreasureBox/TreasureBox01.TreasureBox01	TreasureBox01	TreasureBox01_C	CID
8605596576129530869	DT_Monster_G2_10410	10420210	134305	128214	12433	0	False	10420210	/Game/Maps/world/world_01/World_01_Collection/TreasureBox/TreasureBox02.TreasureBox02	TreasureBox02	TreasureBox02_C	CID
10121461138524170272	DT_PressurePuzzle_G4_15017	15017	101351	201015	4891	0	False	15017	/Game/Maps/world/world_01/World_01_Collection/TreasureBox/TreasureBox04.TreasureBox04	TreasureBox04	TreasureBox04_C	CID
14188238623225400280	DT_Unlock_G1_11136	11110136	250167	85389	17540	0	False	11110136	/Game/Maps/world/world_01/World_01_Collection/TreasureBox/TreasureBox01.TreasureBox01	TreasureBox01	TreasureBox01_C	CID
14188241921760284913	DT_Unlock_G1_11135	11110135	240529	70454	18859	0	False	11110135	/Game/Maps/world/world_01/World_01_Collection/TreasureBox/TreasureBox01.TreasureBox01	TreasureBox01	TreasureBox01_C	CID
8605594377106274447	DT_Monster_G2_10412	10420212	112346	119653	12434	0	False	10420212	/Game/Maps/world/world_01/World_01_Collection/TreasureBox/TreasureBox02.TreasureBox02	TreasureBox02	TreasureBox02_C	CID
14188240822248656702	DT_Unlock_G1_11134	11110134	247409	27678	21439	0	False	11110134	/Game/Maps/world/world_01/World_01_Collection/TreasureBox/TreasureBox01.TreasureBox01	TreasureBox01	TreasureBox01_C	CID
4781249746521210933	DT_Unlock_G3_10307	10330107	99824	241545	-1770	0	False	10330107	/Game/Maps/world/world_01/World_01_Collection/TreasureBox/TreasureBox03_Mount.TreasureBox03_Mount	TreasureBox03_Mount	TreasureBox03_Mount_C	CID
14187390899760238824	DT_Unlock_G1_11103	11110103	312228	156387	10947	0	False	11110103	/Game/Maps/world/world_01/World_01_Collection/TreasureBox/TreasureBox01.TreasureBox01	TreasureBox01	TreasureBox01_C	CID
14187391999271867035	DT_Unlock_G1_11102	11110102	284806	167562	12802	0	False	11110102	/Game/Maps/world/world_01/World_01_Collection/TreasureBox/TreasureBox01.TreasureBox01	TreasureBox01	TreasureBox01_C	CID
14187393098783495246	DT_Unlock_G1_11101	11110101	262253	89665	-623	0	False	11110101	/Game/Maps/world/world_01/World_01_Collection/TreasureBox/TreasureBox01.TreasureBox01	TreasureBox01	TreasureBox01_C	CID
4781248647009582722	DT_Unlock_G3_10306	10330106	91193	235300	-1205	0	False	10330106	/Game/Maps/world/world_01/World_01_Collection/TreasureBox/TreasureBox03_Mount.TreasureBox03_Mount	TreasureBox03_Mount	TreasureBox03_Mount_C	CID
9415460240103200501	DT_Unlock_G2_10324	10320124	90887	226589	-793	0	False	10320124	/Game/Maps/world/world_01/World_01_Collection/TreasureBox/TreasureBox02_Mount.TreasureBox02_Mount	TreasureBox02_Mount	TreasureBox02_Mount_C	CID
14188244120783541335	DT_Unlock_G1_11133	11110133	262906	73756	23338	0	False	11110133	/Game/Maps/world/world_01/World_01_Collection/TreasureBox/TreasureBox01.TreasureBox01	TreasureBox01	TreasureBox01_C	CID
14188243021271913124	DT_Unlock_G1_11132	11110132	270377	64961	25396	0	False	11110132	/Game/Maps/world/world_01/World_01_Collection/TreasureBox/TreasureBox01.TreasureBox01	TreasureBox01	TreasureBox01_C	CID
14188246319806797757	DT_Unlock_G1_11131	11110131	244003	38369	22979	0	False	11110131	/Game/Maps/world/world_01/World_01_Collection/TreasureBox/TreasureBox01.TreasureBox01	TreasureBox01	TreasureBox01_C	CID
15135027658777482363	DT_Key_G4_10503	10540303	157551	112710	905	0	False	10540303	/Game/Maps/world/world_01/World_01_Collection/TreasureBox/TreasureBox04Key.TreasureBox04Key	TreasureBox04Key	TreasureBox04Key_C	CID
1810921819432714180	DT_Map_G5_10502	10550402	144345	44531	14409	0	False	10550402	/Game/Maps/world/world_01/World_01_Collection/TreasureBox/TreasureBox06.TreasureBox06	TreasureBox06	TreasureBox06_C	CID
15135026559265854152	DT_Key_G4_10502	10540302	181416	118954	10997	0	False	10540302	/Game/Maps/world/world_01/World_01_Collection/TreasureBox/TreasureBox04Key.TreasureBox04Key	TreasureBox04Key	TreasureBox04Key_C	CID
15135029857800738785	DT_Key_G4_10501	10540301	139921	60596	13645	0	False	10540301	/Game/Maps/world/world_01/World_01_Collection/TreasureBox/TreasureBox04Key.TreasureBox04Key	TreasureBox04Key	TreasureBox04Key_C	CID
8556807750059743583	DT_Unlock_G3_10503	10530103	188491	41501	23772	0	False	10530103	/Game/Maps/world/world_01/World_01_Collection/TreasureBox/TreasureBox03.TreasureBox03	TreasureBox03	TreasureBox03_C	CID
8556806650548115372	DT_Unlock_G3_10502	10530102	179912	112079	12506	0	False	10530102	/Game/Maps/world/world_01/World_01_Collection/TreasureBox/TreasureBox03.TreasureBox03	TreasureBox03	TreasureBox03_C	CID
8556809949083000005	DT_Unlock_G3_10501	10530101	148117	41434	25621	0	False	10530101	/Game/Maps/world/world_01/World_01_Collection/TreasureBox/TreasureBox03.TreasureBox03	TreasureBox03	TreasureBox03_C	CID
12538087557050100044	DT_Unlock_G2_10402	10420102	119177	90162	7027	0	False	10420102	/Game/Maps/world/world_01/World_01_Collection/TreasureBox/TreasureBox02.TreasureBox02	TreasureBox02	TreasureBox02_C	CID
15896153735231189397	DT_Monster_G4_10401	10440201	118160	111941	9550	0	False	10440201	/Game/Maps/world/world_01/World_01_Collection/TreasureBox/TreasureBox04.TreasureBox04	TreasureBox04	TreasureBox04_C	CID
13070418310725251966	DT_Unlock_G2_10505	10520105	142461	49878	12865	0	False	10520105	/Game/Maps/world/world_01/World_01_Collection/TreasureBox/TreasureBox02.TreasureBox02	TreasureBox02	TreasureBox02_C	CID
13070419410236880177	DT_Unlock_G2_10504	10520104	143695	35747	16499	0	False	10520104	/Game/Maps/world/world_01/World_01_Collection/TreasureBox/TreasureBox02.TreasureBox02	TreasureBox02	TreasureBox02_C	CID
5111075282543941538	DT_Unlock_G1_10506	10510106	134281	87982	6173	0	False	10510106	/Game/Maps/world/world_01/World_01_Collection/TreasureBox/TreasureBox01.TreasureBox01	TreasureBox01	TreasureBox01_C	CID
8604602617617817350	DT_Monster_G2_10406	10420206	122758	107897	6548	0	False	10420206	/Game/Maps/world/world_01/World_01_Collection/TreasureBox/TreasureBox02.TreasureBox02	TreasureBox02	TreasureBox02_C	CID
13070421609260136599	DT_Unlock_G2_10502	10520102	139487	53732	13001	0	False	10520102	/Game/Maps/world/world_01/World_01_Collection/TreasureBox/TreasureBox02.TreasureBox02	TreasureBox02	TreasureBox02_C	CID
13070422708771764810	DT_Unlock_G2_10501	10520101	133469	78437	8125	0	False	10520101	/Game/Maps/world/world_01/World_01_Collection/TreasureBox/TreasureBox02.TreasureBox02	TreasureBox02	TreasureBox02_C	CID
12539080416050185352	DT_Unlock_G2_10411	10420111	123735	98689	6426	0	False	10420111	/Game/Maps/world/world_01/World_01_Collection/TreasureBox/TreasureBox02.TreasureBox02	TreasureBox02	TreasureBox02_C	CID
5111071984009056905	DT_Unlock_G1_10503	10510103	154812	56669	12077	0	False	10510103	/Game/Maps/world/world_01/World_01_Collection/TreasureBox/TreasureBox01.TreasureBox01	TreasureBox01	TreasureBox01_C	CID
5111070884497428694	DT_Unlock_G1_10502	10510102	116286	68693	5110	0	False	10510102	/Game/Maps/world/world_01/World_01_Collection/TreasureBox/TreasureBox01.TreasureBox01	TreasureBox01	TreasureBox01_C	CID
3808486136700732868	DT_Monster_G3_10401	10430201	117475	102594	6702	0	False	10430201	/Game/Maps/world/world_01/World_01_Collection/TreasureBox/TreasureBox03.TreasureBox03	TreasureBox03	TreasureBox03_C	CID
5111069784985800483	DT_Unlock_G1_10501	10510101	127371	73105	7636	0	False	10510101	/Game/Maps/world/world_01/World_01_Collection/TreasureBox/TreasureBox01.TreasureBox01	TreasureBox01	TreasureBox01_C	CID
17791618541880274769	DT_Map_G5_10101	10150401	32342	98005	10006	0	False	10150401	/Game/Maps/world/world_01/World_01_Collection/TreasureBox/TreasureBox06.TreasureBox06	TreasureBox06	TreasureBox06_C	CID
6090763697332637189	DT_Unlock_G3_10105	10130105	26865	91895	3620	0	False	10130105	/Game/Maps/world/world_01/World_01_Collection/TreasureBox/TreasureBox03.TreasureBox03	TreasureBox03	TreasureBox03_C	CID
17601077209062729812	DT_Key_G4_10102	10140302	25335	91491	-338	0	False	10140302	/Game/Maps/world/world_01/World_01_Collection/TreasureBox/TreasureBox04Key.TreasureBox04Key	TreasureBox04Key	TreasureBox04Key_C	CID
10604372058974889150	DT_Unlock_G2_10101	10120101	58600	107711	1181	0	False	10120101	/Game/Maps/world/world_01/World_01_Collection/TreasureBox/TreasureBox02.TreasureBox02	TreasureBox02	TreasureBox02_C	CID
14480259688255487125	DT_Key_G4_10606	10640306	75902	89637	101	0	False	10640306	/Game/Maps/world/world_01/World_01_Collection/TreasureBox/TreasureBox04Key.TreasureBox04Key	TreasureBox04Key	TreasureBox04Key_C	CID
7931614443307501848	DT_Unlock_G3_10612	10630112	87054	81081	-150	0	False	10630112	/Game/Maps/world/world_01/World_01_Collection/TreasureBox/TreasureBox03.TreasureBox03	TreasureBox03	TreasureBox03_C	CID
11261096060683093307	DT_Unlock_G2_10623	10620123	81296	75551	1290	0	False	10620123	/Game/Maps/world/world_01/World_01_Collection/TreasureBox/TreasureBox02.TreasureBox02	TreasureBox02	TreasureBox02_C	CID
7931617741842386481	DT_Unlock_G3_10611	10630111	110369	56032	9270	0	False	10630111	/Game/Maps/world/world_01/World_01_Collection/TreasureBox/TreasureBox03.TreasureBox03	TreasureBox03	TreasureBox03_C	CID
7931616642330758270	DT_Unlock_G3_10610	10630110	84980	71296	4391	0	False	10630110	/Game/Maps/world/world_01/World_01_Collection/TreasureBox/TreasureBox03.TreasureBox03	TreasureBox03	TreasureBox03_C	CID
7932598506214561468	DT_Unlock_G3_10609	10630109	15586	24657	22329	0	False	10630109	/Game/Maps/world/world_01/World_01_Collection/TreasureBox/TreasureBox03.TreasureBox03	TreasureBox03	TreasureBox03_C	CID
7932599605726189679	DT_Unlock_G3_10608	10630108	88694	79382	2512	0	False	10630108	/Game/Maps/world/world_01/World_01_Collection/TreasureBox/TreasureBox03.TreasureBox03	TreasureBox03	TreasureBox03_C	CID
16131314525651873400	DT_Dig_G3_10601	10630501	73678	80781	-572	0	False	10630501	/Game/Maps/world/world_01/World_01_Collection/TreasureBox/TreasureBox03.TreasureBox03	TreasureBox03	TreasureBox03_C	CID
7932605103284330734	DT_Unlock_G3_10607	10630107	83848	90519	-614	0	False	10630107	/Game/Maps/world/world_01/World_01_Collection/TreasureBox/TreasureBox03.TreasureBox03	TreasureBox03	TreasureBox03_C	CID
11261094961171465096	DT_Unlock_G2_10622	10620122	73462	94143	-646	0	False	10620122	/Game/Maps/world/world_01/World_01_Collection/TreasureBox/TreasureBox02.TreasureBox02	TreasureBox02	TreasureBox02_C	CID
11261098259706349729	DT_Unlock_G2_10621	10620121	68576	64798	1365	0	False	10620121	/Game/Maps/world/world_01/World_01_Collection/TreasureBox/TreasureBox02.TreasureBox02	TreasureBox02	TreasureBox02_C	CID
11261097160194721518	DT_Unlock_G2_10620	10620120	62710	81810	-635	0	False	10620120	/Game/Maps/world/world_01/World_01_Collection/TreasureBox/TreasureBox02.TreasureBox02	TreasureBox02	TreasureBox02_C	CID
11260113097287661898	DT_Unlock_G2_10619	10620119	79169	83770	1495	0	False	10620119	/Game/Maps/world/world_01/World_01_Collection/TreasureBox/TreasureBox02.TreasureBox02	TreasureBox02	TreasureBox02_C	CID
11260114196799290109	DT_Unlock_G2_10618	10620118	84389	89044	1362	0	False	10620118	/Game/Maps/world/world_01/World_01_Collection/TreasureBox/TreasureBox02.TreasureBox02	TreasureBox02	TreasureBox02_C	CID
6952073363076986471	DT_Unlock_G1_10615	10610115	32908	40871	18446	0	False	10610115	/Game/Maps/world/world_01/World_01_Collection/TreasureBox/TreasureBox01.TreasureBox01	TreasureBox01	TreasureBox01_C	CID
6952072263565358260	DT_Unlock_G1_10614	10610114	72184	71495	838	0	False	10610114	/Game/Maps/world/world_01/World_01_Collection/TreasureBox/TreasureBox01.TreasureBox01	TreasureBox01	TreasureBox01_C	CID
6952071164053730049	DT_Unlock_G1_10613	10610113	70636	73064	-629	0	False	10610113	/Game/Maps/world/world_01/World_01_Collection/TreasureBox/TreasureBox01.TreasureBox01	TreasureBox01	TreasureBox01_C	CID
6952070064542101838	DT_Unlock_G1_10612	10610112	75961	87236	405	0	False	10610112	/Game/Maps/world/world_01/World_01_Collection/TreasureBox/TreasureBox01.TreasureBox01	TreasureBox01	TreasureBox01_C	CID
6952068965030473627	DT_Unlock_G1_10611	10610111	74394	90799	-431	0	False	10610111	/Game/Maps/world/world_01/World_01_Collection/TreasureBox/TreasureBox01.TreasureBox01	TreasureBox01	TreasureBox01_C	CID
10502801298881902394	DT_Dig_G2_10101	10120501	51007	130711	457	0	False	10120501	/Game/Maps/world/world_01/World_01_Collection/TreasureBox/TreasureBox02.TreasureBox02	TreasureBox02	TreasureBox02_C	CID
9211580118628251665	DT_Unlock_G3_10404	10430104	129940	147316	900	0	False	10430104	/Game/Maps/world/world_01/World_01_Collection/TreasureBox/TreasureBox03.TreasureBox03	TreasureBox03	TreasureBox03_C	CID
13325091673550688867	DT_Unlock_G3_11203	11230103	204727	108851	8264	0	False	11230103	/Game/Maps/world/world_01/World_01_Collection/TreasureBox/TreasureBox03.TreasureBox03	TreasureBox03	TreasureBox03_C	CID
13325090574039060656	DT_Unlock_G3_11202	11230102	219967	102632	12463	0	False	11230102	/Game/Maps/world/world_01/World_01_Collection/TreasureBox/TreasureBox03.TreasureBox03	TreasureBox03	TreasureBox03_C	CID
13325093872573945289	DT_Unlock_G3_11201	11230101	250780	119956	15212	0	False	11230101	/Game/Maps/world/world_01/World_01_Collection/TreasureBox/TreasureBox03.TreasureBox03	TreasureBox03	TreasureBox03_C	CID
5734482191018854358	DT_Dig_G2_11201	11220501	221589	130308	9150	0	False	11220501	/Game/Maps/world/world_01/World_01_Collection/TreasureBox/TreasureBox02.TreasureBox02	TreasureBox02	TreasureBox02_C	CID
17975059661413405166	DT_Monster_G2_11203	11220203	216030	117224	-636	0	False	11220203	/Game/Maps/world/world_01/World_01_Collection/TreasureBox/TreasureBox02.TreasureBox02	TreasureBox02	TreasureBox02_C	CID
17975060760925033377	DT_Monster_G2_11202	11220202	219475	114526	10901	0	False	11220202	/Game/Maps/world/world_01/World_01_Collection/TreasureBox/TreasureBox02.TreasureBox02	TreasureBox02	TreasureBox02_C	CID
17975057462390148744	DT_Monster_G2_11201	11220201	213220	112921	12074	0	False	11220201	/Game/Maps/world/world_01/World_01_Collection/TreasureBox/TreasureBox02.TreasureBox02	TreasureBox02	TreasureBox02_C	CID
18175666330431259082	DT_Unlock_G2_11212	11220112	249751	123917	10909	0	False	11220112	/Game/Maps/world/world_01/World_01_Collection/TreasureBox/TreasureBox02.TreasureBox02	TreasureBox02	TreasureBox02_C	CID
18175665230919630871	DT_Unlock_G2_11211	11220111	248674	128614	10772	0	False	11220111	/Game/Maps/world/world_01/World_01_Collection/TreasureBox/TreasureBox02.TreasureBox02	TreasureBox02	TreasureBox02_C	CID
18175664131408002660	DT_Unlock_G2_11210	11220110	250675	120213	13224	0	False	11220110	/Game/Maps/world/world_01/World_01_Collection/TreasureBox/TreasureBox02.TreasureBox02	TreasureBox02	TreasureBox02_C	CID
18176645995291805858	DT_Unlock_G2_11209	11220109	250615	119682	12084	0	False	11220109	/Game/Maps/world/world_01/World_01_Collection/TreasureBox/TreasureBox02.TreasureBox02	TreasureBox02	TreasureBox02_C	CID
18176647094803434069	DT_Unlock_G2_11208	11220108	210936	122324	-11	0	False	11220108	/Game/Maps/world/world_01/World_01_Collection/TreasureBox/TreasureBox02.TreasureBox02	TreasureBox02	TreasureBox02_C	CID
18176648194315062280	DT_Unlock_G2_11207	11220107	204359	108299	-621	0	False	11220107	/Game/Maps/world/world_01/World_01_Collection/TreasureBox/TreasureBox02.TreasureBox02	TreasureBox02	TreasureBox02_C	CID
18176649293826690491	DT_Unlock_G2_11206	11220106	222540	102484	12195	0	False	11220106	/Game/Maps/world/world_01/World_01_Collection/TreasureBox/TreasureBox02.TreasureBox02	TreasureBox02	TreasureBox02_C	CID
18176650393338318702	DT_Unlock_G2_11205	11220105	214969	123226	11278	0	False	11220105	/Game/Maps/world/world_01/World_01_Collection/TreasureBox/TreasureBox02.TreasureBox02	TreasureBox02	TreasureBox02_C	CID
18176651492849946913	DT_Unlock_G2_11204	11220104	216637	124273	11331	0	False	11220104	/Game/Maps/world/world_01/World_01_Collection/TreasureBox/TreasureBox02.TreasureBox02	TreasureBox02	TreasureBox02_C	CID
18176652592361575124	DT_Unlock_G2_11203	11220103	212124	114166	11777	0	False	11220103	/Game/Maps/world/world_01/World_01_Collection/TreasureBox/TreasureBox02.TreasureBox02	TreasureBox02	TreasureBox02_C	CID
18176653691873203335	DT_Unlock_G2_11202	11220102	203558	110607	8172	0	False	11220102	/Game/Maps/world/world_01/World_01_Collection/TreasureBox/TreasureBox02.TreasureBox02	TreasureBox02	TreasureBox02_C	CID
18176654791384831546	DT_Unlock_G2_11201	11220101	208726	116855	8592	0	False	11220101	/Game/Maps/world/world_01/World_01_Collection/TreasureBox/TreasureBox02.TreasureBox02	TreasureBox02	TreasureBox02_C	CID
12345407656808506060	DT_Unlock_G1_11204	11210104	218002	108192	11923	0	False	11210104	/Game/Maps/world/world_01/World_01_Collection/TreasureBox/TreasureBox01.TreasureBox01	TreasureBox01	TreasureBox01_C	CID
12345406557296877849	DT_Unlock_G1_11203	11210103	221029	120338	10470	0	False	11210103	/Game/Maps/world/world_01/World_01_Collection/TreasureBox/TreasureBox01.TreasureBox01	TreasureBox01	TreasureBox01_C	CID
12345405457785249638	DT_Unlock_G1_11202	11210102	207203	113144	8526	0	False	11210102	/Game/Maps/world/world_01/World_01_Collection/TreasureBox/TreasureBox01.TreasureBox01	TreasureBox01	TreasureBox01_C	CID
12345404358273621427	DT_Unlock_G1_11201	11210101	205467	118783	7056	0	False	11210101	/Game/Maps/world/world_01/World_01_Collection/TreasureBox/TreasureBox01.TreasureBox01	TreasureBox01	TreasureBox01_C	CID
11261101558241234362	DT_Unlock_G2_10624	10620124	32539	41380	19689	0	False	10620124	/Game/Maps/world/world_01/World_01_Collection/TreasureBox/TreasureBox02.TreasureBox02	TreasureBox02	TreasureBox02_C	CID
6952060168937447939	DT_Unlock_G1_10619	10610119	18114	28229	19202	0	False	10610119	/Game/Maps/world/world_01/World_01_Collection/TreasureBox/TreasureBox01.TreasureBox01	TreasureBox01	TreasureBox01_C	CID
6952059069425819728	DT_Unlock_G1_10618	10610118	14561	16686	23454	0	False	10610118	/Game/Maps/world/world_01/World_01_Collection/TreasureBox/TreasureBox01.TreasureBox01	TreasureBox01	TreasureBox01_C	CID
6952075562100242893	DT_Unlock_G1_10617	10610117	21574	16722	22773	0	False	10610117	/Game/Maps/world/world_01/World_01_Collection/TreasureBox/TreasureBox01.TreasureBox01	TreasureBox01	TreasureBox01_C	CID
6952074462588614682	DT_Unlock_G1_10616	10610116	91403	17417	11961	0	False	10610116	/Game/Maps/world/world_01/World_01_Collection/TreasureBox/TreasureBox01.TreasureBox01	TreasureBox01	TreasureBox01_C	CID
5087454554974884533	DT_Monster_G3_10608	10630208	74687	52531	8134	0	False	10630208	/Game/Maps/world/world_01/World_01_Collection/TreasureBox/TreasureBox03.TreasureBox03	TreasureBox03	TreasureBox03_C	CID
9884438550566438269	DT_Monster_G2_10616	10620216	68989	48995	9750	0	False	10620216	/Game/Maps/world/world_01/World_01_Collection/TreasureBox/TreasureBox02.TreasureBox02	TreasureBox02	TreasureBox02_C	CID
5087455654486512744	DT_Monster_G3_10607	10630207	75697	46965	9107	0	False	10630207	/Game/Maps/world/world_01/World_01_Collection/TreasureBox/TreasureBox03.TreasureBox03	TreasureBox03	TreasureBox03_C	CID
5087456753998140955	DT_Monster_G3_10606	10630206	27799	21825	12248	0	False	10630206	/Game/Maps/world/world_01/World_01_Collection/TreasureBox/TreasureBox03.TreasureBox03	TreasureBox03	TreasureBox03_C	CID
9884435252031553636	DT_Monster_G2_10615	10620215	36553	21272	23062	0	False	10620215	/Game/Maps/world/world_01/World_01_Collection/TreasureBox/TreasureBox02.TreasureBox02	TreasureBox02	TreasureBox02_C	CID
9884436351543181847	DT_Monster_G2_10614	10620214	14993	15898	21682	0	False	10620214	/Game/Maps/world/world_01/World_01_Collection/TreasureBox/TreasureBox02.TreasureBox02	TreasureBox02	TreasureBox02_C	CID
9884433053008297214	DT_Monster_G2_10613	10620213	28608	20637	17733	0	False	10620213	/Game/Maps/world/world_01/World_01_Collection/TreasureBox/TreasureBox02.TreasureBox02	TreasureBox02	TreasureBox02_C	CID
9884434152519925425	DT_Monster_G2_10612	10620212	15189	19996	20118	0	False	10620212	/Game/Maps/world/world_01/World_01_Collection/TreasureBox/TreasureBox02.TreasureBox02	TreasureBox02	TreasureBox02_C	CID
9884430853985040792	DT_Monster_G2_10611	10620211	32658	21974	22895	0	False	10620211	/Game/Maps/world/world_01/World_01_Collection/TreasureBox/TreasureBox02.TreasureBox02	TreasureBox02	TreasureBox02_C	CID
5087457853509769166	DT_Monster_G3_10605	10630205	30962	13730	23223	0	False	10630205	/Game/Maps/world/world_01/World_01_Collection/TreasureBox/TreasureBox03.TreasureBox03	TreasureBox03	TreasureBox03_C	CID
5924433374355151382	DT_Map_G5_11103	11150403	249311	59726	21439	0	False	11150403	/Game/Maps/world/world_01/World_01_Collection/TreasureBox/TreasureBox06.TreasureBox06	TreasureBox06	TreasureBox06_C	CID
9884431953496669003	DT_Monster_G2_10610	10620210	28973	25358	22325	0	False	10620210	/Game/Maps/world/world_01/World_01_Collection/TreasureBox/TreasureBox02.TreasureBox02	TreasureBox02	TreasureBox02_C	CID
14739619235268996415	DT_Monster_G4_10601	10640201	31524	26633	22162	0	False	10640201	/Game/Maps/world/world_01/World_01_Collection/TreasureBox/TreasureBox04.TreasureBox04	TreasureBox04	TreasureBox04_C	CID
9883590827101276813	DT_Monster_G2_10609	10620209	25380	12880	22952	0	False	10620209	/Game/Maps/world/world_01/World_01_Collection/TreasureBox/TreasureBox02.TreasureBox02	TreasureBox02	TreasureBox02_C	CID
9883589727589648602	DT_Monster_G2_10608	10620208	106937	40881	7549	0	False	10620208	/Game/Maps/world/world_01/World_01_Collection/TreasureBox/TreasureBox02.TreasureBox02	TreasureBox02	TreasureBox02_C	CID
9883575433938481859	DT_Monster_G2_10607	10620207	91206	39246	8235	0	False	10620207	/Game/Maps/world/world_01/World_01_Collection/TreasureBox/TreasureBox02.TreasureBox02	TreasureBox02	TreasureBox02_C	CID
5087458953021397377	DT_Monster_G3_10604	10630204	97243	41427	8417	0	False	10630204	/Game/Maps/world/world_01/World_01_Collection/TreasureBox/TreasureBox03.TreasureBox03	TreasureBox03	TreasureBox03_C	CID
9883574334426853648	DT_Monster_G2_10606	10620206	76811	39523	8126	0	False	10620206	/Game/Maps/world/world_01/World_01_Collection/TreasureBox/TreasureBox02.TreasureBox02	TreasureBox02	TreasureBox02_C	CID
5087460052533025588	DT_Monster_G3_10603	10630203	65142	41963	9630	0	False	10630203	/Game/Maps/world/world_01/World_01_Collection/TreasureBox/TreasureBox03.TreasureBox03	TreasureBox03	TreasureBox03_C	CID
9883577632961738281	DT_Monster_G2_10605	10620205	51911	52900	11120	0	False	10620205	/Game/Maps/world/world_01/World_01_Collection/TreasureBox/TreasureBox02.TreasureBox02	TreasureBox02	TreasureBox02_C	CID
9883576533450110070	DT_Monster_G2_10604	10620204	24537	70731	3930	0	False	10620204	/Game/Maps/world/world_01/World_01_Collection/TreasureBox/TreasureBox02.TreasureBox02	TreasureBox02	TreasureBox02_C	CID
5087461152044653799	DT_Monster_G3_10602	10630202	23321	53523	7643	0	False	10630202	/Game/Maps/world/world_01/World_01_Collection/TreasureBox/TreasureBox03.TreasureBox03	TreasureBox03	TreasureBox03_C	CID
9883579831984994703	DT_Monster_G2_10603	10620203	43941	61828	7445	0	False	10620203	/Game/Maps/world/world_01/World_01_Collection/TreasureBox/TreasureBox02.TreasureBox02	TreasureBox02	TreasureBox02_C	CID
6579209041458544097	DT_Map_G5_11201	11250401	249325	126750	-617	0	False	11250401	/Game/Maps/world/world_01/World_01_Collection/TreasureBox/TreasureBox06.TreasureBox06	TreasureBox06	TreasureBox06_C	CID
5269695090647117841	DT_Map_G5_11003	11050403	302638	200370	3207	0	False	11050403	/Game/Maps/world/world_01/World_01_Collection/TreasureBox/TreasureBox06.TreasureBox06	TreasureBox06	TreasureBox06_C	CID
5269693991135489630	DT_Map_G5_11002	11050402	234556	219127	-786	0	False	11050402	/Game/Maps/world/world_01/World_01_Collection/TreasureBox/TreasureBox06.TreasureBox06	TreasureBox06	TreasureBox06_C	CID
5269692891623861419	DT_Map_G5_11001	11050401	200189	166617	4515	0	False	11050401	/Game/Maps/world/world_01/World_01_Collection/TreasureBox/TreasureBox06.TreasureBox06	TreasureBox06	TreasureBox06_C	CID
5765847651112449620	DT_Unlock_G1_10405	10410105	140552	118073	9574	0	False	10410105	/Game/Maps/world/world_01/World_01_Collection/TreasureBox/TreasureBox01.TreasureBox01	TreasureBox01	TreasureBox01_C	CID
12359105356197478657	DT_Dig_G4_10601	10640501	117612	23898	10345	0	False	10640501	/Game/Maps/world/world_01/World_01_Collection/TreasureBox/TreasureBox04Key.TreasureBox04Key	TreasureBox04Key	TreasureBox04Key_C	CID
16131317824186758033	DT_Dig_G3_10602	10630502	90565	53462	5811	0	False	10630502	/Game/Maps/world/world_01/World_01_Collection/TreasureBox/TreasureBox03.TreasureBox03	TreasureBox03	TreasureBox03_C	CID
16786055008383163363	DT_Dig_G3_10503	10530503	185687	107560	5287	0	False	10530503	/Game/Maps/world/world_01/World_01_Collection/TreasureBox/TreasureBox03.TreasureBox03	TreasureBox03	TreasureBox03_C	CID
16786053908871535152	DT_Dig_G3_10502	10530502	141550	96724	237	0	False	10530502	/Game/Maps/world/world_01/World_01_Collection/TreasureBox/TreasureBox03.TreasureBox03	TreasureBox03	TreasureBox03_C	CID
8655179632519465515	DT_Dig_G5_10501	10550501	154738	193871	-174	0	False	10550501	/Game/Maps/world/world_01/World_01_Collection/TreasureBox/TreasureBox05.TreasureBox05	TreasureBox05	TreasureBox05_C	CID
16786057207406419785	DT_Dig_G3_10501	10530501	164896	148400	-740	0	False	10530501	/Game/Maps/world/world_01/World_01_Collection/TreasureBox/TreasureBox03.TreasureBox03	TreasureBox03	TreasureBox03_C	CID
11171890083767741131	DT_Dig_G4_10401	10440501	118221	147285	5381	0	False	10440501	/Game/Maps/world/world_01/World_01_Collection/TreasureBox/TreasureBox04Key.TreasureBox04Key	TreasureBox04Key	TreasureBox04Key_C	CID
1156150550375834309	DT_Map_G5_10602	10650402	92608	16853	12172	0	False	10650402	/Game/Maps/world/world_01/World_01_Collection/TreasureBox/TreasureBox06.TreasureBox06	TreasureBox06	TreasureBox06_C	CID
16482103491557220302	DT_Map_G5_10302	10350402	85187	186093	9339	0	False	10350402	/Game/Maps/world/world_01/World_01_Collection/TreasureBox/TreasureBox06.TreasureBox06	TreasureBox06	TreasureBox06_C	CID
501408968132916135	DT_Map_G5_10701	10750401	223466	-61310	23662	0	False	10750401	/Game/Maps/world/world_01/World_01_Collection/TreasureBox/TreasureBox06.TreasureBox06	TreasureBox06	TreasureBox06_C	CID
7013125989257620076	DT_Monster_G3_11208	11230208	201705	110008	8349	0	False	11230208	/Game/Maps/world/world_01/World_01_Collection/TreasureBox/TreasureBox03.TreasureBox03	TreasureBox03	TreasureBox03_C	CID
7013133685839017553	DT_Monster_G3_11207	11230207	208877	114701	8340	0	False	11230207	/Game/Maps/world/world_01/World_01_Collection/TreasureBox/TreasureBox03.TreasureBox03	TreasureBox03	TreasureBox03_C	CID
13072371043376576252	DT_Unlock_G2_10521	10520121	-196873	-134907	38889	0	False	10520121	/Game/Maps/world/world_01/World_01_Collection/TreasureBox/TreasureBox02.TreasureBox02	TreasureBox02	TreasureBox02_C	CID
13072372142888204463	DT_Unlock_G2_10520	10520120	-200788	-140609	38937	0	False	10520120	/Game/Maps/world/world_01/World_01_Collection/TreasureBox/TreasureBox02.TreasureBox02	TreasureBox02	TreasureBox02_C	CID
8556804451524858950	DT_Unlock_G3_10504	10530104	-199809	-143846	38883	0	False	10530104	/Game/Maps/world/world_01/World_01_Collection/TreasureBox/TreasureBox03.TreasureBox03	TreasureBox03	TreasureBox03_C	CID
9316591530511876535	DT_Monster_G4_11202	11240202	255709	149022	-565	0	False	11240202	/Game/Maps/world/world_01/World_01_Collection/TreasureBox/TreasureBox04.TreasureBox04	TreasureBox04	TreasureBox04_C	CID
9316592630023504746	DT_Monster_G4_11201	11240201	239090	105404	3564	0	False	11240201	/Game/Maps/world/world_01/World_01_Collection/TreasureBox/TreasureBox04.TreasureBox04	TreasureBox04	TreasureBox04_C	CID
14268314090948700236	DT_Dig_G3_11202	11230502	242036	118711	-652	0	False	11230502	/Game/Maps/world/world_01/World_01_Collection/TreasureBox/TreasureBox03.TreasureBox03	TreasureBox03	TreasureBox03_C	CID
14268317389483584869	DT_Dig_G3_11201	11230501	226597	139772	1421	0	False	11230501	/Game/Maps/world/world_01/World_01_Collection/TreasureBox/TreasureBox03.TreasureBox03	TreasureBox03	TreasureBox03_C	CID
7013132586327389342	DT_Monster_G3_11206	11230206	226700	108053	12988	0	False	11230206	/Game/Maps/world/world_01/World_01_Collection/TreasureBox/TreasureBox03.TreasureBox03	TreasureBox03	TreasureBox03_C	CID
7013131486815761131	DT_Monster_G3_11205	11230205	217430	124997	388	0	False	11230205	/Game/Maps/world/world_01/World_01_Collection/TreasureBox/TreasureBox03.TreasureBox03	TreasureBox03	TreasureBox03_C	CID
17791615243345390136	DT_Map_G5_10102	10150402	45728	135755	294	0	False	10150402	/Game/Maps/world/world_01/World_01_Collection/TreasureBox/TreasureBox06.TreasureBox06	TreasureBox06	TreasureBox06_C	CID
7013130387304132920	DT_Monster_G3_11204	11230204	217527	110091	-448	0	False	11230204	/Game/Maps/world/world_01/World_01_Collection/TreasureBox/TreasureBox03.TreasureBox03	TreasureBox03	TreasureBox03_C	CID
7013138083885530397	DT_Monster_G3_11203	11230203	216444	113280	11291	0	False	11230203	/Game/Maps/world/world_01/World_01_Collection/TreasureBox/TreasureBox03.TreasureBox03	TreasureBox03	TreasureBox03_C	CID
7013136984373902186	DT_Monster_G3_11202	11230202	213342	106102	9975	0	False	11230202	/Game/Maps/world/world_01/World_01_Collection/TreasureBox/TreasureBox03.TreasureBox03	TreasureBox03	TreasureBox03_C	CID
7013135884862273975	DT_Monster_G3_11201	11230201	212690	116685	11201	0	False	11230201	/Game/Maps/world/world_01/World_01_Collection/TreasureBox/TreasureBox03.TreasureBox03	TreasureBox03	TreasureBox03_C	CID
4781246447986326300	DT_Unlock_G3_10304	10330104	23797	256388	2113	0	False	10330104	/Game/Maps/world/world_01/World_01_Collection/TreasureBox/TreasureBox03.TreasureBox03	TreasureBox03	TreasureBox03_C	CID
17440829575974927867	DT_Dig_G3_10402	10430502	77309	105487	2635	0	False	10430502	/Game/Maps/world/world_01/World_01_Collection/TreasureBox/TreasureBox03.TreasureBox03	TreasureBox03	TreasureBox03_C	CID
17440830675486556078	DT_Dig_G3_10401	10430501	81704	99252	3760	0	False	10430501	/Game/Maps/world/world_01/World_01_Collection/TreasureBox/TreasureBox03.TreasureBox03	TreasureBox03	TreasureBox03_C	CID
18095568959194589619	DT_Dig_G3_10305	10330505	99973	237731	5981	0	False	10330505	/Game/Maps/world/world_01/World_01_Collection/TreasureBox/TreasureBox03.TreasureBox03	TreasureBox03	TreasureBox03_C	CID
9415454742545059446	DT_Unlock_G2_10321	10320121	93938	217862	281	0	False	10320121	/Game/Maps/world/world_01/World_01_Collection/TreasureBox/TreasureBox02.TreasureBox02	TreasureBox02	TreasureBox02_C	CID
13325098270620458133	DT_Unlock_G3_11205	11230105	209617	119413	11620	0	False	11230105	/Game/Maps/world/world_01/World_01_Collection/TreasureBox/TreasureBox03.TreasureBox03	TreasureBox03	TreasureBox03_C	CID
13325097171108829922	DT_Unlock_G3_11204	11230104	216287	125894	386	0	False	11230104	/Game/Maps/world/world_01/World_01_Collection/TreasureBox/TreasureBox03.TreasureBox03	TreasureBox03	TreasureBox03_C	CID
5087462251556282010	DT_Monster_G3_10601	10630201	42328	70108	6950	0	False	10630201	/Game/Maps/world/world_01/World_01_Collection/TreasureBox/TreasureBox03.TreasureBox03	TreasureBox03	TreasureBox03_C	CID
9883578732473366492	DT_Monster_G2_10602	10620202	34446	72589	7005	0	False	10620202	/Game/Maps/world/world_01/World_01_Collection/TreasureBox/TreasureBox02.TreasureBox02	TreasureBox02	TreasureBox02_C	CID
9883582031008251125	DT_Monster_G2_10601	10620201	42558	70093	6949	0	False	10620201	/Game/Maps/world/world_01/World_01_Collection/TreasureBox/TreasureBox02.TreasureBox02	TreasureBox02	TreasureBox02_C	CID
15759228106529638790	DT_Key_G4_10401	10440301	120925	146845	5351	0	False	10440301	/Game/Maps/world/world_01/World_01_Collection/TreasureBox/TreasureBox04Key.TreasureBox04Key	TreasureBox04Key	TreasureBox04Key_C	CID
4781245348474698089	DT_Unlock_G3_10303	10330103	7007	237735	7321	0	False	10330103	/Game/Maps/world/world_01/World_01_Collection/TreasureBox/TreasureBox03.TreasureBox03	TreasureBox03	TreasureBox03_C	CID
10603523235998099483	DT_Unlock_G2_10111	10120111	73495	145861	545	0	False	10120111	/Game/Maps/world/world_01/World_01_Collection/TreasureBox/TreasureBox02.TreasureBox02	TreasureBox02	TreasureBox02_C	CID
6762651260503302705	DT_Monster_G2_10102	10120202	38476	143247	-50	0	False	10120202	/Game/Maps/world/world_01/World_01_Collection/TreasureBox/TreasureBox02.TreasureBox02	TreasureBox02	TreasureBox02_C	CID
9418961840734369688	DT_Unlock_G1_10207	10210107	61170	169173	2922	0	False	10210107	/Game/Maps/world/world_01/World_01_Collection/TreasureBox/TreasureBox01.TreasureBox01	TreasureBox01	TreasureBox01_C	CID
8886644281198756298	DT_Unlock_G1_10308	10310108	40627	213409	4948	0	False	10310108	/Game/Maps/world/world_01/World_01_Collection/TreasureBox/TreasureBox01.TreasureBox01	TreasureBox01	TreasureBox01_C	CID
1966639233190898268	DT_Monster_G3_10306	10330206	47712	218618	4788	0	False	10330206	/Game/Maps/world/world_01/World_01_Collection/TreasureBox/TreasureBox03.TreasureBox03	TreasureBox03	TreasureBox03_C	CID
1966634835144385424	DT_Monster_G3_10302	10330202	39947	210519	3300	0	False	10330202	/Game/Maps/world/world_01/World_01_Collection/TreasureBox/TreasureBox03.TreasureBox03	TreasureBox03	TreasureBox03_C	CID
7949862134886527387	DT_Monster_G2_10302	10320202	49615	210746	3801	0	False	10320202	/Game/Maps/world/world_01/World_01_Collection/TreasureBox/TreasureBox02.TreasureBox02	TreasureBox02	TreasureBox02_C	CID
17256340127832572445	DT_StatuePuzzle_G4_16001	16001	224642	89885	14400	0	False	16001	/Game/Maps/world/world_01/World_01_Collection/TreasureBox/TreasureBox04.TreasureBox04	TreasureBox04	TreasureBox04_C	CID
16414002674121403294	DT_Key_G4_10306	10340306	53361	225765	7539	0	False	10340306	/Game/Maps/world/world_01/World_01_Collection/TreasureBox/TreasureBox04Key.TreasureBox04Key	TreasureBox04Key	TreasureBox04Key_C	CID
7381977181004890441	DT_Dig_G2_10401	10420501	96237	101620	1596	0	False	10420501	/Game/Maps/world/world_01/World_01_Collection/TreasureBox/TreasureBox02.TreasureBox02	TreasureBox02	TreasureBox02_C	CID
18095567859682961408	DT_Dig_G3_10304	10330504	116086	189850	-572	0	False	10330504	/Game/Maps/world/world_01/World_01_Collection/TreasureBox/TreasureBox03.TreasureBox03	TreasureBox03	TreasureBox03_C	CID
1966638133679270057	DT_Monster_G3_10301	10330201	116848	216751	-492	0	False	10330201	/Game/Maps/world/world_01/World_01_Collection/TreasureBox/TreasureBox03.TreasureBox03	TreasureBox03	TreasureBox03_C	CID
1966645830260667534	DT_Monster_G3_10308	10330208	67477	206759	5543	0	False	10330208	/Game/Maps/world/world_01/World_01_Collection/TreasureBox/TreasureBox03.TreasureBox03	TreasureBox03	TreasureBox03_C	CID
6952067865518845416	DT_Unlock_G1_10610	10610110	32976	29684	22148	0	False	10610110	/Game/Maps/world/world_01/World_01_Collection/TreasureBox/TreasureBox01.TreasureBox01	TreasureBox01	TreasureBox01_C	CID
11260101002659751577	DT_Unlock_G2_10614	10620114	26159	31008	21471	0	False	10620114	/Game/Maps/world/world_01/World_01_Collection/TreasureBox/TreasureBox02.TreasureBox02	TreasureBox02	TreasureBox02_C	CID
14480256389720602492	DT_Key_G4_10605	10640305	64042	78812	-580	0	False	10640305	/Game/Maps/world/world_01/World_01_Collection/TreasureBox/TreasureBox04Key.TreasureBox04Key	TreasureBox04Key	TreasureBox04Key_C	CID
11260102102171379788	DT_Unlock_G2_10613	10620113	13299	15268	21788	0	False	10620113	/Game/Maps/world/world_01/World_01_Collection/TreasureBox/TreasureBox02.TreasureBox02	TreasureBox02	TreasureBox02_C	CID
7932602904261074312	DT_Unlock_G3_10605	10630105	31373	31471	24313	0	False	10630105	/Game/Maps/world/world_01/World_01_Collection/TreasureBox/TreasureBox03.TreasureBox03	TreasureBox03	TreasureBox03_C	CID
6952908991914237606	DT_Unlock_G1_10609	10610109	18475	19417	19961	0	False	10610109	/Game/Maps/world/world_01/World_01_Collection/TreasureBox/TreasureBox01.TreasureBox01	TreasureBox01	TreasureBox01_C	CID
6952910091425865817	DT_Unlock_G1_10608	10610108	27944	44944	16728	0	False	10610108	/Game/Maps/world/world_01/World_01_Collection/TreasureBox/TreasureBox01.TreasureBox01	TreasureBox01	TreasureBox01_C	CID
11260103201683007999	DT_Unlock_G2_10612	10620112	22733	46551	16734	0	False	10620112	/Game/Maps/world/world_01/World_01_Collection/TreasureBox/TreasureBox02.TreasureBox02	TreasureBox02	TreasureBox02_C	CID
11260104301194636210	DT_Unlock_G2_10611	10620111	29524	45970	17966	0	False	10620111	/Game/Maps/world/world_01/World_01_Collection/TreasureBox/TreasureBox02.TreasureBox02	TreasureBox02	TreasureBox02_C	CID
14480257489232230703	DT_Key_G4_10604	10640304	85493	17717	11948	0	False	10640304	/Game/Maps/world/world_01/World_01_Collection/TreasureBox/TreasureBox04Key.TreasureBox04Key	TreasureBox04Key	TreasureBox04Key_C	CID
11260105400706264421	DT_Unlock_G2_10610	10620110	92001	8753	12350	0	False	10620110	/Game/Maps/world/world_01/World_01_Collection/TreasureBox/TreasureBox02.TreasureBox02	TreasureBox02	TreasureBox02_C	CID
7932604003772702523	DT_Unlock_G3_10604	10630104	93273	7904	14334	0	False	10630104	/Game/Maps/world/world_01/World_01_Collection/TreasureBox/TreasureBox03.TreasureBox03	TreasureBox03	TreasureBox03_C	CID
6952919987030519716	DT_Unlock_G1_10607	10610107	89207	7672	13363	0	False	10610107	/Game/Maps/world/world_01/World_01_Collection/TreasureBox/TreasureBox01.TreasureBox01	TreasureBox01	TreasureBox01_C	CID
14480254190697346070	DT_Key_G4_10603	10640303	30718	41077	18353	0	False	10640303	/Game/Maps/world/world_01/World_01_Collection/TreasureBox/TreasureBox04Key.TreasureBox04Key	TreasureBox04Key	TreasureBox04Key_C	CID
11259264274310872231	DT_Unlock_G2_10609	10620109	85100	23470	11526	0	False	10620109	/Game/Maps/world/world_01/World_01_Collection/TreasureBox/TreasureBox02.TreasureBox02	TreasureBox02	TreasureBox02_C	CID
6952921086542147927	DT_Unlock_G1_10606	10610106	95227	34254	8190	0	False	10610106	/Game/Maps/world/world_01/World_01_Collection/TreasureBox/TreasureBox01.TreasureBox01	TreasureBox01	TreasureBox01_C	CID
11259263174799244020	DT_Unlock_G2_10608	10620108	98642	38794	8244	0	False	10620108	/Game/Maps/world/world_01/World_01_Collection/TreasureBox/TreasureBox02.TreasureBox02	TreasureBox02	TreasureBox02_C	CID
14480255290208974281	DT_Key_G4_10602	10640302	45702	42875	10703	0	False	10640302	/Game/Maps/world/world_01/World_01_Collection/TreasureBox/TreasureBox04Key.TreasureBox04Key	TreasureBox04Key	TreasureBox04Key_C	CID
6952922186053776138	DT_Unlock_G1_10605	10610105	26124	30094	20308	0	False	10610105	/Game/Maps/world/world_01/World_01_Collection/TreasureBox/TreasureBox01.TreasureBox01	TreasureBox01	TreasureBox01_C	CID
6952923285565404349	DT_Unlock_G1_10604	10610104	26371	30142	20333	0	False	10610104	/Game/Maps/world/world_01/World_01_Collection/TreasureBox/TreasureBox01.TreasureBox01	TreasureBox01	TreasureBox01_C	CID
8886645380710384509	DT_Unlock_G1_10309	10310109	68662	201183	3952	0	False	10310109	/Game/Maps/world/world_01/World_01_Collection/TreasureBox/TreasureBox01.TreasureBox01	TreasureBox01	TreasureBox01_C	CID
14480251991674089648	DT_Key_G4_10601	10640301	61348	56692	7948	0	False	10640301	/Game/Maps/world/world_01/World_01_Collection/TreasureBox/TreasureBox04Key.TreasureBox04Key	TreasureBox04Key	TreasureBox04Key_C	CID
11259253279194590121	DT_Unlock_G2_10607	10620107	48685	70874	6326	0	False	10620107	/Game/Maps/world/world_01/World_01_Collection/TreasureBox/TreasureBox02.TreasureBox02	TreasureBox02	TreasureBox02_C	CID
6952915588984006872	DT_Unlock_G1_10603	10610103	41278	75444	5778	0	False	10610103	/Game/Maps/world/world_01/World_01_Collection/TreasureBox/TreasureBox01.TreasureBox01	TreasureBox01	TreasureBox01_C	CID
6952916688495635083	DT_Unlock_G1_10602	10610102	41722	60857	7454	0	False	10610102	/Game/Maps/world/world_01/World_01_Collection/TreasureBox/TreasureBox01.TreasureBox01	TreasureBox01	TreasureBox01_C	CID
7932609501330843578	DT_Unlock_G3_10603	10630103	37194	22133	8674	0	False	10630103	/Game/Maps/world/world_01/World_01_Collection/TreasureBox/TreasureBox03.TreasureBox03	TreasureBox03	TreasureBox03_C	CID
7932610600842471789	DT_Unlock_G3_10602	10630102	86864	16782	15244	0	False	10630102	/Game/Maps/world/world_01/World_01_Collection/TreasureBox/TreasureBox03.TreasureBox03	TreasureBox03	TreasureBox03_C	CID
11259252179682961910	DT_Unlock_G2_10606	10620106	99414	20032	6639	0	False	10620106	/Game/Maps/world/world_01/World_01_Collection/TreasureBox/TreasureBox02.TreasureBox02	TreasureBox02	TreasureBox02_C	CID
11259251080171333699	DT_Unlock_G2_10605	10620105	86714	16619	13198	0	False	10620105	/Game/Maps/world/world_01/World_01_Collection/TreasureBox/TreasureBox02.TreasureBox02	TreasureBox02	TreasureBox02_C	CID
6952917788007263294	DT_Unlock_G1_10601	10610101	34090	51985	8157	0	False	10610101	/Game/Maps/world/world_01/World_01_Collection/TreasureBox/TreasureBox01.TreasureBox01	TreasureBox01	TreasureBox01_C	CID
805363783493743829	DT_Dig_G3_10101	10130501	51478	82972	1889	0	False	10130501	/Game/Maps/world/world_01/World_01_Collection/TreasureBox/TreasureBox03.TreasureBox03	TreasureBox03	TreasureBox03_C	CID
7607799008226964265	DT_Unlock_G1_10107	10110107	43272	86786	1390	0	False	10110107	/Game/Maps/world/world_01/World_01_Collection/TreasureBox/TreasureBox01.TreasureBox01	TreasureBox01	TreasureBox01_C	CID
11259249980659705488	DT_Unlock_G2_10604	10620104	29184	82786	1136	0	False	10620104	/Game/Maps/world/world_01/World_01_Collection/TreasureBox/TreasureBox02.TreasureBox02	TreasureBox02	TreasureBox02_C	CID
11259257677241102965	DT_Unlock_G2_10603	10620103	48270	74609	4233	0	False	10620103	/Game/Maps/world/world_01/World_01_Collection/TreasureBox/TreasureBox02.TreasureBox02	TreasureBox02	TreasureBox02_C	CID
11259256577729474754	DT_Unlock_G2_10602	10620102	57768	72211	303	0	False	10620102	/Game/Maps/world/world_01/World_01_Collection/TreasureBox/TreasureBox02.TreasureBox02	TreasureBox02	TreasureBox02_C	CID
10603524335509727694	DT_Unlock_G2_10112	10120112	61227	144751	2847	0	False	10120112	/Game/Maps/world/world_01/World_01_Collection/TreasureBox/TreasureBox02.TreasureBox02	TreasureBox02	TreasureBox02_C	CID
11259255478217846543	DT_Unlock_G2_10601	10620101	38988	65835	2038	0	False	10620101	/Game/Maps/world/world_01/World_01_Collection/TreasureBox/TreasureBox02.TreasureBox02	TreasureBox02	TreasureBox02_C	CID
1156147251840949676	DT_Map_G5_10601	10650401	14790	42194	7036	0	False	10650401	/Game/Maps/world/world_01/World_01_Collection/TreasureBox/TreasureBox06.TreasureBox06	TreasureBox06	TreasureBox06_C	CID
9416301366498592691	DT_Unlock_G2_10317	10320117	49794	217163	4054	0	False	10320117	/Game/Maps/world/world_01/World_01_Collection/TreasureBox/TreasureBox02.TreasureBox02	TreasureBox02	TreasureBox02_C	CID
8763522412511652702	DT_Unlock_G2_10219	10220119	67357	174988	2763	0	False	10220119	/Game/Maps/world/world_01/World_01_Collection/TreasureBox/TreasureBox02.TreasureBox02	TreasureBox02	TreasureBox02_C	CID
3808488335723989290	DT_Monster_G3_10403	10430203	137070	141062	11788	0	False	10430203	/Game/Maps/world/world_01/World_01_Collection/TreasureBox/TreasureBox03.TreasureBox03	TreasureBox03	TreasureBox03_C	CID
8604600418594560928	DT_Monster_G2_10404	10420204	136228	131570	9893	0	False	10420204	/Game/Maps/world/world_01/World_01_Collection/TreasureBox/TreasureBox02.TreasureBox02	TreasureBox02	TreasureBox02_C	CID
16414005972656287927	DT_Key_G4_10301	10340301	79872	197866	290	0	False	10340301	/Game/Maps/world/world_01/World_01_Collection/TreasureBox/TreasureBox04.TreasureBox04	TreasureBox04	TreasureBox04_C	CID
8886636584617358821	DT_Unlock_G1_10301	10310101	90393	189918	766	0	False	10310101	/Game/Maps/world/world_01/World_01_Collection/TreasureBox/TreasureBox01.TreasureBox01	TreasureBox01	TreasureBox01_C	CID
9417301922080075476	DT_Unlock_G2_10305	10320105	90219	177191	4774	0	False	10320105	/Game/Maps/world/world_01/World_01_Collection/TreasureBox/TreasureBox02.TreasureBox02	TreasureBox02	TreasureBox02_C	CID
9417297524033562632	DT_Unlock_G2_10301	10320101	83980	186535	8758	0	False	10320101	/Game/Maps/world/world_01/World_01_Collection/TreasureBox/TreasureBox02.TreasureBox02	TreasureBox02	TreasureBox02_C	CID
9418968437804138954	DT_Unlock_G1_10201	10210101	17981	155612	3857	0	False	10210101	/Game/Maps/world/world_01/World_01_Collection/TreasureBox/TreasureBox01.TreasureBox01	TreasureBox01	TreasureBox01_C	CID
4781243149451441667	DT_Unlock_G3_10301	10330101	84970	184614	10770	0	False	10330101	/Game/Maps/world/world_01/World_01_Collection/TreasureBox/TreasureBox03.TreasureBox03	TreasureBox03	TreasureBox03_C	CID
9223825184026353252	DT_Dig_G2_10301	10320501	126301	213554	5789	0	False	10320501	/Game/Maps/world/world_01/World_01_Collection/TreasureBox/TreasureBox02.TreasureBox02	TreasureBox02	TreasureBox02_C	CID
8886628888035961344	DT_Unlock_G1_10306	10310106	101998	225643	-511	0	False	10310106	/Game/Maps/world/world_01/World_01_Collection/TreasureBox/TreasureBox01.TreasureBox01	TreasureBox01	TreasureBox01_C	CID
9416306864056733746	DT_Unlock_G2_10310	10320110	91628	208939	2957	0	False	10320110	/Game/Maps/world/world_01/World_01_Collection/TreasureBox/TreasureBox02.TreasureBox02	TreasureBox02	TreasureBox02_C	CID
8886632186570845977	DT_Unlock_G1_10305	10310105	81926	207139	2209	0	False	10310105	/Game/Maps/world/world_01/World_01_Collection/TreasureBox/TreasureBox01.TreasureBox01	TreasureBox01	TreasureBox01_C	CID
8886631087059217766	DT_Unlock_G1_10304	10310104	79219	194367	4843	0	False	10310104	/Game/Maps/world/world_01/World_01_Collection/TreasureBox/TreasureBox01.TreasureBox01	TreasureBox01	TreasureBox01_C	CID
12539072719468787875	DT_Unlock_G2_10418	10420118	119564	140397	11335	0	False	10420118	/Game/Maps/world/world_01/World_01_Collection/TreasureBox/TreasureBox02.TreasureBox02	TreasureBox02	TreasureBox02_C	CID
9417288727940536944	DT_Unlock_G2_10309	10320109	90041	186464	5390	0	False	10320109	/Game/Maps/world/world_01/World_01_Collection/TreasureBox/TreasureBox02.TreasureBox02	TreasureBox02	TreasureBox02_C	CID
9417289827452165155	DT_Unlock_G2_10308	10320108	98451	201908	3309	0	False	10320108	/Game/Maps/world/world_01/World_01_Collection/TreasureBox/TreasureBox02.TreasureBox02	TreasureBox02	TreasureBox02_C	CID
9417304121103331898	DT_Unlock_G2_10307	10320107	109966	224997	-534	0	False	10320107	/Game/Maps/world/world_01/World_01_Collection/TreasureBox/TreasureBox02.TreasureBox02	TreasureBox02	TreasureBox02_C	CID
9417305220614960109	DT_Unlock_G2_10306	10320106	101456	238956	3437	0	False	10320106	/Game/Maps/world/world_01/World_01_Collection/TreasureBox/TreasureBox02.TreasureBox02	TreasureBox02	TreasureBox02_C	CID
16482104591068848513	DT_Map_G5_10303	10350403	103678	238209	3503	0	False	10350403	/Game/Maps/world/world_01/World_01_Collection/TreasureBox/TreasureBox06.TreasureBox06	TreasureBox06	TreasureBox06_C	CID
9417303021591703687	DT_Unlock_G2_10304	10320104	86418	163196	3617	0	False	10320104	/Game/Maps/world/world_01/World_01_Collection/TreasureBox/TreasureBox02.TreasureBox02	TreasureBox02	TreasureBox02_C	CID
12538085358026843622	DT_Unlock_G2_10404	10420104	107195	119381	6051	0	False	10420104	/Game/Maps/world/world_01/World_01_Collection/TreasureBox/TreasureBox02.TreasureBox02	TreasureBox02	TreasureBox02_C	CID
12538088656561728255	DT_Unlock_G2_10403	10420103	92146	140501	8267	0	False	10420103	/Game/Maps/world/world_01/World_01_Collection/TreasureBox/TreasureBox02.TreasureBox02	TreasureBox02	TreasureBox02_C	CID
3808482838165848235	DT_Monster_G3_10404	10430204	120504	124124	12271	0	False	10430204	/Game/Maps/world/world_01/World_01_Collection/TreasureBox/TreasureBox03.TreasureBox03	TreasureBox03	TreasureBox03_C	CID
7949863234398155598	DT_Monster_G2_10301	10320201	71733	226291	4334	0	False	10320201	/Game/Maps/world/world_01/World_01_Collection/TreasureBox/TreasureBox02.TreasureBox02	TreasureBox02	TreasureBox02_C	CID
18095575556264358885	DT_Dig_G3_10303	10330503	87546	179445	6791	0	False	10330503	/Game/Maps/world/world_01/World_01_Collection/TreasureBox/TreasureBox03.TreasureBox03	TreasureBox03	TreasureBox03_C	CID
8886634385594102399	DT_Unlock_G1_10303	10310103	94702	205851	1548	0	False	10310103	/Game/Maps/world/world_01/World_01_Collection/TreasureBox/TreasureBox01.TreasureBox01	TreasureBox01	TreasureBox01_C	CID
8886633286082474188	DT_Unlock_G1_10302	10310102	127326	214938	-561	0	False	10310102	/Game/Maps/world/world_01/World_01_Collection/TreasureBox/TreasureBox01.TreasureBox01	TreasureBox01	TreasureBox01_C	CID
9223828482561237885	DT_Dig_G2_10302	10320502	108204	194607	-714	0	False	10320502	/Game/Maps/world/world_01/World_01_Collection/TreasureBox/TreasureBox02.TreasureBox02	TreasureBox02	TreasureBox02_C	CID
18095574456752730674	DT_Dig_G3_10302	10330502	96401	201162	3316	0	False	10330502	/Game/Maps/world/world_01/World_01_Collection/TreasureBox/TreasureBox03.TreasureBox03	TreasureBox03	TreasureBox03_C	CID
15479893190190759647	DT_Dig_G4_10302	10340502	99738	233339	1471	0	False	10340502	/Game/Maps/world/world_01/World_01_Collection/TreasureBox/TreasureBox04Key.TreasureBox04Key	TreasureBox04Key	TreasureBox04Key_C	CID
15479894289702387858	DT_Dig_G4_10301	10340501	4799	246809	17397	0	False	10340501	/Game/Maps/world/world_01/World_01_Collection/TreasureBox/TreasureBox04Key.TreasureBox04Key	TreasureBox04Key	TreasureBox04Key_C	CID
18095573357241102463	DT_Dig_G3_10301	10330501	32996	221059	884	0	False	10330501	/Game/Maps/world/world_01/World_01_Collection/TreasureBox/TreasureBox03.TreasureBox03	TreasureBox03	TreasureBox03_C	CID
12538090855584984677	DT_Unlock_G2_10401	10420101	82832	113846	367	0	False	10420101	/Game/Maps/world/world_01/World_01_Collection/TreasureBox/TreasureBox02.TreasureBox02	TreasureBox02	TreasureBox02_C	CID
12775363702214651985	DT_Monster_G4_10302	10340202	122731	216664	348	0	False	10340202	/Game/Maps/world/world_01/World_01_Collection/TreasureBox/TreasureBox04.TreasureBox04	TreasureBox04	TreasureBox04_C	CID
8762528453999939183	DT_Unlock_G2_10205	10220105	21833	142121	5179	0	False	10220105	/Game/Maps/world/world_01/World_01_Collection/TreasureBox/TreasureBox02.TreasureBox02	TreasureBox02	TreasureBox02_C	CID
5944563477691382334	DT_MiniGame_G5_11001	11001	23464	172175	5347	0	False	11001	/Game/Maps/world/world_01/World_01_Collection/TreasureBox/TreasureBox05.TreasureBox05	TreasureBox05	TreasureBox05_C	CID
3808489435235617501	DT_Monster_G3_10402	10430202	83471	127557	4307	0	False	10430202	/Game/Maps/world/world_01/World_01_Collection/TreasureBox/TreasureBox03.TreasureBox03	TreasureBox03	TreasureBox03_C	CID
8887629443617444129	DT_Unlock_G1_10312	10310112	80670	214732	2171	0	False	10310112	/Game/Maps/world/world_01/World_01_Collection/TreasureBox/TreasureBox01.TreasureBox01	TreasureBox01	TreasureBox01_C	CID
5765845452089193198	DT_Unlock_G1_10403	10410103	103193	103822	1306	0	False	10410103	/Game/Maps/world/world_01/World_01_Collection/TreasureBox/TreasureBox01.TreasureBox01	TreasureBox01	TreasureBox01_C	CID
12538098552166382154	DT_Unlock_G2_10408	10420108	152415	127838	9204	0	False	10420108	/Game/Maps/world/world_01/World_01_Collection/TreasureBox/TreasureBox02.TreasureBox02	TreasureBox02	TreasureBox02_C	CID
12538084258515215411	DT_Unlock_G2_10407	10420107	146285	104931	4316	0	False	10420107	/Game/Maps/world/world_01/World_01_Collection/TreasureBox/TreasureBox02.TreasureBox02	TreasureBox02	TreasureBox02_C	CID
15759227007018010579	DT_Key_G4_10402	10440302	100155	83844	3888	0	False	10440302	/Game/Maps/world/world_01/World_01_Collection/TreasureBox/TreasureBox04Key.TreasureBox04Key	TreasureBox04Key	TreasureBox04Key_C	CID
8762530653023195605	DT_Unlock_G2_10207	10220107	24147	141381	2990	0	False	10220107	/Game/Maps/world/world_01/World_01_Collection/TreasureBox/TreasureBox02.TreasureBox02	TreasureBox02	TreasureBox02_C	CID
8762531752534823816	DT_Unlock_G2_10208	10220108	28565	153690	6343	0	False	10220108	/Game/Maps/world/world_01/World_01_Collection/TreasureBox/TreasureBox02.TreasureBox02	TreasureBox02	TreasureBox02_C	CID
9416302466010220902	DT_Unlock_G2_10314	10320114	33112	229383	-410	0	False	10320114	/Game/Maps/world/world_01/World_01_Collection/TreasureBox/TreasureBox02.TreasureBox02	TreasureBox02	TreasureBox02_C	CID
9416305764545105535	DT_Unlock_G2_10313	10320113	75321	228962	1517	0	False	10320113	/Game/Maps/world/world_01/World_01_Collection/TreasureBox/TreasureBox02.TreasureBox02	TreasureBox02	TreasureBox02_C	CID
16413997176563262239	DT_Key_G4_10309	10340309	101324	236697	6004	0	False	10340309	/Game/Maps/world/world_01/World_01_Collection/TreasureBox/TreasureBox04Key.TreasureBox04Key	TreasureBox04Key	TreasureBox04Key_C	CID
9416300266986964480	DT_Unlock_G2_10316	10320116	4049	236661	4659	0	False	10320116	/Game/Maps/world/world_01/World_01_Collection/TreasureBox/TreasureBox02.TreasureBox02	TreasureBox02	TreasureBox02_C	CID
9416303565521849113	DT_Unlock_G2_10315	10320115	8876	234839	12937	0	False	10320115	/Game/Maps/world/world_01/World_01_Collection/TreasureBox/TreasureBox02.TreasureBox02	TreasureBox02	TreasureBox02_C	CID
5944561278668125912	DT_MiniGame_G5_11003	11003	71081	81832	-657	0	False	11003	/Game/Maps/world/world_01/World_01_Collection/TreasureBox/TreasureBox05.TreasureBox05	TreasureBox05	TreasureBox05_C	CID
8763516914953511647	DT_Unlock_G2_10216	10220116	36397	180682	1530	0	False	10220116	/Game/Maps/world/world_01/World_01_Collection/TreasureBox/TreasureBox02.TreasureBox02	TreasureBox02	TreasureBox02_C	CID
8762529553511567394	DT_Unlock_G2_10206	10220106	72016	161254	1415	0	False	10220106	/Game/Maps/world/world_01/World_01_Collection/TreasureBox/TreasureBox02.TreasureBox02	TreasureBox02	TreasureBox02_C	CID
16414000475098146872	DT_Key_G4_10304	10340304	92614	223331	-797	0	False	10340304	/Game/Maps/world/world_01/World_01_Collection/TreasureBox/TreasureBox04Key.TreasureBox04Key	TreasureBox04Key	TreasureBox04Key_C	CID
4781247547497954511	DT_Unlock_G3_10305	10330105	2748	244996	21656	0	False	10330105	/Game/Maps/world/world_01/World_01_Collection/TreasureBox/TreasureBox03.TreasureBox03	TreasureBox03	TreasureBox03_C	CID
4781244248963069878	DT_Unlock_G3_10302	10330102	89071	230989	-119	0	False	10330102	/Game/Maps/world/world_01/World_01_Collection/TreasureBox/TreasureBox03.TreasureBox03	TreasureBox03	TreasureBox03_C	CID
9416315660149759434	DT_Unlock_G2_10318	10320118	127321	214607	-550	0	False	10320118	/Game/Maps/world/world_01/World_01_Collection/TreasureBox/TreasureBox02.TreasureBox02	TreasureBox02	TreasureBox02_C	CID
8762526254976682761	DT_Unlock_G2_10203	10220103	18817	150007	8948	0	False	10220103	/Game/Maps/world/world_01/World_01_Collection/TreasureBox/TreasureBox02.TreasureBox02	TreasureBox02	TreasureBox02_C	CID
5944562378179754123	DT_MiniGame_G5_11002	11002	25715	244052	-528	0	False	11002	/Game/Maps/world/world_01/World_01_Collection/TreasureBox/TreasureBox05.TreasureBox05	TreasureBox05	TreasureBox05_C	CID
7931615542819130059	DT_Unlock_G3_10613	10630113	32619	41046	21625	0	False	10630113	/Game/Maps/world/world_01/World_01_Collection/TreasureBox/TreasureBox03.TreasureBox03	TreasureBox03	TreasureBox03_C	CID
8763515815441883436	DT_Unlock_G2_10217	10220117	-11034	147723	3608	0	False	10220117	/Game/Maps/world/world_01/World_01_Collection/TreasureBox/TreasureBox02.TreasureBox02	TreasureBox02	TreasureBox02_C	CID
7948876972467839556	DT_Monster_G2_10314	10320214	115654	211624	-581	0	False	10320214	/Game/Maps/world/world_01/World_01_Collection/TreasureBox/TreasureBox02.TreasureBox02	TreasureBox02	TreasureBox02_C	CID
1966641432214154690	DT_Monster_G3_10304	10330204	103921	194537	-527	0	False	10330204	/Game/Maps/world/world_01/World_01_Collection/TreasureBox/TreasureBox03.TreasureBox03	TreasureBox03	TreasureBox03_C	CID
9417299723056819054	DT_Unlock_G2_10303	10320103	103308	187125	-707	0	False	10320103	/Game/Maps/world/world_01/World_01_Collection/TreasureBox/TreasureBox02.TreasureBox02	TreasureBox02	TreasureBox02_C	CID
8762524055953426339	DT_Unlock_G2_10201	10220101	16905	118257	177	0	False	10220101	/Game/Maps/world/world_01/World_01_Collection/TreasureBox/TreasureBox02.TreasureBox02	TreasureBox02	TreasureBox02_C	CID
9418118515315721076	DT_Unlock_G1_10210	10210110	1988	137320	4892	0	False	10210110	/Game/Maps/world/world_01/World_01_Collection/TreasureBox/TreasureBox01.TreasureBox01	TreasureBox01	TreasureBox01_C	CID
9418967338292510743	DT_Unlock_G1_10202	10210102	-7534	131624	1948	0	False	10210102	/Game/Maps/world/world_01/World_01_Collection/TreasureBox/TreasureBox01.TreasureBox01	TreasureBox01	TreasureBox01_C	CID
9418964039757626110	DT_Unlock_G1_10205	10210105	61303	180945	524	0	False	10210105	/Game/Maps/world/world_01/World_01_Collection/TreasureBox/TreasureBox01.TreasureBox01	TreasureBox01	TreasureBox01_C	CID
7932607302307587156	DT_Unlock_G3_10601	10630101	75359	54375	6955	0	False	10630101	/Game/Maps/world/world_01/World_01_Collection/TreasureBox/TreasureBox03.TreasureBox03	TreasureBox03	TreasureBox03_C	CID
9415455842056687657	DT_Unlock_G2_10320	10320120	51704	208249	5741	0	False	10320120	/Game/Maps/world/world_01/World_01_Collection/TreasureBox/TreasureBox02.TreasureBox02	TreasureBox02	TreasureBox02_C	CID
1966640332702526479	DT_Monster_G3_10307	10330207	49711	189894	1564	0	False	10330207	/Game/Maps/world/world_01/World_01_Collection/TreasureBox/TreasureBox03.TreasureBox03	TreasureBox03	TreasureBox03_C	CID
8887627244594187707	DT_Unlock_G1_10310	10310110	36560	206790	1737	0	False	10310110	/Game/Maps/world/world_01/World_01_Collection/TreasureBox/TreasureBox01.TreasureBox01	TreasureBox01	TreasureBox01_C	CID
1966642531725782901	DT_Monster_G3_10305	10330205	52214	196941	3170	0	False	10330205	/Game/Maps/world/world_01/World_01_Collection/TreasureBox/TreasureBox03.TreasureBox03	TreasureBox03	TreasureBox03_C	CID
9416307963568361957	DT_Unlock_G2_10311	10320111	77917	173846	1212	0	False	10320111	/Game/Maps/world/world_01/World_01_Collection/TreasureBox/TreasureBox02.TreasureBox02	TreasureBox02	TreasureBox02_C	CID
7949855537816758121	DT_Monster_G2_10308	10320208	44304	218328	4017	0	False	10320208	/Game/Maps/world/world_01/World_01_Collection/TreasureBox/TreasureBox02.TreasureBox02	TreasureBox02	TreasureBox02_C	CID
10606324791626213436	DT_Unlock_G2_10125	10120125	63791	125982	672	0	False	10120125	/Game/Maps/world/world_01/World_01_Collection/TreasureBox/TreasureBox02.TreasureBox02	TreasureBox02	TreasureBox02_C	CID
7609641789715467451	DT_Unlock_G1_10123	10110123	68814	129921	976	0	False	10110123	/Game/Maps/world/world_01/World_01_Collection/TreasureBox/TreasureBox01.TreasureBox01	TreasureBox01	TreasureBox01_C	CID
7609640690203839240	DT_Unlock_G1_10122	10110122	66538	119980	549	0	False	10110122	/Game/Maps/world/world_01/World_01_Collection/TreasureBox/TreasureBox01.TreasureBox01	TreasureBox01	TreasureBox01_C	CID
7609643988738723873	DT_Unlock_G1_10121	10110121	60400	121825	1220	0	False	10110121	/Game/Maps/world/world_01/World_01_Collection/TreasureBox/TreasureBox01.TreasureBox01	TreasureBox01	TreasureBox01_C	CID
12539081515561813563	DT_Unlock_G2_10410	10420110	102735	157200	4633	0	False	10420110	/Game/Maps/world/world_01/World_01_Collection/TreasureBox/TreasureBox02.TreasureBox02	TreasureBox02	TreasureBox02_C	CID
12538099651678010365	DT_Unlock_G2_10409	10420109	145208	109224	9594	0	False	10420109	/Game/Maps/world/world_01/World_01_Collection/TreasureBox/TreasureBox02.TreasureBox02	TreasureBox02	TreasureBox02_C	CID
9416304665033477324	DT_Unlock_G2_10312	10320112	135256	215181	7257	0	False	10320112	/Game/Maps/world/world_01/World_01_Collection/TreasureBox/TreasureBox02.TreasureBox02	TreasureBox02	TreasureBox02_C	CID
8556805551036487161	DT_Unlock_G3_10505	10530105	174791	75982	7449	0	False	10530105	/Game/Maps/world/world_01/World_01_Collection/TreasureBox/TreasureBox03.TreasureBox03	TreasureBox03	TreasureBox03_C	CID
9211581218139879876	DT_Unlock_G3_10403	10430103	139998	110632	9632	0	False	10430103	/Game/Maps/world/world_01/World_01_Collection/TreasureBox/TreasureBox03.TreasureBox03	TreasureBox03	TreasureBox03_C	CID
15759225907506382368	DT_Key_G4_10403	10440303	144207	112459	10090	0	False	10440303	/Game/Maps/world/world_01/World_01_Collection/TreasureBox/TreasureBox04Key.TreasureBox04Key	TreasureBox04Key	TreasureBox04Key_C	CID
8763511417395370592	DT_Unlock_G2_10213	10220113	42885	185008	611	0	False	10220113	/Game/Maps/world/world_01/World_01_Collection/TreasureBox/TreasureBox02.TreasureBox02	TreasureBox02	TreasureBox02_C	CID
8887631642640700551	DT_Unlock_G1_10314	10310114	109917	211933	732	0	False	10310114	/Game/Maps/world/world_01/World_01_Collection/TreasureBox/TreasureBox01.TreasureBox01	TreasureBox01	TreasureBox01_C	CID
8763513616418627014	DT_Unlock_G2_10211	10220111	27854	167226	3523	0	False	10220111	/Game/Maps/world/world_01/World_01_Collection/TreasureBox/TreasureBox02.TreasureBox02	TreasureBox02	TreasureBox02_C	CID
2472091937364328888	DTreasureBox_TG3_022057_Unlock	10230101	-15701	182038	-592	0	False	10230101	/Game/Maps/world/world_01/World_01_Collection/TreasureBox/TreasureBox03.TreasureBox03	TreasureBox03	TreasureBox03_C	CID
5924434473866779593	DT_Map_G5_11102	11150402	326559	126949	11607	0	False	11150402	/Game/Maps/world/world_01/World_01_Collection/TreasureBox/TreasureBox06.TreasureBox06	TreasureBox06	TreasureBox06_C	CID
5924431175331894960	DT_Map_G5_11101	11150401	279994	154213	4576	0	False	11150401	/Game/Maps/world/world_01/World_01_Collection/TreasureBox/TreasureBox06.TreasureBox06	TreasureBox06	TreasureBox06_C	CID
11260097704124866944	DT_Unlock_G2_10617	10620117	48627	43067	12292	0	False	10620117	/Game/Maps/world/world_01/World_01_Collection/TreasureBox/TreasureBox02.TreasureBox02	TreasureBox02	TreasureBox02_C	CID
7932606202795958945	DT_Unlock_G3_10606	10630106	21655	42158	20099	0	False	10630106	/Game/Maps/world/world_01/World_01_Collection/TreasureBox/TreasureBox03.TreasureBox03	TreasureBox03	TreasureBox03_C	CID
11260098803636495155	DT_Unlock_G2_10616	10620116	108940	18774	10693	0	False	10620116	/Game/Maps/world/world_01/World_01_Collection/TreasureBox/TreasureBox02.TreasureBox02	TreasureBox02	TreasureBox02_C	CID
11260099903148123366	DT_Unlock_G2_10615	10620115	117978	33563	9050	0	False	10620115	/Game/Maps/world/world_01/World_01_Collection/TreasureBox/TreasureBox02.TreasureBox02	TreasureBox02	TreasureBox02_C	CID
9418965139269254321	DT_Unlock_G1_10204	10210104	-27901	154655	-755	0	False	10210104	/Game/Maps/world/world_01/World_01_Collection/TreasureBox/TreasureBox01.TreasureBox01	TreasureBox01	TreasureBox01_C	CID
8763523512023280913	DT_Unlock_G2_10218	10220118	-23984	141499	-712	0	False	10220118	/Game/Maps/world/world_01/World_01_Collection/TreasureBox/TreasureBox02.TreasureBox02	TreasureBox02	TreasureBox02_C	CID
8762525155465054550	DT_Unlock_G2_10202	10220102	23466	174038	4212	0	False	10220102	/Game/Maps/world/world_01/World_01_Collection/TreasureBox/TreasureBox02.TreasureBox02	TreasureBox02	TreasureBox02_C	CID
8763514715930255225	DT_Unlock_G2_10210	10220110	8000	151824	-665	0	False	10220110	/Game/Maps/world/world_01/World_01_Collection/TreasureBox/TreasureBox02.TreasureBox02	TreasureBox02	TreasureBox02_C	CID
8762532852046452027	DT_Unlock_G2_10209	10220109	-567	151057	-660	0	False	10220109	/Game/Maps/world/world_01/World_01_Collection/TreasureBox/TreasureBox02.TreasureBox02	TreasureBox02	TreasureBox02_C	CID
8762527354488310972	DT_Unlock_G2_10204	10220104	3224	149762	1823	0	False	10220104	/Game/Maps/world/world_01/World_01_Collection/TreasureBox/TreasureBox02.TreasureBox02	TreasureBox02	TreasureBox02_C	CID
8887632742152328762	DT_Unlock_G1_10317	10310117	95420	172711	3703	0	False	10310117	/Game/Maps/world/world_01/World_01_Collection/TreasureBox/TreasureBox01.TreasureBox01	TreasureBox01	TreasureBox01_C	CID
16482102392045592091	DT_Map_G5_10301	10350401	116726	189099	-560	0	False	10350401	/Game/Maps/world/world_01/World_01_Collection/TreasureBox/TreasureBox06.TreasureBox06	TreasureBox06	TreasureBox06_C	CID
9418966238780882532	DT_Unlock_G1_10203	10210103	76807	166364	4204	0	False	10210103	/Game/Maps/world/world_01/World_01_Collection/TreasureBox/TreasureBox01.TreasureBox01	TreasureBox01	TreasureBox01_C	CID
8763518014465139858	DT_Unlock_G2_10215	10220115	41223	156818	697	0	False	10220115	/Game/Maps/world/world_01/World_01_Collection/TreasureBox/TreasureBox02.TreasureBox02	TreasureBox02	TreasureBox02_C	CID
12537243132119823221	DT_Unlock_G2_10434	10420134	100030	89974	3591	0	False	10420134	/Game/Maps/world/world_01/World_01_Collection/TreasureBox/TreasureBox02.TreasureBox02	TreasureBox02	TreasureBox02_C	CID
5435024858043120863	DT_Unlock_G3_10213	10230106	60938	178927	448	0	False	10230106	/Game/Maps/world/world_01/World_01_Collection/TreasureBox/TreasureBox03.TreasureBox03	TreasureBox03	TreasureBox03_C	CID
8764499878348943056	DT_Unlock_G2_10226	10220126	46184	130774	328	0	False	10220126	/Game/Maps/world/world_01/World_01_Collection/TreasureBox/TreasureBox02.TreasureBox02	TreasureBox02	TreasureBox02_C	CID
9414470679637999826	DT_Unlock_G2_10336	10320136	86861	212667	474	0	False	10320136	/Game/Maps/world/world_01/World_01_Collection/TreasureBox/TreasureBox02.TreasureBox02	TreasureBox02	TreasureBox02_C	CID
8764503176883827689	DT_Unlock_G2_10225	10220125	30025	136717	-456	0	False	10220125	/Game/Maps/world/world_01/World_01_Collection/TreasureBox/TreasureBox02.TreasureBox02	TreasureBox02	TreasureBox02_C	CID
16361556806760815854	DT_Unlock_G2_11142	11120142	280036	123557	9675	0	False	11120142	/Game/Maps/world/world_01/World_01_Collection/TreasureBox/TreasureBox02.TreasureBox02	TreasureBox02	TreasureBox02_C	CID
16361555707249187643	DT_Unlock_G2_11141	11120141	282641	129755	5084	0	False	11120141	/Game/Maps/world/world_01/World_01_Collection/TreasureBox/TreasureBox02.TreasureBox02	TreasureBox02	TreasureBox02_C	CID
11261100458729606151	DT_Unlock_G2_10627	10620127	41142	17541	8556	0	False	10620127	/Game/Maps/world/world_01/World_01_Collection/TreasureBox/TreasureBox02.TreasureBox02	TreasureBox02	TreasureBox02_C	CID
10606328090161098069	DT_Unlock_G2_10126	10120126	71104	185450	2565	0	False	10120126	/Game/Maps/world/world_01/World_01_Collection/TreasureBox/TreasureBox02.TreasureBox02	TreasureBox02	TreasureBox02_C	CID
12706391556390738112	DT_Map_G5_10902	10950402	55600	-53880	41762	0	False	10950402	/Game/Maps/world/world_01/World_01_Collection/TreasureBox/TreasureBox06.TreasureBox06	TreasureBox06	TreasureBox06_C	CID
1810925117967598813	DT_Map_G5_10501	10550401	184274	79932	-581	0	False	10550401	/Game/Maps/world/world_01/World_01_Collection/TreasureBox/TreasureBox06.TreasureBox06	TreasureBox06	TreasureBox06_C	CID
13361168323005759038	DT_Map_G5_10801	10850401	165880	-71774	14111	0	False	10850401	/Game/Maps/world/world_01/World_01_Collection/TreasureBox/TreasureBox06.TreasureBox06	TreasureBox06	TreasureBox06_C	CID
17791616342857018347	DT_Map_G5_10103	10150403	39794	94033	6337	0	False	10150403	/Game/Maps/world/world_01/World_01_Collection/TreasureBox/TreasureBox06.TreasureBox06	TreasureBox06	TreasureBox06_C	CID
5269696190158746052	DT_Map_G5_11004	11050404	230026	212937	8578	0	False	11050404	/Game/Maps/world/world_01/World_01_Collection/TreasureBox/TreasureBox06.TreasureBox06	TreasureBox06	TreasureBox06_C	CID
1156149450864206098	DT_Map_G5_10603	10650403	34029	44472	18121	0	False	10650403	/Game/Maps/world/world_01/World_01_Collection/TreasureBox/TreasureBox06.TreasureBox06	TreasureBox06	TreasureBox06_C	CID
1810922918944342391	DT_Map_G5_10503	10550403	157009	53901	12085	0	False	10550403	/Game/Maps/world/world_01/World_01_Collection/TreasureBox/TreasureBox06.TreasureBox06	TreasureBox06	TreasureBox06_C	CID
17136842874776882054	DT_Map_G5_10203	10250403	-6795	186400	-624	0	False	10250403	/Game/Maps/world/world_01/World_01_Collection/TreasureBox/TreasureBox06.TreasureBox06	TreasureBox06	TreasureBox06_C	CID
16414007072167916138	DT_Key_G4_10302	10340302	86538	220112	419	0	False	10340302	/Game/Maps/world/world_01/World_01_Collection/TreasureBox/TreasureBox04Key.TreasureBox04Key	TreasureBox04Key	TreasureBox04Key_C	CID
16414008171679544349	DT_Key_G4_10303	10340303	96767	186363	2040	0	False	10340303	/Game/Maps/world/world_01/World_01_Collection/TreasureBox/TreasureBox04Key.TreasureBox04Key	TreasureBox04Key	TreasureBox04Key_C	CID
8763519113976768069	DT_Unlock_G2_10214	10220114	2810	135012	4010	0	False	10220114	/Game/Maps/world/world_01/World_01_Collection/TreasureBox/TreasureBox02.TreasureBox02	TreasureBox02	TreasureBox02_C	CID
181161136718330980	DT_Dig_G3_10201	10230501	-5270	127211	1456	0	False	10230501	/Game/Maps/world/world_01/World_01_Collection/TreasureBox/TreasureBox03.TreasureBox03	TreasureBox03	TreasureBox03_C	CID
7417532480723003676	DT_Monster_G2_10206	10220206	8471	121378	-433	0	False	10220206	/Game/Maps/world/world_01/World_01_Collection/TreasureBox/TreasureBox02.TreasureBox02	TreasureBox02	TreasureBox02_C	CID
7418376905653280499	DT_Monster_G2_10214	10220214	-20771	153747	-468	0	False	10220214	/Game/Maps/world/world_01/World_01_Collection/TreasureBox/TreasureBox02.TreasureBox02	TreasureBox02	TreasureBox02_C	CID
2498974384912563034	DT_Monster_G3_10205	10230205	-25446	164154	-725	0	False	10230205	/Game/Maps/world/world_01/World_01_Collection/TreasureBox/TreasureBox03.TreasureBox03	TreasureBox03	TreasureBox03_C	CID
7418382403211421554	DT_Monster_G2_10213	10220213	-26628	155794	-725	0	False	10220213	/Game/Maps/world/world_01/World_01_Collection/TreasureBox/TreasureBox02.TreasureBox02	TreasureBox02	TreasureBox02_C	CID
2498968887354421979	DT_Monster_G3_10202	10230202	83642	160795	1166	0	False	10230202	/Game/Maps/world/world_01/World_01_Collection/TreasureBox/TreasureBox03.TreasureBox03	TreasureBox03	TreasureBox03_C	CID
7417529182188119043	DT_Monster_G2_10203	10220203	61488	183754	1009	0	False	10220203	/Game/Maps/world/world_01/World_01_Collection/TreasureBox/TreasureBox02.TreasureBox02	TreasureBox02	TreasureBox02_C	CID
7418375806141652288	DT_Monster_G2_10215	10220215	68662	153724	1591	0	False	10220215	/Game/Maps/world/world_01/World_01_Collection/TreasureBox/TreasureBox02.TreasureBox02	TreasureBox02	TreasureBox02_C	CID
7418380204188165132	DT_Monster_G2_10211	10220211	57472	177500	219	0	False	10220211	/Game/Maps/world/world_01/World_01_Collection/TreasureBox/TreasureBox02.TreasureBox02	TreasureBox02	TreasureBox02_C	CID
7417533580234631887	DT_Monster_G2_10207	10220207	56708	172639	750	0	False	10220207	/Game/Maps/world/world_01/World_01_Collection/TreasureBox/TreasureBox02.TreasureBox02	TreasureBox02	TreasureBox02_C	CID
7418381303699793343	DT_Monster_G2_10210	10220210	59319	165251	1961	0	False	10220210	/Game/Maps/world/world_01/World_01_Collection/TreasureBox/TreasureBox02.TreasureBox02	TreasureBox02	TreasureBox02_C	CID
7417534679746260098	DT_Monster_G2_10204	10220204	57170	156977	709	0	False	10220204	/Game/Maps/world/world_01/World_01_Collection/TreasureBox/TreasureBox02.TreasureBox02	TreasureBox02	TreasureBox02_C	CID
7417540177304401153	DT_Monster_G2_10209	10220209	84346	153246	1458	0	False	10220209	/Game/Maps/world/world_01/World_01_Collection/TreasureBox/TreasureBox02.TreasureBox02	TreasureBox02	TreasureBox02_C	CID
8691487833281432064	DT_Dig_G2_10204	10220504	72344	152291	3353	0	False	10220504	/Game/Maps/world/world_01/World_01_Collection/TreasureBox/TreasureBox02.TreasureBox02	TreasureBox02	TreasureBox02_C	CID
7418389000281190820	DT_Monster_G2_10219	10220219	43142	193542	1354	0	False	10220219	/Game/Maps/world/world_01/World_01_Collection/TreasureBox/TreasureBox02.TreasureBox02	TreasureBox02	TreasureBox02_C	CID
7415583046606564023	DT_Monster_G2_10221	10220221	40411	171283	1134	0	False	10220221	/Game/Maps/world/world_01/World_01_Collection/TreasureBox/TreasureBox02.TreasureBox02	TreasureBox02	TreasureBox02_C	CID
7418383502723049765	DT_Monster_G2_10212	10220212	38936	176317	1113	0	False	10220212	/Game/Maps/world/world_01/World_01_Collection/TreasureBox/TreasureBox02.TreasureBox02	TreasureBox02	TreasureBox02_C	CID
2498975484424191245	DT_Monster_G3_10204	10230204	31016	177404	6167	0	False	10230204	/Game/Maps/world/world_01/World_01_Collection/TreasureBox/TreasureBox03.TreasureBox03	TreasureBox03	TreasureBox03_C	CID
2498967787842793768	DT_Monster_G3_10203	10230203	33087	173729	1160	0	False	10230203	/Game/Maps/world/world_01/World_01_Collection/TreasureBox/TreasureBox03.TreasureBox03	TreasureBox03	TreasureBox03_C	CID
8691494430351201330	DT_Dig_G2_10202	10220502	33563	178902	7816	0	False	10220502	/Game/Maps/world/world_01/World_01_Collection/TreasureBox/TreasureBox02.TreasureBox02	TreasureBox02	TreasureBox02_C	CID
7417528082676490832	DT_Monster_G2_10202	10220202	31259	172329	1007	0	False	10220202	/Game/Maps/world/world_01/World_01_Collection/TreasureBox/TreasureBox02.TreasureBox02	TreasureBox02	TreasureBox02_C	CID
8764506475418712322	DT_Unlock_G2_10220	10220120	34416	172081	4458	0	False	10220120	/Game/Maps/world/world_01/World_01_Collection/TreasureBox/TreasureBox02.TreasureBox02	TreasureBox02	TreasureBox02_C	CID
12243028550492987219	DT_Monster_G4_10201	10240201	31202	174478	1789	0	False	10240201	/Game/Maps/world/world_01/World_01_Collection/TreasureBox/TreasureBox04.TreasureBox04	TreasureBox04	TreasureBox04_C	CID
7418378005164908710	DT_Monster_G2_10217	10220217	24183	175453	4309	0	False	10220217	/Game/Maps/world/world_01/World_01_Collection/TreasureBox/TreasureBox02.TreasureBox02	TreasureBox02	TreasureBox02_C	CID
8691493330839573119	DT_Dig_G2_10201	10220501	18138	156985	8976	0	False	10220501	/Game/Maps/world/world_01/World_01_Collection/TreasureBox/TreasureBox02.TreasureBox02	TreasureBox02	TreasureBox02_C	CID
7415584146118192234	DT_Monster_G2_10222	10220222	43111	150951	248	0	False	10220222	/Game/Maps/world/world_01/World_01_Collection/TreasureBox/TreasureBox02.TreasureBox02	TreasureBox02	TreasureBox02_C	CID
7417539077792772942	DT_Monster_G2_10208	10220208	36387	149989	577	0	False	10220208	/Game/Maps/world/world_01/World_01_Collection/TreasureBox/TreasureBox02.TreasureBox02	TreasureBox02	TreasureBox02_C	CID
7417531381211375465	DT_Monster_G2_10201	10220201	28249	144897	2489	0	False	10220201	/Game/Maps/world/world_01/World_01_Collection/TreasureBox/TreasureBox02.TreasureBox02	TreasureBox02	TreasureBox02_C	CID
7418390099792819031	DT_Monster_G2_10218	10220218	26212	138115	523	0	False	10220218	/Game/Maps/world/world_01/World_01_Collection/TreasureBox/TreasureBox02.TreasureBox02	TreasureBox02	TreasureBox02_C	CID
7418379104676536921	DT_Monster_G2_10216	10220216	21418	135950	721	0	False	10220216	/Game/Maps/world/world_01/World_01_Collection/TreasureBox/TreasureBox02.TreasureBox02	TreasureBox02	TreasureBox02_C	CID
7415581947094935812	DT_Monster_G2_10220	10220220	17795	134048	747	0	False	10220220	/Game/Maps/world/world_01/World_01_Collection/TreasureBox/TreasureBox02.TreasureBox02	TreasureBox02	TreasureBox02_C	CID
181164435253215613	DT_Dig_G3_10202	10230502	5356	145011	7138	0	False	10230502	/Game/Maps/world/world_01/World_01_Collection/TreasureBox/TreasureBox03.TreasureBox03	TreasureBox03	TreasureBox03_C	CID
17136840675753625632	DT_Map_G5_10201	10250401	-13955	179080	3514	0	False	10250401	/Game/Maps/world/world_01/World_01_Collection/TreasureBox/TreasureBox06.TreasureBox06	TreasureBox06	TreasureBox06_C	CID
181163335741587402	DT_Dig_G3_10203	10230503	-15186	156338	1736	0	False	10230503	/Game/Maps/world/world_01/World_01_Collection/TreasureBox/TreasureBox03.TreasureBox03	TreasureBox03	TreasureBox03_C	CID
2498969986866050190	DT_Monster_G3_10201	10230201	40	141028	5348	0	False	10230201	/Game/Maps/world/world_01/World_01_Collection/TreasureBox/TreasureBox03.TreasureBox03	TreasureBox03	TreasureBox03_C	CID
12243029650004615430	DT_Monster_G4_10202	10240202	-9688	138013	2450	0	False	10240202	/Game/Maps/world/world_01/World_01_Collection/TreasureBox/TreasureBox04.TreasureBox04	TreasureBox04	TreasureBox04_C	CID
17136843974288510265	DT_Map_G5_10202	10250402	6354	159602	-514	0	False	10250402	/Game/Maps/world/world_01/World_01_Collection/TreasureBox/TreasureBox06.TreasureBox06	TreasureBox06	TreasureBox06_C	CID
8691495529862829541	DT_Dig_G2_10203	10220503	-12272	178943	-710	0	False	10220503	/Game/Maps/world/world_01/World_01_Collection/TreasureBox/TreasureBox02.TreasureBox02	TreasureBox02	TreasureBox02_C	CID
16946302641470965308	DT_Key_G4_10201	10240301	-18312	151591	-289	0	False	10240301	/Game/Maps/world/world_01/World_01_Collection/TreasureBox/TreasureBox04Key.TreasureBox04Key	TreasureBox04Key	TreasureBox04Key_C	CID
9211583417163136298	DT_Unlock_G3_10401	10430101	80413	105222	2805	0	False	10430101	/Game/Maps/world/world_01/World_01_Collection/TreasureBox/TreasureBox03.TreasureBox03	TreasureBox03	TreasureBox03_C	CID
5764852593089107890	DT_Unlock_G1_10410	10410110	127165	92495	7352	0	False	10410110	/Game/Maps/world/world_01/World_01_Collection/TreasureBox/TreasureBox01.TreasureBox01	TreasureBox01	TreasureBox01_C	CID
7607808903831618164	DT_Unlock_G1_10108	10110108	68798	103141	447	0	False	10110108	/Game/Maps/world/world_01/World_01_Collection/TreasureBox/TreasureBox01.TreasureBox01	TreasureBox01	TreasureBox01_C	CID
7608647831203753932	DT_Unlock_G1_10113	10110113	36861	90876	4680	0	False	10110113	/Game/Maps/world/world_01/World_01_Collection/TreasureBox/TreasureBox01.TreasureBox01	TreasureBox01	TreasureBox01_C	CID
9418120714338977498	DT_Unlock_G1_10212	10210112	39869	161012	2942	0	False	10210112	/Game/Maps/world/world_01/World_01_Collection/TreasureBox/TreasureBox01.TreasureBox01	TreasureBox01	TreasureBox01_C	CID
8763512516906998803	DT_Unlock_G2_10212	10220112	-6640	145379	4206	0	False	10220112	/Game/Maps/world/world_01/World_01_Collection/TreasureBox/TreasureBox02.TreasureBox02	TreasureBox02	TreasureBox02_C	CID
7608646731692125721	DT_Unlock_G1_10114	10110114	39098	91669	3067	0	False	10110114	/Game/Maps/world/world_01/World_01_Collection/TreasureBox/TreasureBox01.TreasureBox01	TreasureBox01	TreasureBox01_C	CID
6091745561216440387	DT_Unlock_G3_10114	10130114	21552	98612	2420	0	False	10130114	/Game/Maps/world/world_01/World_01_Collection/TreasureBox/TreasureBox03.TreasureBox03	TreasureBox03	TreasureBox03_C	CID
10606325891137841647	DT_Unlock_G2_10124	10120124	27981	92219	2010	0	False	10120124	/Game/Maps/world/world_01/World_01_Collection/TreasureBox/TreasureBox02.TreasureBox02	TreasureBox02	TreasureBox02_C	CID
5765846551600821409	DT_Unlock_G1_10402	10410102	104647	136615	4215	0	False	10410102	/Game/Maps/world/world_01/World_01_Collection/TreasureBox/TreasureBox01.TreasureBox01	TreasureBox01	TreasureBox01_C	CID
5764848195042595046	DT_Unlock_G1_10414	10410114	106667	156111	9619	0	False	10410114	/Game/Maps/world/world_01/World_01_Collection/TreasureBox/TreasureBox01.TreasureBox01	TreasureBox01	TreasureBox01_C	CID
12538086457538471833	DT_Unlock_G2_10405	10420105	92010	128022	6590	0	False	10420105	/Game/Maps/world/world_01/World_01_Collection/TreasureBox/TreasureBox02.TreasureBox02	TreasureBox02	TreasureBox02_C	CID
5764853692600736101	DT_Unlock_G1_10411	10410111	106925	100169	3995	0	False	10410111	/Game/Maps/world/world_01/World_01_Collection/TreasureBox/TreasureBox01.TreasureBox01	TreasureBox01	TreasureBox01_C	CID
5764851493577479679	DT_Unlock_G1_10413	10410113	98059	152787	8215	0	False	10410113	/Game/Maps/world/world_01/World_01_Collection/TreasureBox/TreasureBox01.TreasureBox01	TreasureBox01	TreasureBox01_C	CID
7949865433421412020	DT_Monster_G2_10307	10320207	85279	195281	1308	0	False	10320207	/Game/Maps/world/world_01/World_01_Collection/TreasureBox/TreasureBox02.TreasureBox02	TreasureBox02	TreasureBox02_C	CID
9417300822568447265	DT_Unlock_G2_10302	10320102	47062	231253	-272	0	False	10320102	/Game/Maps/world/world_01/World_01_Collection/TreasureBox/TreasureBox04.TreasureBox04	TreasureBox04	TreasureBox04_C	CID
7948879171491095978	DT_Monster_G2_10316	10320216	52165	212745	3932	0	False	10320216	/Game/Maps/world/world_01/World_01_Collection/TreasureBox/TreasureBox02.TreasureBox02	TreasureBox02	TreasureBox02_C	CID
8887630543129072340	DT_Unlock_G1_10315	10310115	73598	189654	4747	0	False	10310115	/Game/Maps/world/world_01/World_01_Collection/TreasureBox/TreasureBox01.TreasureBox01	TreasureBox01	TreasureBox01_C	CID
9211582317651508087	DT_Unlock_G3_10402	10430102	103732	87827	3814	0	False	10430102	/Game/Maps/world/world_01/World_01_Collection/TreasureBox/TreasureBox03.TreasureBox03	TreasureBox03	TreasureBox03_C	CID
7948873673932954923	DT_Monster_G2_10311	10320211	53107	202789	2061	0	False	10320211	/Game/Maps/world/world_01/World_01_Collection/TreasureBox/TreasureBox02.TreasureBox02	TreasureBox02	TreasureBox02_C	CID
5765835556484539299	DT_Unlock_G1_10408	10410108	83256	137328	3982	0	False	10410108	/Game/Maps/world/world_01/World_01_Collection/TreasureBox/TreasureBox01.TreasureBox01	TreasureBox01	TreasureBox01_C	CID
16946305940005849941	DT_Key_G4_10202	10240302	-17826	178641	3058	0	False	10240302	/Game/Maps/world/world_01/World_01_Collection/TreasureBox/TreasureBox04Key.TreasureBox04Key	TreasureBox04Key	TreasureBox04Key_C	CID
6090756000751239712	DT_Unlock_G3_10102	10130102	54065	104785	6332	0	False	10130102	/Game/Maps/world/world_01/World_01_Collection/TreasureBox/TreasureBox03.TreasureBox03	TreasureBox03	TreasureBox03_C	CID
10604375357509773783	DT_Unlock_G2_10106	10120106	42299	116630	4107	0	False	10120106	/Game/Maps/world/world_01/World_01_Collection/TreasureBox/TreasureBox02.TreasureBox02	TreasureBox02	TreasureBox02_C	CID
7607802306761848898	DT_Unlock_G1_10102	10110102	45270	112339	2070	0	False	10110102	/Game/Maps/world/world_01/World_01_Collection/TreasureBox/TreasureBox01.TreasureBox01	TreasureBox01	TreasureBox01_C	CID
7609642889227095662	DT_Unlock_G1_10120	10110120	44760	114539	2118	0	False	10110120	/Game/Maps/world/world_01/World_01_Collection/TreasureBox/TreasureBox01.TreasureBox01	TreasureBox01	TreasureBox01_C	CID
10606321493091328803	DT_Unlock_G2_10120	10120120	38808	112752	1622	0	False	10120120	/Game/Maps/world/world_01/World_01_Collection/TreasureBox/TreasureBox02.TreasureBox02	TreasureBox02	TreasureBox02_C	CID
7608658826320036042	DT_Unlock_G1_10119	10110119	45659	104709	2067	0	False	10110119	/Game/Maps/world/world_01/World_01_Collection/TreasureBox/TreasureBox01.TreasureBox01	TreasureBox01	TreasureBox01_C	CID
7608651129738638565	DT_Unlock_G1_10110	10110110	42524	111501	1573	0	False	10110110	/Game/Maps/world/world_01/World_01_Collection/TreasureBox/TreasureBox01.TreasureBox01	TreasureBox01	TreasureBox01_C	CID
10604377556533030205	DT_Unlock_G2_10104	10120104	50376	107135	2073	0	False	10120104	/Game/Maps/world/world_01/World_01_Collection/TreasureBox/TreasureBox02.TreasureBox02	TreasureBox02	TreasureBox02_C	CID
10606322592602957014	DT_Unlock_G2_10123	10120123	46521	102548	3060	0	False	10120123	/Game/Maps/world/world_01/World_01_Collection/TreasureBox/TreasureBox02.TreasureBox02	TreasureBox02	TreasureBox02_C	CID
7607801207250220687	DT_Unlock_G1_10101	10110101	31864	111786	1068	0	False	10110101	/Game/Maps/world/world_01/World_01_Collection/TreasureBox/TreasureBox01.TreasureBox01	TreasureBox01	TreasureBox01_C	CID
7607810003343246375	DT_Unlock_G1_10109	10110109	36691	109769	826	0	False	10110109	/Game/Maps/world/world_01/World_01_Collection/TreasureBox/TreasureBox01.TreasureBox01	TreasureBox01	TreasureBox01_C	CID
7608648930715382143	DT_Unlock_G1_10112	10110112	28110	110767	826	0	False	10110112	/Game/Maps/world/world_01/World_01_Collection/TreasureBox/TreasureBox01.TreasureBox01	TreasureBox01	TreasureBox01_C	CID
7607795709692079632	DT_Unlock_G1_10104	10110104	36913	103100	1553	0	False	10110104	/Game/Maps/world/world_01/World_01_Collection/TreasureBox/TreasureBox01.TreasureBox01	TreasureBox01	TreasureBox01_C	CID
10604363262881863462	DT_Unlock_G2_10109	10120109	26172	112996	276	0	False	10120109	/Game/Maps/world/world_01/World_01_Collection/TreasureBox/TreasureBox02.TreasureBox02	TreasureBox02	TreasureBox02_C	CID
6091744461704812176	DT_Unlock_G3_10115	10130115	35778	115119	1022	0	False	10130115	/Game/Maps/world/world_01/World_01_Collection/TreasureBox/TreasureBox03.TreasureBox03	TreasureBox03	TreasureBox03_C	CID
6091751058774581442	DT_Unlock_G3_10113	10130113	34144	105564	829	0	False	10130113	/Game/Maps/world/world_01/World_01_Collection/TreasureBox/TreasureBox03.TreasureBox03	TreasureBox03	TreasureBox03_C	CID
6090762597821008978	DT_Unlock_G3_10104	10130104	31064	110325	5187	0	False	10130104	/Game/Maps/world/world_01/World_01_Collection/TreasureBox/TreasureBox03.TreasureBox03	TreasureBox03	TreasureBox03_C	CID
10606323692114585225	DT_Unlock_G2_10122	10120122	29324	109550	1100	0	False	10120122	/Game/Maps/world/world_01/World_01_Collection/TreasureBox/TreasureBox02.TreasureBox02	TreasureBox02	TreasureBox02_C	CID
10606320393579700592	DT_Unlock_G2_10121	10120121	24988	124810	1201	0	False	10120121	/Game/Maps/world/world_01/World_01_Collection/TreasureBox/TreasureBox02.TreasureBox02	TreasureBox02	TreasureBox02_C	CID
17601080507597614445	DT_Key_G4_10101	10140301	23489	109163	6301	0	False	10140301	/Game/Maps/world/world_01/World_01_Collection/TreasureBox/TreasureBox04Key.TreasureBox04Key	TreasureBox04Key	TreasureBox04Key_C	CID
7608643433157241088	DT_Unlock_G1_10117	10110117	23866	111530	827	0	False	10110117	/Game/Maps/world/world_01/World_01_Collection/TreasureBox/TreasureBox01.TreasureBox01	TreasureBox01	TreasureBox01_C	CID
6091752158286209653	DT_Unlock_G3_10112	10130112	53271	96153	4298	0	False	10130112	/Game/Maps/world/world_01/World_01_Collection/TreasureBox/TreasureBox03.TreasureBox03	TreasureBox03	TreasureBox03_C	CID
7608644532668869299	DT_Unlock_G1_10116	10110116	54091	94720	2267	0	False	10110116	/Game/Maps/world/world_01/World_01_Collection/TreasureBox/TreasureBox01.TreasureBox01	TreasureBox01	TreasureBox01_C	CID
10603522136486471272	DT_Unlock_G2_10110	10120110	50381	101128	4351	0	False	10120110	/Game/Maps/world/world_01/World_01_Collection/TreasureBox/TreasureBox02.TreasureBox02	TreasureBox02	TreasureBox02_C	CID
10604374257998145572	DT_Unlock_G2_10107	10120107	38487	96572	6338	0	False	10120107	/Game/Maps/world/world_01/World_01_Collection/TreasureBox/TreasureBox02.TreasureBox02	TreasureBox02	TreasureBox02_C	CID
7607803406273477109	DT_Unlock_G1_10103	10110103	45153	101698	2295	0	False	10110103	/Game/Maps/world/world_01/World_01_Collection/TreasureBox/TreasureBox01.TreasureBox01	TreasureBox01	TreasureBox01_C	CID
6091748859751325020	DT_Unlock_G3_10111	10130111	48659	94339	6862	0	False	10130111	/Game/Maps/world/world_01/World_01_Collection/TreasureBox/TreasureBox03.TreasureBox03	TreasureBox03	TreasureBox03_C	CID
10604364362393491673	DT_Unlock_G2_10108	10120108	36183	101592	3280	0	False	10120108	/Game/Maps/world/world_01/World_01_Collection/TreasureBox/TreasureBox02.TreasureBox02	TreasureBox02	TreasureBox02_C	CID
6090759299286124345	DT_Unlock_G3_10101	10130101	34788	98168	6749	0	False	10130101	/Game/Maps/world/world_01/World_01_Collection/TreasureBox/TreasureBox03.TreasureBox03	TreasureBox03	TreasureBox03_C	CID
6090757100262867923	DT_Unlock_G3_10103	10130103	34151	101659	879	0	False	10130103	/Game/Maps/world/world_01/World_01_Collection/TreasureBox/TreasureBox03.TreasureBox03	TreasureBox03	TreasureBox03_C	CID
7608645632180497510	DT_Unlock_G1_10115	10110115	24031	97407	230	0	False	10110115	/Game/Maps/world/world_01/World_01_Collection/TreasureBox/TreasureBox01.TreasureBox01	TreasureBox01	TreasureBox01_C	CID
10604369859951632728	DT_Unlock_G2_10103	10120103	63139	104699	-530	0	False	10120103	/Game/Maps/world/world_01/World_01_Collection/TreasureBox/TreasureBox02.TreasureBox02	TreasureBox02	TreasureBox02_C	CID
10603514439905073795	DT_Unlock_G2_10119	10120119	36566	130324	-690	0	False	10120119	/Game/Maps/world/world_01/World_01_Collection/TreasureBox/TreasureBox02.TreasureBox02	TreasureBox02	TreasureBox02_C	CID
10604370959463260939	DT_Unlock_G2_10102	10120102	36505	121690	-728	0	False	10120102	/Game/Maps/world/world_01/World_01_Collection/TreasureBox/TreasureBox02.TreasureBox02	TreasureBox02	TreasureBox02_C	CID
10604376457021401994	DT_Unlock_G2_10105	10120105	20364	98475	-336	0	False	10120105	/Game/Maps/world/world_01/World_01_Collection/TreasureBox/TreasureBox02.TreasureBox02	TreasureBox02	TreasureBox02_C	CID
6762647961968418072	DT_Monster_G2_10101	10120201	69573	136913	1100	0	False	10120201	/Game/Maps/world/world_01/World_01_Collection/TreasureBox/TreasureBox02.TreasureBox02	TreasureBox02	TreasureBox02_C	CID
7607796809203707843	DT_Unlock_G1_10105	10110105	58779	146210	2830	0	False	10110105	/Game/Maps/world/world_01/World_01_Collection/TreasureBox/TreasureBox01.TreasureBox01	TreasureBox01	TreasureBox01_C	CID
10603525435021355905	DT_Unlock_G2_10113	10120113	51533	134620	265	0	False	10120113	/Game/Maps/world/world_01/World_01_Collection/TreasureBox/TreasureBox02.TreasureBox02	TreasureBox02	TreasureBox02_C	CID
7608650030227010354	DT_Unlock_G1_10111	10110111	49693	146271	1080	0	False	10110111	/Game/Maps/world/world_01/World_01_Collection/TreasureBox/TreasureBox01.TreasureBox01	TreasureBox01	TreasureBox01_C	CID
7607797908715336054	DT_Unlock_G1_10106	10110106	51163	149738	1208	0	False	10110106	/Game/Maps/world/world_01/World_01_Collection/TreasureBox/TreasureBox01.TreasureBox01	TreasureBox01	TreasureBox01_C	CID
7949867632444668442	DT_Monster_G2_10305	10320205	62353	217844	4168	0	False	10320205	/Game/Maps/world/world_01/World_01_Collection/TreasureBox/TreasureBox02.TreasureBox02	TreasureBox02	TreasureBox02_C	CID
12775364801726280196	DT_Monster_G4_10305	10340205	61297	213318	3932	0	False	10340205	/Game/Maps/world/world_01/World_01_Collection/TreasureBox/TreasureBox04.TreasureBox04	TreasureBox04	TreasureBox04_C	CID
1966635934656013635	DT_Monster_G3_10303	10330203	75594	172098	3320	0	False	10330203	/Game/Maps/world/world_01/World_01_Collection/TreasureBox/TreasureBox03.TreasureBox03	TreasureBox03	TreasureBox03_C	CID
16414001574609775083	DT_Key_G4_10305	10340305	24677	252859	1373	0	False	10340305	/Game/Maps/world/world_01/World_01_Collection/TreasureBox/TreasureBox04Key.TreasureBox04Key	TreasureBox04Key	TreasureBox04Key_C	CID
5113902126939504344	DT_Unlock_G1_10531	10510131	182292	86273	1754	0	False	10510131	/Game/Maps/world/world_01/World_01_Collection/TreasureBox/TreasureBox01.TreasureBox01	TreasureBox01	TreasureBox01_C	CID
5765849850135706042	DT_Unlock_G1_10407	10410107	128579	113141	8292	0	False	10410107	/Game/Maps/world/world_01/World_01_Collection/TreasureBox/TreasureBox01.TreasureBox01	TreasureBox01	TreasureBox01_C	CID
16550927203311325690	DT_Monster_G4_10501	10540201	181633	120979	7434	0	False	10540201	/Game/Maps/world/world_01/World_01_Collection/TreasureBox/TreasureBox04.TreasureBox04	TreasureBox04	TreasureBox04_C	CID
9259382682767722909	DT_Monster_G2_10502	10520202	157961	136406	2817	0	False	10520202	/Game/Maps/world/world_01/World_01_Collection/TreasureBox/TreasureBox02.TreasureBox02	TreasureBox02	TreasureBox02_C	CID
5111073083520685116	DT_Unlock_G1_10504	10510104	158971	116124	-610	0	False	10510104	/Game/Maps/world/world_01/World_01_Collection/TreasureBox/TreasureBox01.TreasureBox01	TreasureBox01	TreasureBox01_C	CID
12538083159003587200	DT_Unlock_G2_10406	10420106	90480	122859	2534	0	False	10420106	/Game/Maps/world/world_01/World_01_Collection/TreasureBox/TreasureBox02.TreasureBox02	TreasureBox02	TreasureBox02_C	CID
5111078581078826171	DT_Unlock_G1_10509	10510109	184264	113847	8624	0	False	10510109	/Game/Maps/world/world_01/World_01_Collection/TreasureBox/TreasureBox01.TreasureBox01	TreasureBox01	TreasureBox01_C	CID
16414003773633031505	DT_Key_G4_10307	10340307	5333	240489	10378	0	False	10340307	/Game/Maps/world/world_01/World_01_Collection/TreasureBox/TreasureBox04Key.TreasureBox04Key	TreasureBox04Key	TreasureBox04Key_C	CID
12539071619957159664	DT_Unlock_G2_10419	10420119	118419	130010	10460	0	False	10420119	/Game/Maps/world/world_01/World_01_Collection/TreasureBox/TreasureBox02.TreasureBox02	TreasureBox02	TreasureBox02_C	CID
9416316759661387645	DT_Unlock_G2_10319	10320119	62810	235423	-575	0	False	10320119	/Game/Maps/world/world_01/World_01_Collection/TreasureBox/TreasureBox02.TreasureBox02	TreasureBox02	TreasureBox02_C	CID
16413996077051634028	DT_Key_G4_10308	10340308	57062	204475	7550	0	False	10340308	/Game/Maps/world/world_01/World_01_Collection/TreasureBox/TreasureBox04Key.TreasureBox04Key	TreasureBox04Key	TreasureBox04Key_C	CID
5436021015578090804	DT_Unlock_G3_10205	10230105	51090	186397	-776	0	False	10230105	/Game/Maps/world/world_01/World_01_Collection/TreasureBox/TreasureBox03.TreasureBox03	TreasureBox03	TreasureBox03_C	CID
7948863778328301024	DT_Monster_G2_10318	10320218	93890	172203	-732	0	False	10320218	/Game/Maps/world/world_01/World_01_Collection/TreasureBox/TreasureBox02.TreasureBox02	TreasureBox02	TreasureBox02_C	CID
1967488056167687935	DT_Monster_G3_10310	10330210	123658	214151	-711	0	False	10330210	/Game/Maps/world/world_01/World_01_Collection/TreasureBox/TreasureBox03.TreasureBox03	TreasureBox03	TreasureBox03_C	CID
7948878071979467767	DT_Monster_G2_10315	10320215	77990	189414	6694	0	False	10320215	/Game/Maps/world/world_01/World_01_Collection/TreasureBox/TreasureBox02.TreasureBox02	TreasureBox02	TreasureBox02_C	CID
12775365901237908407	DT_Monster_G4_10304	10340204	127386	222733	1705	0	False	10340204	/Game/Maps/world/world_01/World_01_Collection/TreasureBox/TreasureBox04.TreasureBox04	TreasureBox04	TreasureBox04_C	CID
12775362602703023774	DT_Monster_G4_10303	10340203	47467	212313	8147	0	False	10340203	/Game/Maps/world/world_01/World_01_Collection/TreasureBox/TreasureBox04.TreasureBox04	TreasureBox04	TreasureBox04_C	CID
13069565089701949455	DT_Unlock_G2_10519	10520119	155023	60782	11606	0	False	10520119	/Game/Maps/world/world_01/World_01_Collection/TreasureBox/TreasureBox02.TreasureBox02	TreasureBox02	TreasureBox02_C	CID
13069563990190321244	DT_Unlock_G2_10518	10520118	134185	61326	3968	0	False	10520118	/Game/Maps/world/world_01/World_01_Collection/TreasureBox/TreasureBox02.TreasureBox02	TreasureBox02	TreasureBox02_C	CID
9259379384232838276	DT_Monster_G2_10501	10520201	177820	115578	2713	0	False	10520201	/Game/Maps/world/world_01/World_01_Collection/TreasureBox/TreasureBox02.TreasureBox02	TreasureBox02	TreasureBox02_C	CID
5113904325962760766	DT_Unlock_G1_10533	10510133	178445	115949	7526	0	False	10510133	/Game/Maps/world/world_01/World_01_Collection/TreasureBox/TreasureBox01.TreasureBox01	TreasureBox01	TreasureBox01_C	CID
5113905425474388977	DT_Unlock_G1_10532	10510132	188795	80090	2390	0	False	10510132	/Game/Maps/world/world_01/World_01_Collection/TreasureBox/TreasureBox01.TreasureBox01	TreasureBox01	TreasureBox01_C	CID
13072369943864948041	DT_Unlock_G2_10526	10520126	178472	116473	716	0	False	10520126	/Game/Maps/world/world_01/World_01_Collection/TreasureBox/TreasureBox02.TreasureBox02	TreasureBox02	TreasureBox02_C	CID
7608659925831664253	DT_Unlock_G1_10118	10110118	32039	94139	2235	0	False	10110118	/Game/Maps/world/world_01/World_01_Collection/TreasureBox/TreasureBox01.TreasureBox01	TreasureBox01	TreasureBox01_C	CID
3153707171062455520	DT_Monster_G3_10504	10530204	152365	138279	1182	0	False	10530204	/Game/Maps/world/world_01/World_01_Collection/TreasureBox/TreasureBox03.TreasureBox03	TreasureBox03	TreasureBox03_C	CID
3153720365201994052	DT_Monster_G3_10508	10530208	152737	74218	3704	0	False	10530208	/Game/Maps/world/world_01/World_01_Collection/TreasureBox/TreasureBox03.TreasureBox03	TreasureBox03	TreasureBox03_C	CID
12539083714585069985	DT_Unlock_G2_10412	10420112	142755	141073	8362	0	False	10420112	/Game/Maps/world/world_01/World_01_Collection/TreasureBox/TreasureBox02.TreasureBox02	TreasureBox02	TreasureBox02_C	CID
5765850949647334253	DT_Unlock_G1_10406	10410106	95720	135925	5794	0	False	10410106	/Game/Maps/world/world_01/World_01_Collection/TreasureBox/TreasureBox01.TreasureBox01	TreasureBox01	TreasureBox01_C	CID
3153709370085711942	DT_Monster_G3_10506	10530206	150791	140716	-217	0	False	10530206	/Game/Maps/world/world_01/World_01_Collection/TreasureBox/TreasureBox03.TreasureBox03	TreasureBox03	TreasureBox03_C	CID
9259376085697953643	DT_Monster_G2_10504	10520204	155126	126195	-659	0	False	10520204	/Game/Maps/world/world_01/World_01_Collection/TreasureBox/TreasureBox02.TreasureBox02	TreasureBox02	TreasureBox02_C	CID
9259381583256094698	DT_Monster_G2_10503	10520203	178763	111050	8706	0	False	10520203	/Game/Maps/world/world_01/World_01_Collection/TreasureBox/TreasureBox02.TreasureBox02	TreasureBox02	TreasureBox02_C	CID
13069570587260090510	DT_Unlock_G2_10516	10520116	166262	77582	-691	0	False	10520116	/Game/Maps/world/world_01/World_01_Collection/TreasureBox/TreasureBox02.TreasureBox02	TreasureBox02	TreasureBox02_C	CID
8604608115175958405	DT_Monster_G2_10403	10420203	132541	105342	6233	0	False	10420203	/Game/Maps/world/world_01/World_01_Collection/TreasureBox/TreasureBox02.TreasureBox02	TreasureBox02	TreasureBox02_C	CID
5764849294554223257	DT_Unlock_G1_10415	10410115	76455	132315	2999	0	False	10410115	/Game/Maps/world/world_01/World_01_Collection/TreasureBox/TreasureBox01.TreasureBox01	TreasureBox01	TreasureBox01_C	CID
8604613612734099460	DT_Monster_G2_10408	10420208	82467	120878	1204	0	False	10420208	/Game/Maps/world/world_01/World_01_Collection/TreasureBox/TreasureBox02.TreasureBox02	TreasureBox02	TreasureBox02_C	CID
8604603717129445561	DT_Monster_G2_10407	10420207	76794	113504	1148	0	False	10420207	/Game/Maps/world/world_01/World_01_Collection/TreasureBox/TreasureBox02.TreasureBox02	TreasureBox02	TreasureBox02_C	CID
8604601518106189139	DT_Monster_G2_10405	10420205	89735	144378	7832	0	False	10420205	/Game/Maps/world/world_01/World_01_Collection/TreasureBox/TreasureBox02.TreasureBox02	TreasureBox02	TreasureBox02_C	CID
8604605916152701983	DT_Monster_G2_10401	10420201	110135	109270	8198	0	False	10420201	/Game/Maps/world/world_01/World_01_Collection/TreasureBox/TreasureBox02.TreasureBox02	TreasureBox02	TreasureBox02_C	CID
7948880271002724189	DT_Monster_G2_10317	10320217	60362	192359	1765	0	False	10320217	/Game/Maps/world/world_01/World_01_Collection/TreasureBox/TreasureBox02.TreasureBox02	TreasureBox02	TreasureBox02_C	CID
7949854438305129910	DT_Monster_G2_10309	10320209	12150	233234	4652	0	False	10320209	/Game/Maps/world/world_01/World_01_Collection/TreasureBox/TreasureBox02.TreasureBox02	TreasureBox02	TreasureBox02_C	CID
7951671931026184243	DT_Monster_G2_10320	10320220	270	234645	14665	0	False	10320220	/Game/Maps/world/world_01/World_01_Collection/TreasureBox/TreasureBox02.TreasureBox02	TreasureBox02	TreasureBox02_C	CID
7948864877839929235	DT_Monster_G2_10319	10320219	3361	252349	8008	0	False	10320219	/Game/Maps/world/world_01/World_01_Collection/TreasureBox/TreasureBox02.TreasureBox02	TreasureBox02	TreasureBox02_C	CID
7948875872956211345	DT_Monster_G2_10313	10320213	87614	204183	2161	0	False	10320213	/Game/Maps/world/world_01/World_01_Collection/TreasureBox/TreasureBox02.TreasureBox02	TreasureBox02	TreasureBox02_C	CID
7949866532933040231	DT_Monster_G2_10306	10320206	37213	214568	3605	0	False	10320206	/Game/Maps/world/world_01/World_01_Collection/TreasureBox/TreasureBox02.TreasureBox02	TreasureBox02	TreasureBox02_C	CID
8887628344105815918	DT_Unlock_G1_10313	10310113	87952	169285	3322	0	False	10310113	/Game/Maps/world/world_01/World_01_Collection/TreasureBox/TreasureBox01.TreasureBox01	TreasureBox01	TreasureBox01_C	CID
7948874773444583134	DT_Monster_G2_10312	10320212	42455	204556	1920	0	False	10320212	/Game/Maps/world/world_01/World_01_Collection/TreasureBox/TreasureBox02.TreasureBox02	TreasureBox02	TreasureBox02_C	CID
7948872574421326712	DT_Monster_G2_10310	10320210	75164	175163	7136	0	False	10320210	/Game/Maps/world/world_01/World_01_Collection/TreasureBox/TreasureBox02.TreasureBox02	TreasureBox02	TreasureBox02_C	CID
7949868731956296653	DT_Monster_G2_10304	10320204	109486	207989	4275	0	False	10320204	/Game/Maps/world/world_01/World_01_Collection/TreasureBox/TreasureBox02.TreasureBox02	TreasureBox02	TreasureBox02_C	CID
9415453643033431235	DT_Unlock_G2_10322	10320122	93446	232925	232	0	False	10320122	/Game/Maps/world/world_01/World_01_Collection/TreasureBox/TreasureBox02.TreasureBox02	TreasureBox02	TreasureBox02_C	CID
7949861035374899176	DT_Monster_G2_10303	10320203	63336	211132	2592	0	False	10320203	/Game/Maps/world/world_01/World_01_Collection/TreasureBox/TreasureBox02.TreasureBox02	TreasureBox02	TreasureBox02_C	CID
9418959641711113266	DT_Unlock_G1_10209	10210109	59818	154255	697	0	False	10210109	/Game/Maps/world/world_01/World_01_Collection/TreasureBox/TreasureBox01.TreasureBox01	TreasureBox01	TreasureBox01_C	CID
9418119614827349287	DT_Unlock_G1_10211	10210111	-28685	158658	-591	0	False	10210111	/Game/Maps/world/world_01/World_01_Collection/TreasureBox/TreasureBox01.TreasureBox01	TreasureBox01	TreasureBox01_C	CID
5765834456972911088	DT_Unlock_G1_10409	10410109	139980	101534	9493	0	False	10410109	/Game/Maps/world/world_01/World_01_Collection/TreasureBox/TreasureBox01.TreasureBox01	TreasureBox01	TreasureBox01_C	CID
5765848750624077831	DT_Unlock_G1_10404	10410104	144756	133280	8918	0	False	10410104	/Game/Maps/world/world_01/World_01_Collection/TreasureBox/TreasureBox01.TreasureBox01	TreasureBox01	TreasureBox01_C	CID
12536246974584853280	DT_Unlock_G2_10420	10420120	100894	126840	11688	0	False	10420120	/Game/Maps/world/world_01/World_01_Collection/TreasureBox/TreasureBox02.TreasureBox02	TreasureBox02	TreasureBox02_C	CID
9418962940245997899	DT_Unlock_G1_10206	10210106	72700	166931	2348	0	False	10210106	/Game/Maps/world/world_01/World_01_Collection/TreasureBox/TreasureBox01.TreasureBox01	TreasureBox01	TreasureBox01_C	CID
8604607015664330194	DT_Monster_G2_10402	10420202	134071	93922	7979	0	False	10420202	/Game/Maps/world/world_01/World_01_Collection/TreasureBox/TreasureBox02.TreasureBox02	TreasureBox02	TreasureBox02_C	CID
13069569487748462299	DT_Unlock_G2_10515	10520115	155828	134875	799	0	False	10520115	/Game/Maps/world/world_01/World_01_Collection/TreasureBox/TreasureBox02.TreasureBox02	TreasureBox02	TreasureBox02_C	CID
13072368844353319830	DT_Unlock_G2_10527	10520127	194326	129233	332	0	False	10520127	/Game/Maps/world/world_01/World_01_Collection/TreasureBox/TreasureBox02.TreasureBox02	TreasureBox02	TreasureBox02_C	CID
16550925004288069268	DT_Monster_G4_10503	10540203	178146	68413	9081	0	False	10540203	/Game/Maps/world/world_01/World_01_Collection/TreasureBox/TreasureBox04.TreasureBox04	TreasureBox04	TreasureBox04_C	CID
16550926103799697479	DT_Monster_G4_10502	10540202	124205	88984	6475	0	False	10540202	/Game/Maps/world/world_01/World_01_Collection/TreasureBox/TreasureBox04.TreasureBox04	TreasureBox04	TreasureBox04_C	CID
5765843253065936776	DT_Unlock_G1_10401	10410101	95315	120729	2507	0	False	10410101	/Game/Maps/world/world_01/World_01_Collection/TreasureBox/TreasureBox01.TreasureBox01	TreasureBox01	TreasureBox01_C	CID
5764850394065851468	DT_Unlock_G1_10412	10410112	111044	87046	5762	0	False	10410112	/Game/Maps/world/world_01/World_01_Collection/TreasureBox/TreasureBox01.TreasureBox01	TreasureBox01	TreasureBox01_C	CID
9418960741222741477	DT_Unlock_G1_10208	10210108	35667	176743	3933	0	False	10210108	/Game/Maps/world/world_01/World_01_Collection/TreasureBox/TreasureBox01.TreasureBox01	TreasureBox01	TreasureBox01_C	CID
9418121813850605709	DT_Unlock_G1_10213	10210113	34940	155183	4302	0	False	10210113	/Game/Maps/world/world_01/World_01_Collection/TreasureBox/TreasureBox01.TreasureBox01	TreasureBox01	TreasureBox01_C	CID
15896151536207932975	DT_Monster_G4_10403	10440203	118868	169919	-42107	0	False	10440203	/Game/Maps/world/world_01/World_01_Collection/TreasureBox/TreasureBox04.TreasureBox04	TreasureBox04	TreasureBox04_C	CID
15896150436696304764	DT_Monster_G4_10402	10440202	109113	127369	2813	0	False	10440202	/Game/Maps/world/world_01/World_01_Collection/TreasureBox/TreasureBox04.TreasureBox04	TreasureBox04	TreasureBox04_C	CID
18245412420449182441	DT_Unlock_G4_11101	11140101	318569	135043	10497	0	False	11140101	/Game/Maps/world/world_01/World_01_Collection/TreasureBox/TreasureBox04.TreasureBox04	TreasureBox04	TreasureBox04_C	CID
11261099359217977940	DT_Unlock_G2_10626	10620126	64186	23609	19517	0	False	10620126	/Game/Maps/world/world_01/World_01_Collection/TreasureBox/TreasureBox02.TreasureBox02	TreasureBox02	TreasureBox02_C	CID
11261102657752862573	DT_Unlock_G2_10625	10620125	48261	18528	23594	0	False	10620125	/Game/Maps/world/world_01/World_01_Collection/TreasureBox/TreasureBox02.TreasureBox02	TreasureBox02	TreasureBox02_C	CID
8557799509548200680	DT_Unlock_G3_10511	10530111	168204	46439	15827	0	False	10530111	/Game/Maps/world/world_01/World_01_Collection/TreasureBox/TreasureBox03.TreasureBox03	TreasureBox03	TreasureBox03_C	CID
9210588359139794568	DT_Unlock_G3_10414	10430114	140327	157980	-566	0	False	10430114	/Game/Maps/world/world_01/World_01_Collection/TreasureBox/TreasureBox03.TreasureBox03	TreasureBox03	TreasureBox03_C	CID
12537237634561682166	DT_Unlock_G2_10431	10420131	155722	183380	-769	0	False	10420131	/Game/Maps/world/world_01/World_01_Collection/TreasureBox/TreasureBox02.TreasureBox02	TreasureBox02	TreasureBox02_C	CID
13361167223494130827	DT_Map_G5_10802	10850402	149744	-53284	18002	0	False	10850402	/Game/Maps/world/world_01/World_01_Collection/TreasureBox/TreasureBox06.TreasureBox06	TreasureBox06	TreasureBox06_C	CID
12706394854925622745	DT_Map_G5_10901	10950401	81076	-54213	36678	0	False	10950401	/Game/Maps/world/world_01/World_01_Collection/TreasureBox/TreasureBox06.TreasureBox06	TreasureBox06	TreasureBox06_C	CID
2465663401675632354	DT_Map_G5_10401	10450401	159195	196023	-494	0	False	10450401	/Game/Maps/world/world_01/World_01_Collection/TreasureBox/TreasureBox06.TreasureBox06	TreasureBox06	TreasureBox06_C	CID
8765356397907130200	DT_Unlock_G2_10231	10220131	2731	193632	-11123	0	False	10220131	/Game/Maps/world/world_01/World_01_Collection/TreasureBox/TreasureBox02_Mount.TreasureBox02_Mount	TreasureBox02_Mount	TreasureBox02_Mount_C	CID
8765357497418758411	DT_Unlock_G2_10230	10220130	-1271	199175	-789	0	False	10220130	/Game/Maps/world/world_01/World_01_Collection/TreasureBox/TreasureBox02_Mount.TreasureBox02_Mount	TreasureBox02_Mount	TreasureBox02_Mount_C	CID
8764516371023366221	DT_Unlock_G2_10229	10220129	-1864	203148	-6174	0	False	10220129	/Game/Maps/world/world_01/World_01_Collection/TreasureBox/TreasureBox02_Mount.TreasureBox02_Mount	TreasureBox02_Mount	TreasureBox02_Mount_C	CID
8764515271511738010	DT_Unlock_G2_10228	10220128	-737	199019	-13148	0	False	10220128	/Game/Maps/world/world_01/World_01_Collection/TreasureBox/TreasureBox02_Mount.TreasureBox02_Mount	TreasureBox02_Mount	TreasureBox02_Mount_C	CID
8764500977860571267	DT_Unlock_G2_10227	10220127	-4902	203870	-14670	0	False	10220127	/Game/Maps/world/world_01/World_01_Collection/TreasureBox/TreasureBox02_Mount.TreasureBox02_Mount	TreasureBox02_Mount	TreasureBox02_Mount_C	CID
5435027057066377285	DT_Unlock_G3_10211	10230111	-5074	203683	-15257	0	False	10230111	/Game/Maps/world/world_01/World_01_Collection/TreasureBox/TreasureBox05_Mount.TreasureBox05_Mount	TreasureBox05_Mount	TreasureBox05_Mount_C	CID
5435025957554749074	DT_Unlock_G3_10210	10230110	-4252	198616	-8281	0	False	10230110	/Game/Maps/world/world_01/World_01_Collection/TreasureBox/TreasureBox03_Mount.TreasureBox03_Mount	TreasureBox03_Mount	TreasureBox03_Mount_C	CID
5436007821438552272	DT_Unlock_G3_10209	10230109	-81	199335	-14382	0	False	10230109	/Game/Maps/world/world_01/World_01_Collection/TreasureBox/TreasureBox03_Mount.TreasureBox03_Mount	TreasureBox03_Mount	TreasureBox03_Mount_C	CID
5436008920950180483	DT_Unlock_G3_10208	10230108	-3645	202210	-15438	0	False	10230108	/Game/Maps/world/world_01/World_01_Collection/TreasureBox/TreasureBox03_Mount.TreasureBox03_Mount	TreasureBox03_Mount	TreasureBox03_Mount_C	CID
5436023214601347226	DT_Unlock_G3_10207	10230107	12450	193224	-11080	0	False	10230107	/Game/Maps/world/world_01/World_01_Collection/TreasureBox/TreasureBox03_Mount.TreasureBox03_Mount	TreasureBox03_Mount	TreasureBox03_Mount_C	CID
4782090872916603123	DT_Unlock_G3_10312	10330112	-14245	251557	-995	0	False	10330112	/Game/Maps/world/world_01/World_01_Collection/TreasureBox/TreasureBox03_Mount.TreasureBox03_Mount	TreasureBox03_Mount	TreasureBox03_Mount_C	CID
4782091972428231334	DT_Unlock_G3_10311	10330111	-753	258011	13977	0	False	10330111	/Game/Maps/world/world_01/World_01_Collection/TreasureBox/TreasureBox03.TreasureBox03	TreasureBox03	TreasureBox03_C	CID
9414469580126371615	DT_Unlock_G2_10335	10320135	27843	254890	-463	0	False	10320135	/Game/Maps/world/world_01/World_01_Collection/TreasureBox/TreasureBox02.TreasureBox02	TreasureBox02	TreasureBox02_C	CID
4782093071939859545	DT_Unlock_G3_10310	10330110	35493	235353	-746	0	False	10330110	/Game/Maps/world/world_01/World_01_Collection/TreasureBox/TreasureBox03.TreasureBox03	TreasureBox03	TreasureBox03_C	CID
9414468480614743404	DT_Unlock_G2_10334	10320134	74677	219295	6166	0	False	10320134	/Game/Maps/world/world_01/World_01_Collection/TreasureBox/TreasureBox02.TreasureBox02	TreasureBox02	TreasureBox02_C	CID
9210585060604909935	DT_Unlock_G3_10419	10430119	163290	219373	-9476	0	False	10430119	/Game/Maps/world/world_01/World_01_Collection/TreasureBox/TreasureBox03_Mount.TreasureBox03_Mount	TreasureBox03_Mount	TreasureBox03_Mount_C	CID
9210591657674679201	DT_Unlock_G3_10417	10430117	158302	222290	-8627	0	False	10430117	/Game/Maps/world/world_01/World_01_Collection/TreasureBox/TreasureBox03_Mount.TreasureBox03_Mount	TreasureBox03_Mount	TreasureBox03_Mount_C	CID
9210583961093281724	DT_Unlock_G3_10418	10430118	159179	221840	-9244	0	False	10430118	/Game/Maps/world/world_01/World_01_Collection/TreasureBox/TreasureBox03_Mount.TreasureBox03_Mount	TreasureBox03_Mount	TreasureBox03_Mount_C	CID
5250610375216745594	DT_Unlock_G5_10403	10450403	164045	219483	-9305	0	False	10450403	/Game/Maps/world/world_01/World_01_Collection/TreasureBox/TreasureBox05_Mount.TreasureBox05_Mount	TreasureBox05_Mount	TreasureBox05_Mount_C	CID
12537246430654707854	DT_Unlock_G2_10439	10420139	164748	220475	-8390	0	False	10420139	/Game/Maps/world/world_01/World_01_Collection/TreasureBox/TreasureBox02_Mount.TreasureBox02_Mount	TreasureBox02_Mount	TreasureBox02_Mount_C	CID
12537247530166336065	DT_Unlock_G2_10438	10420138	157081	221795	-8226	0	False	10420138	/Game/Maps/world/world_01/World_01_Collection/TreasureBox/TreasureBox02_Mount.TreasureBox02_Mount	TreasureBox02_Mount	TreasureBox02_Mount_C	CID
12537239833584938588	DT_Unlock_G2_10437	10420137	161049	211645	-8014	0	False	10420137	/Game/Maps/world/world_01/World_01_Collection/TreasureBox/TreasureBox02_Mount.TreasureBox02_Mount	TreasureBox02_Mount	TreasureBox02_Mount_C	CID
7931622139888899325	DT_Unlock_G3_10615	10630115	67120	60102	-1140	0	False	10630115	/Game/Maps/world/world_01/World_01_Collection/TreasureBox/TreasureBox03_Mount.TreasureBox03_Mount	TreasureBox03_Mount	TreasureBox03_Mount_C	CID
7931621040377271114	DT_Unlock_G3_10614	10630114	65782	60172	6079	0	False	10630114	/Game/Maps/world/world_01/World_01_Collection/TreasureBox/TreasureBox03_Mount.TreasureBox03_Mount	TreasureBox03_Mount	TreasureBox03_Mount_C	CID
5250608176193489172	DT_Unlock_G5_10401	10450402	137542	182172	-47363	0	False	10450402	/Game/Maps/world/world_01/World_01_Collection/TreasureBox/TreasureBox05_Mount.TreasureBox05_Mount	TreasureBox05_Mount	TreasureBox05_Mount_C	CID
9210590558163050990	DT_Unlock_G3_10416	10430116	142153	187253	-46733	0	False	10430116	/Game/Maps/world/world_01/World_01_Collection/TreasureBox/TreasureBox03_Mount.TreasureBox03_Mount	TreasureBox03_Mount	TreasureBox03_Mount_C	CID
9210589458651422779	DT_Unlock_G3_10415	10430115	129803	182978	-41323	0	False	10430115	/Game/Maps/world/world_01/World_01_Collection/TreasureBox/TreasureBox03_Mount.TreasureBox03_Mount	TreasureBox03_Mount	TreasureBox03_Mount_C	CID
12537235435538425744	DT_Unlock_G2_10433	10420133	143569	179945	-40604	0	False	10420133	/Game/Maps/world/world_01/World_01_Collection/TreasureBox/TreasureBox02_Mount.TreasureBox02_Mount	TreasureBox02_Mount	TreasureBox02_Mount_C	CID
12537236535050053955	DT_Unlock_G2_10432	10420132	130445	181419	-41316	0	False	10420132	/Game/Maps/world/world_01/World_01_Collection/TreasureBox/TreasureBox02_Mount.TreasureBox02_Mount	TreasureBox02_Mount	TreasureBox02_Mount_C	CID
12537240933096566799	DT_Unlock_G2_10436	10420136	141961	176349	-42760	0	False	10420136	/Game/Maps/world/world_01/World_01_Collection/TreasureBox/TreasureBox02_Mount.TreasureBox02_Mount	TreasureBox02_Mount	TreasureBox02_Mount_C	CID
12537242032608195010	DT_Unlock_G2_10435	10420135	134681	189117	-45057	0	False	10420135	/Game/Maps/world/world_01/World_01_Collection/TreasureBox/TreasureBox02_Mount.TreasureBox02_Mount	TreasureBox02_Mount	TreasureBox02_Mount_C	CID
7415585245629820445	DT_Monster_G2_10223	10220223	74709	149791	1804	0	False	10220223	/Game/Maps/world/world_01/World_01_Collection/TreasureBox/TreasureBox02.TreasureBox02	TreasureBox02	TreasureBox02_C	CID
6407142314079167857	DT_Unlock_G2_20507	20520107	-42665	25076	299055	0	False	20520107	/Game/Maps/world/world_01/World_01_Collection/TreasureBox/TreasureBox02.TreasureBox02	TreasureBox02	TreasureBox02_C	CID
6407141214567539646	DT_Unlock_G2_20506	20520106	-44513	30662	308912	0	False	20520106	/Game/Maps/world/world_01/World_01_Collection/TreasureBox/TreasureBox02.TreasureBox02	TreasureBox02	TreasureBox02_C	CID
6407140115055911435	DT_Unlock_G2_20505	20520105	-61750	18842	306859	0	False	20520105	/Game/Maps/world/world_01/World_01_Collection/TreasureBox/TreasureBox02.TreasureBox02	TreasureBox02	TreasureBox02_C	CID
6407139015544283224	DT_Unlock_G2_20504	20520104	-45628	38181	302773	0	False	20520104	/Game/Maps/world/world_01/World_01_Collection/TreasureBox/TreasureBox02.TreasureBox02	TreasureBox02	TreasureBox02_C	CID
6407146712125680701	DT_Unlock_G2_20503	20520103	-48847	20432	304585	0	False	20520103	/Game/Maps/world/world_01/World_01_Collection/TreasureBox/TreasureBox02.TreasureBox02	TreasureBox02	TreasureBox02_C	CID
6407145612614052490	DT_Unlock_G2_20502	20520102	-54499	27227	302064	0	False	20520102	/Game/Maps/world/world_01/World_01_Collection/TreasureBox/TreasureBox02.TreasureBox02	TreasureBox02	TreasureBox02_C	CID
6407144513102424279	DT_Unlock_G2_20501	20520101	-53968	37766	301185	0	False	20520101	/Game/Maps/world/world_01/World_01_Collection/TreasureBox/TreasureBox02.TreasureBox02	TreasureBox02	TreasureBox02_C	CID
7256011591047667701	DT_Unlock_G1_20504	20510104	-50030	26910	299664	0	False	20510104	/Game/Maps/world/world_01/World_01_Collection/TreasureBox/TreasureBox01.TreasureBox01	TreasureBox01	TreasureBox01_C	CID
7256003894466270224	DT_Unlock_G1_20503	20510103	-53208	32763	301185	0	False	20510103	/Game/Maps/world/world_01/World_01_Collection/TreasureBox/TreasureBox01.TreasureBox01	TreasureBox01	TreasureBox01_C	CID
7256004993977898435	DT_Unlock_G1_20502	20510102	-58302	30331	302059	0	False	20510102	/Game/Maps/world/world_01/World_01_Collection/TreasureBox/TreasureBox01.TreasureBox01	TreasureBox01	TreasureBox01_C	CID
7256006093489526646	DT_Unlock_G1_20501	20510101	-63976	38037	300947	0	False	20510101	/Game/Maps/world/world_01/World_01_Collection/TreasureBox/TreasureBox01.TreasureBox01	TreasureBox01	TreasureBox01_C	CID
12180507331032492327	DT_Key_G4_20504	20540304	-62300	14222	300550	0	False	20540304	/Game/Maps/world/world_01/World_01_Collection/TreasureBox/TreasureBox04Key.TreasureBox04Key	TreasureBox04Key	TreasureBox04Key_C	CID
12180504032497607694	DT_Key_G4_20503	20540303	-58572	14908	306836	0	False	20540303	/Game/Maps/world/world_01/World_01_Collection/TreasureBox/TreasureBox04Key.TreasureBox04Key	TreasureBox04Key	TreasureBox04Key_C	CID
12180505132009235905	DT_Key_G4_20502	20540302	-53656	18300	307021	0	False	20540302	/Game/Maps/world/world_01/World_01_Collection/TreasureBox/TreasureBox04Key.TreasureBox04Key	TreasureBox04Key	TreasureBox04Key_C	CID
12180501833474351272	DT_Key_G4_20501	20540301	-45698	35603	310191	0	False	20540301	/Game/Maps/world/world_01/World_01_Collection/TreasureBox/TreasureBox04Key.TreasureBox04Key	TreasureBox04Key	TreasureBox04Key_C	CID
18297731268213823216	DT_Dig_G3_20501	20530501	-64502	14788	302641	0	False	20530501	/Game/Maps/world/world_01/World_01_Collection/TreasureBox/TreasureBox03.TreasureBox03	TreasureBox03	TreasureBox03_C	CID
8443082827454109586	DT_Unlock_G1_20303	20310103	-195451	192048	255162	0	False	20310103	/Game/Maps/world/world_01/World_01_Collection/TreasureBox/TreasureBox01.TreasureBox01	TreasureBox01	TreasureBox01_C	CID
8443083926965737797	DT_Unlock_G1_20302	20310102	-215401	182442	252965	0	False	20310102	/Game/Maps/world/world_01/World_01_Collection/TreasureBox/TreasureBox01.TreasureBox01	TreasureBox01	TreasureBox01_C	CID
8443080628430853164	DT_Unlock_G1_20301	20310101	-220497	175524	249826	0	False	20310101	/Game/Maps/world/world_01/World_01_Collection/TreasureBox/TreasureBox01.TreasureBox01	TreasureBox01	TreasureBox01_C	CID
14522885661124427928	DT_Monster_G4_20302	20340202	-188575	224040	292447	0	False	20340202	/Game/Maps/world/world_01/World_01_Collection/TreasureBox/TreasureBox04.TreasureBox04	TreasureBox04	TreasureBox04_C	CID
14522888959659312561	DT_Monster_G4_20301	20340201	-225918	211792	295534	0	False	20340201	/Game/Maps/world/world_01/World_01_Collection/TreasureBox/TreasureBox04.TreasureBox04	TreasureBox04	TreasureBox04_C	CID
1521984864887999047	DT_Monster_G3_20313	20330213	-193582	235306	235685	0	False	20330213	/Game/Maps/world/world_01/World_01_Collection/TreasureBox/TreasureBox03.TreasureBox03	TreasureBox03	TreasureBox03_C	CID
1521983765376370836	DT_Monster_G3_20312	20330212	-207685	194610	256104	0	False	20330212	/Game/Maps/world/world_01/World_01_Collection/TreasureBox/TreasureBox03.TreasureBox03	TreasureBox03	TreasureBox03_C	CID
1521987063911255469	DT_Monster_G3_20311	20330211	-179510	238208	240222	0	False	20330211	/Game/Maps/world/world_01/World_01_Collection/TreasureBox/TreasureBox03.TreasureBox03	TreasureBox03	TreasureBox03_C	CID
1521985964399627258	DT_Monster_G3_20310	20330210	-174229	195805	240899	0	False	20330210	/Game/Maps/world/world_01/World_01_Collection/TreasureBox/TreasureBox03.TreasureBox03	TreasureBox03	TreasureBox03_C	CID
1522950236097379080	DT_Monster_G3_20309	20330209	-183580	207355	242445	0	False	20330209	/Game/Maps/world/world_01/World_01_Collection/TreasureBox/TreasureBox03.TreasureBox03	TreasureBox03	TreasureBox03_C	CID
1522951335609007291	DT_Monster_G3_20308	20330208	-225812	211974	295617	0	False	20330208	/Game/Maps/world/world_01/World_01_Collection/TreasureBox/TreasureBox03.TreasureBox03	TreasureBox03	TreasureBox03_C	CID
1522948037074122658	DT_Monster_G3_20307	20330207	-203660	228894	290290	0	False	20330207	/Game/Maps/world/world_01/World_01_Collection/TreasureBox/TreasureBox03.TreasureBox03	TreasureBox03	TreasureBox03_C	CID
1522945838050866236	DT_Monster_G3_20305	20330205	-191591	212911	286664	0	False	20330205	/Game/Maps/world/world_01/World_01_Collection/TreasureBox/TreasureBox03.TreasureBox03	TreasureBox03	TreasureBox03_C	CID
1522946937562494447	DT_Monster_G3_20304	20330204	-194700	197260	246478	0	False	20330204	/Game/Maps/world/world_01/World_01_Collection/TreasureBox/TreasureBox03.TreasureBox03	TreasureBox03	TreasureBox03_C	CID
1522943639027609814	DT_Monster_G3_20303	20330203	-180806	196861	279728	0	False	20330203	/Game/Maps/world/world_01/World_01_Collection/TreasureBox/TreasureBox03.TreasureBox03	TreasureBox03	TreasureBox03_C	CID
1522944738539238025	DT_Monster_G3_20302	20330202	-173294	201912	272788	0	False	20330202	/Game/Maps/world/world_01/World_01_Collection/TreasureBox/TreasureBox03.TreasureBox03	TreasureBox03	TreasureBox03_C	CID
1522941440004353392	DT_Monster_G3_20301	20330201	-200864	188083	249479	0	False	20330201	/Game/Maps/world/world_01/World_01_Collection/TreasureBox/TreasureBox03.TreasureBox03	TreasureBox03	TreasureBox03_C	CID
5561812437878916417	DT_Monster_G2_20325	20320225	-179687	181214	264028	0	False	20320225	/Game/Maps/world/world_01/World_01_Collection/TreasureBox/TreasureBox02.TreasureBox02	TreasureBox02	TreasureBox02_C	CID
5561811338367288206	DT_Monster_G2_20324	20320224	-186193	233862	239367	0	False	20320224	/Game/Maps/world/world_01/World_01_Collection/TreasureBox/TreasureBox02.TreasureBox02	TreasureBox02	TreasureBox02_C	CID
5561814636902172839	DT_Monster_G2_20323	20320223	-176496	199872	279187	0	False	20320223	/Game/Maps/world/world_01/World_01_Collection/TreasureBox/TreasureBox02.TreasureBox02	TreasureBox02	TreasureBox02_C	CID
5561813537390544628	DT_Monster_G2_20322	20320222	-190969	191114	261845	0	False	20320222	/Game/Maps/world/world_01/World_01_Collection/TreasureBox/TreasureBox02.TreasureBox02	TreasureBox02	TreasureBox02_C	CID
5561816835925429261	DT_Monster_G2_20321	20320221	-180764	228775	239906	0	False	20320221	/Game/Maps/world/world_01/World_01_Collection/TreasureBox/TreasureBox02.TreasureBox02	TreasureBox02	TreasureBox02_C	CID
5561815736413801050	DT_Monster_G2_20320	20320220	-172840	213704	241459	0	False	20320220	/Game/Maps/world/world_01/World_01_Collection/TreasureBox/TreasureBox02.TreasureBox02	TreasureBox02	TreasureBox02_C	CID
5560814081320690054	DT_Monster_G2_20319	20320219	-193761	198757	235140	0	False	20320219	/Game/Maps/world/world_01/World_01_Collection/TreasureBox/TreasureBox02.TreasureBox02	TreasureBox02	TreasureBox02_C	CID
5560815180832318265	DT_Monster_G2_20318	20320218	-181427	202159	244316	0	False	20320218	/Game/Maps/world/world_01/World_01_Collection/TreasureBox/TreasureBox02.TreasureBox02	TreasureBox02	TreasureBox02_C	CID
5560825076436972164	DT_Monster_G2_20317	20320217	-186411	229494	244201	0	False	20320217	/Game/Maps/world/world_01/World_01_Collection/TreasureBox/TreasureBox02.TreasureBox02	TreasureBox02	TreasureBox02_C	CID
5560826175948600375	DT_Monster_G2_20316	20320216	-197245	227143	238312	0	False	20320216	/Game/Maps/world/world_01/World_01_Collection/TreasureBox/TreasureBox02.TreasureBox02	TreasureBox02	TreasureBox02_C	CID
5560827275460228586	DT_Monster_G2_20315	20320215	-178129	199270	270870	0	False	20320215	/Game/Maps/world/world_01/World_01_Collection/TreasureBox/TreasureBox02.TreasureBox02	TreasureBox02	TreasureBox02_C	CID
5560828374971856797	DT_Monster_G2_20314	20320214	-170914	195902	269338	0	False	20320214	/Game/Maps/world/world_01/World_01_Collection/TreasureBox/TreasureBox02.TreasureBox02	TreasureBox02	TreasureBox02_C	CID
5560820678390459320	DT_Monster_G2_20313	20320213	-184451	214177	243690	0	False	20320213	/Game/Maps/world/world_01/World_01_Collection/TreasureBox/TreasureBox02.TreasureBox02	TreasureBox02	TreasureBox02_C	CID
5560821777902087531	DT_Monster_G2_20312	20320212	-195219	217065	289392	0	False	20320212	/Game/Maps/world/world_01/World_01_Collection/TreasureBox/TreasureBox02.TreasureBox02	TreasureBox02	TreasureBox02_C	CID
5560822877413715742	DT_Monster_G2_20311	20320211	-225863	211587	295569	0	False	20320211	/Game/Maps/world/world_01/World_01_Collection/TreasureBox/TreasureBox02.TreasureBox02	TreasureBox02	TreasureBox02_C	CID
5560823976925343953	DT_Monster_G2_20310	20320210	-219532	204453	292464	0	False	20320210	/Game/Maps/world/world_01/World_01_Collection/TreasureBox/TreasureBox02.TreasureBox02	TreasureBox02	TreasureBox02_C	CID
5559824520855489379	DT_Monster_G2_20309	20320209	-203035	221492	237758	0	False	20320209	/Game/Maps/world/world_01/World_01_Collection/TreasureBox/TreasureBox02.TreasureBox02	TreasureBox02	TreasureBox02_C	CID
5559823421343861168	DT_Monster_G2_20308	20320208	-185050	196545	279440	0	False	20320208	/Game/Maps/world/world_01/World_01_Collection/TreasureBox/TreasureBox02.TreasureBox02	TreasureBox02	TreasureBox02_C	CID
5559839914018284333	DT_Monster_G2_20307	20320207	-178763	218657	240521	0	False	20320207	/Game/Maps/world/world_01/World_01_Collection/TreasureBox/TreasureBox02.TreasureBox02	TreasureBox02	TreasureBox02_C	CID
5559838814506656122	DT_Monster_G2_20306	20320206	-167550	208665	241291	0	False	20320206	/Game/Maps/world/world_01/World_01_Collection/TreasureBox/TreasureBox02.TreasureBox02	TreasureBox02	TreasureBox02_C	CID
5559837714995027911	DT_Monster_G2_20305	20320205	-198889	230538	286996	0	False	20320205	/Game/Maps/world/world_01/World_01_Collection/TreasureBox/TreasureBox02.TreasureBox02	TreasureBox02	TreasureBox02_C	CID
5559836615483399700	DT_Monster_G2_20304	20320204	-200773	187929	254382	0	False	20320204	/Game/Maps/world/world_01/World_01_Collection/TreasureBox/TreasureBox02.TreasureBox02	TreasureBox02	TreasureBox02_C	CID
5559835515971771489	DT_Monster_G2_20303	20320203	-205979	189529	251990	0	False	20320203	/Game/Maps/world/world_01/World_01_Collection/TreasureBox/TreasureBox02.TreasureBox02	TreasureBox02	TreasureBox02_C	CID
5559834416460143278	DT_Monster_G2_20302	20320202	-186476	191242	257174	0	False	20320202	/Game/Maps/world/world_01/World_01_Collection/TreasureBox/TreasureBox02.TreasureBox02	TreasureBox02	TreasureBox02_C	CID
5559833316948515067	DT_Monster_G2_20301	20320201	-196644	188978	249984	0	False	20320201	/Game/Maps/world/world_01/World_01_Collection/TreasureBox/TreasureBox02.TreasureBox02	TreasureBox02	TreasureBox02_C	CID
15956066434082653188	DT_Key_G4_20303	20340303	-176582	190714	265139	0	False	20340303	/Game/Maps/world/world_01/World_01_Collection/TreasureBox/TreasureBox04Key.TreasureBox04Key	TreasureBox04Key	TreasureBox04Key_C	CID
15956067533594281399	DT_Key_G4_20302	20340302	-156578	237391	259434	0	False	20340302	/Game/Maps/world/world_01/World_01_Collection/TreasureBox/TreasureBox04Key.TreasureBox04Key	TreasureBox04Key	TreasureBox04Key_C	CID
15956068633105909610	DT_Key_G4_20301	20340301	-166451	238262	257438	0	False	20340301	/Game/Maps/world/world_01/World_01_Collection/TreasureBox/TreasureBox04Key.TreasureBox04Key	TreasureBox04Key	TreasureBox04Key_C	CID
17608343698371888070	DT_Dig_G4_20306	20340506	-160853	250694	257790	0	False	20340506	/Game/Maps/world/world_01/World_01_Collection/TreasureBox/TreasureBox04.TreasureBox04	TreasureBox04	TreasureBox04_C	CID
17608342598860259859	DT_Dig_G4_20305	20340505	-208423	186218	282479	0	False	20340505	/Game/Maps/world/world_01/World_01_Collection/TreasureBox/TreasureBox04.TreasureBox04	TreasureBox04	TreasureBox04_C	CID
17608341499348631648	DT_Dig_G4_20304	20340504	-185689	222305	288991	0	False	20340504	/Game/Maps/world/world_01/World_01_Collection/TreasureBox/TreasureBox04.TreasureBox04	TreasureBox04	TreasureBox04_C	CID
17608349195930029125	DT_Dig_G4_20303	20340503	-184336	189394	262004	0	False	20340503	/Game/Maps/world/world_01/World_01_Collection/TreasureBox/TreasureBox04.TreasureBox04	TreasureBox04	TreasureBox04_C	CID
17608348096418400914	DT_Dig_G4_20302	20340502	-184776	203412	240587	0	False	20340502	/Game/Maps/world/world_01/World_01_Collection/TreasureBox/TreasureBox04.TreasureBox04	TreasureBox04	TreasureBox04_C	CID
17608346996906772703	DT_Dig_G4_20301	20340501	-200976	205599	241291	0	False	20340501	/Game/Maps/world/world_01/World_01_Collection/TreasureBox/TreasureBox04.TreasureBox04	TreasureBox04	TreasureBox04_C	CID
3626550695600945305	DT_Dig_G3_20304	20330504	-167988	222513	238982	0	False	20330504	/Game/Maps/world/world_01/World_01_Collection/TreasureBox/TreasureBox03.TreasureBox03	TreasureBox03	TreasureBox03_C	CID
3626551795112573516	DT_Dig_G3_20303	20330503	-163624	199872	243279	0	False	20330503	/Game/Maps/world/world_01/World_01_Collection/TreasureBox/TreasureBox03.TreasureBox03	TreasureBox03	TreasureBox03_C	CID
3626552894624201727	DT_Dig_G3_20302	20330502	-190055	195211	279998	0	False	20330502	/Game/Maps/world/world_01/World_01_Collection/TreasureBox/TreasureBox03.TreasureBox03	TreasureBox03	TreasureBox03_C	CID
3626553994135829938	DT_Dig_G3_20301	20330501	-161114	207757	277278	0	False	20330501	/Game/Maps/world/world_01/World_01_Collection/TreasureBox/TreasureBox03.TreasureBox03	TreasureBox03	TreasureBox03_C	CID
5719044749678055573	DT_Unlock_G3_20304	20330104	-208094	229728	285069	0	False	20330104	/Game/Maps/world/world_01/World_01_Collection/TreasureBox/TreasureBox03.TreasureBox03	TreasureBox03	TreasureBox03_C	CID
5719037053096658096	DT_Unlock_G3_20303	20330103	-190256	191137	253382	0	False	20330103	/Game/Maps/world/world_01/World_01_Collection/TreasureBox/TreasureBox03.TreasureBox03	TreasureBox03	TreasureBox03_C	CID
5719038152608286307	DT_Unlock_G3_20302	20330102	-197546	203694	236380	0	False	20330102	/Game/Maps/world/world_01/World_01_Collection/TreasureBox/TreasureBox03.TreasureBox03	TreasureBox03	TreasureBox03_C	CID
5719039252119914518	DT_Unlock_G3_20301	20330101	-200927	216424	237843	0	False	20330101	/Game/Maps/world/world_01/World_01_Collection/TreasureBox/TreasureBox03.TreasureBox03	TreasureBox03	TreasureBox03_C	CID
5129161257246960445	DT_Unlock_G2_20312	20320112	-164756	207403	278446	0	False	20320112	/Game/Maps/world/world_01/World_01_Collection/TreasureBox/TreasureBox02.TreasureBox02	TreasureBox02	TreasureBox02_C	CID
5129157958712075812	DT_Unlock_G2_20311	20320111	-156093	231429	254685	0	False	20320111	/Game/Maps/world/world_01/World_01_Collection/TreasureBox/TreasureBox02.TreasureBox02	TreasureBox02	TreasureBox02_C	CID
5129159058223704023	DT_Unlock_G2_20310	20320110	-164140	217592	246848	0	False	20320110	/Game/Maps/world/world_01/World_01_Collection/TreasureBox/TreasureBox02.TreasureBox02	TreasureBox02	TreasureBox02_C	CID
5128300339642260457	DT_Unlock_G2_20309	20320109	-170446	235356	255196	0	False	20320109	/Game/Maps/world/world_01/World_01_Collection/TreasureBox/TreasureBox02.TreasureBox02	TreasureBox02	TreasureBox02_C	CID
5128299240130632246	DT_Unlock_G2_20308	20320108	-199716	191144	248393	0	False	20320108	/Game/Maps/world/world_01/World_01_Collection/TreasureBox/TreasureBox02.TreasureBox02	TreasureBox02	TreasureBox02_C	CID
5128311334758542567	DT_Unlock_G2_20307	20320107	-187862	232508	287818	0	False	20320107	/Game/Maps/world/world_01/World_01_Collection/TreasureBox/TreasureBox02.TreasureBox02	TreasureBox02	TreasureBox02_C	CID
5128310235246914356	DT_Unlock_G2_20306	20320106	-193070	225406	241900	0	False	20320106	/Game/Maps/world/world_01/World_01_Collection/TreasureBox/TreasureBox02.TreasureBox02	TreasureBox02	TreasureBox02_C	CID
5128313533781798989	DT_Unlock_G2_20305	20320105	-191570	219283	290496	0	False	20320105	/Game/Maps/world/world_01/World_01_Collection/TreasureBox/TreasureBox02.TreasureBox02	TreasureBox02	TreasureBox02_C	CID
5128312434270170778	DT_Unlock_G2_20304	20320104	-173302	195455	265808	0	False	20320104	/Game/Maps/world/world_01/World_01_Collection/TreasureBox/TreasureBox02.TreasureBox02	TreasureBox02	TreasureBox02_C	CID
5128306936712029723	DT_Unlock_G2_20303	20320103	-184196	176138	259099	0	False	20320103	/Game/Maps/world/world_01/World_01_Collection/TreasureBox/TreasureBox02.TreasureBox02	TreasureBox02	TreasureBox02_C	CID
5128305837200401512	DT_Unlock_G2_20302	20320102	-211258	188154	251902	0	False	20320102	/Game/Maps/world/world_01/World_01_Collection/TreasureBox/TreasureBox02.TreasureBox02	TreasureBox02	TreasureBox02_C	CID
5128309135735286145	DT_Unlock_G2_20301	20320101	-216199	179822	253115	0	False	20320101	/Game/Maps/world/world_01/World_01_Collection/TreasureBox/TreasureBox02.TreasureBox02	TreasureBox02	TreasureBox02_C	CID
8443078429407596742	DT_Unlock_G1_20307	20310107	-175808	210637	281684	0	False	20310107	/Game/Maps/world/world_01/World_01_Collection/TreasureBox/TreasureBox01.TreasureBox01	TreasureBox01	TreasureBox01_C	CID
8443079528919224953	DT_Unlock_G1_20306	20310106	-184723	222078	244781	0	False	20310106	/Game/Maps/world/world_01/World_01_Collection/TreasureBox/TreasureBox01.TreasureBox01	TreasureBox01	TreasureBox01_C	CID
8443076230384340320	DT_Unlock_G1_20305	20310105	-155187	231630	257034	0	False	20310105	/Game/Maps/world/world_01/World_01_Collection/TreasureBox/TreasureBox01.TreasureBox01	TreasureBox01	TreasureBox01_C	CID
8443077329895968531	DT_Unlock_G1_20304	20310104	-177269	202325	267945	0	False	20310104	/Game/Maps/world/world_01/World_01_Collection/TreasureBox/TreasureBox01.TreasureBox01	TreasureBox01	TreasureBox01_C	CID
7788344543746076045	DT_Unlock_G1_20203	20210103	-316980	39530	331020	0	False	20210103	/Game/Maps/world/world_01/World_01_Collection/TreasureBox/TreasureBox01.TreasureBox01	TreasureBox01	TreasureBox01_C	CID
7788343444234447834	DT_Unlock_G1_20202	20210102	-328398	14105	318131	0	False	20210102	/Game/Maps/world/world_01/World_01_Collection/TreasureBox/TreasureBox01.TreasureBox01	TreasureBox01	TreasureBox01_C	CID
7788342344722819623	DT_Unlock_G1_20201	20210101	-329110	21426	317407	0	False	20210101	/Game/Maps/world/world_01/World_01_Collection/TreasureBox/TreasureBox01.TreasureBox01	TreasureBox01	TreasureBox01_C	CID
15147087208388212566	DT_Monster_G4_20201	20240201	-316415	27753	303138	0	False	20240201	/Game/Maps/world/world_01/World_01_Collection/TreasureBox/TreasureBox04.TreasureBox04	TreasureBox04	TreasureBox04_C	CID
869193816273148737	DT_Monster_G3_20210	20230210	-254350	-12471	317338	0	False	20230210	/Game/Maps/world/world_01/World_01_Collection/TreasureBox/TreasureBox03.TreasureBox03	TreasureBox03	TreasureBox03_C	CID
868194360203294163	DT_Monster_G3_20209	20230209	-349764	-3956	308225	0	False	20230209	/Game/Maps/world/world_01/World_01_Collection/TreasureBox/TreasureBox03.TreasureBox03	TreasureBox03	TreasureBox03_C	CID
868193260691665952	DT_Monster_G3_20208	20230208	-349154	12324	312345	0	False	20230208	/Game/Maps/world/world_01/World_01_Collection/TreasureBox/TreasureBox03.TreasureBox03	TreasureBox03	TreasureBox03_C	CID
868209753366089117	DT_Monster_G3_20207	20230207	-326897	25438	341728	0	False	20230207	/Game/Maps/world/world_01/World_01_Collection/TreasureBox/TreasureBox03.TreasureBox03	TreasureBox03	TreasureBox03_C	CID
868208653854460906	DT_Monster_G3_20206	20230206	-310999	32841	330344	0	False	20230206	/Game/Maps/world/world_01/World_01_Collection/TreasureBox/TreasureBox03.TreasureBox03	TreasureBox03	TreasureBox03_C	CID
868207554342832695	DT_Monster_G3_20205	20230205	-304159	-50016	315893	0	False	20230205	/Game/Maps/world/world_01/World_01_Collection/TreasureBox/TreasureBox03.TreasureBox03	TreasureBox03	TreasureBox03_C	CID
868206454831204484	DT_Monster_G3_20204	20230204	-312447	-32486	312929	0	False	20230204	/Game/Maps/world/world_01/World_01_Collection/TreasureBox/TreasureBox03.TreasureBox03	TreasureBox03	TreasureBox03_C	CID
868205355319576273	DT_Monster_G3_20203	20230203	-299970	-14755	308336	0	False	20230203	/Game/Maps/world/world_01/World_01_Collection/TreasureBox/TreasureBox03.TreasureBox03	TreasureBox03	TreasureBox03_C	CID
868204255807948062	DT_Monster_G3_20202	20230202	-319232	8601	312746	0	False	20230202	/Game/Maps/world/world_01/World_01_Collection/TreasureBox/TreasureBox03.TreasureBox03	TreasureBox03	TreasureBox03_C	CID
868203156296319851	DT_Monster_G3_20201	20230201	-334275	-7766	306897	0	False	20230201	/Game/Maps/world/world_01/World_01_Collection/TreasureBox/TreasureBox03.TreasureBox03	TreasureBox03	TreasureBox03_C	CID
6091174510158466314	DT_Monster_G2_20210	20220210	-337625	40895	321185	0	False	20220210	/Game/Maps/world/world_01/World_01_Collection/TreasureBox/TreasureBox02.TreasureBox02	TreasureBox02	TreasureBox02_C	CID
6092138781856218136	DT_Monster_G2_20209	20220209	-337193	16768	305944	0	False	20220209	/Game/Maps/world/world_01/World_01_Collection/TreasureBox/TreasureBox02.TreasureBox02	TreasureBox02	TreasureBox02_C	CID
6092139881367846347	DT_Monster_G2_20208	20220208	-333325	23204	304787	0	False	20220208	/Game/Maps/world/world_01/World_01_Collection/TreasureBox/TreasureBox02.TreasureBox02	TreasureBox02	TreasureBox02_C	CID
6092136582832961714	DT_Monster_G2_20207	20220207	-294389	-23470	309206	0	False	20220207	/Game/Maps/world/world_01/World_01_Collection/TreasureBox/TreasureBox02.TreasureBox02	TreasureBox02	TreasureBox02_C	CID
6092137682344589925	DT_Monster_G2_20206	20220206	-301222	-30344	303920	0	False	20220206	/Game/Maps/world/world_01/World_01_Collection/TreasureBox/TreasureBox02.TreasureBox02	TreasureBox02	TreasureBox02_C	CID
6092134383809705292	DT_Monster_G2_20205	20220205	-316454	33555	327744	0	False	20220205	/Game/Maps/world/world_01/World_01_Collection/TreasureBox/TreasureBox02.TreasureBox02	TreasureBox02	TreasureBox02_C	CID
6092135483321333503	DT_Monster_G2_20204	20220204	-323835	31528	337408	0	False	20220204	/Game/Maps/world/world_01/World_01_Collection/TreasureBox/TreasureBox02.TreasureBox02	TreasureBox02	TreasureBox02_C	CID
6092132184786448870	DT_Monster_G2_20203	20220203	-328006	39403	323765	0	False	20220203	/Game/Maps/world/world_01/World_01_Collection/TreasureBox/TreasureBox02.TreasureBox02	TreasureBox02	TreasureBox02_C	CID
6092133284298077081	DT_Monster_G2_20202	20220202	-318025	1240	308824	0	False	20220202	/Game/Maps/world/world_01/World_01_Collection/TreasureBox/TreasureBox02.TreasureBox02	TreasureBox02	TreasureBox02_C	CID
6092129985763192448	DT_Monster_G2_20201	20220201	-340161	-3171	309977	0	False	20220201	/Game/Maps/world/world_01/World_01_Collection/TreasureBox/TreasureBox02.TreasureBox02	TreasureBox02	TreasureBox02_C	CID
15301291866490888684	DT_Key_G4_20202	20240302	-325870	12640	341925	0	False	20240302	/Game/Maps/world/world_01/World_01_Collection/TreasureBox/TreasureBox04Key.TreasureBox04Key	TreasureBox04Key	TreasureBox04Key_C	CID
15301295165025773317	DT_Key_G4_20201	20240301	-314132	28444	334136	0	False	20240301	/Game/Maps/world/world_01/World_01_Collection/TreasureBox/TreasureBox04Key.TreasureBox04Key	TreasureBox04Key	TreasureBox04Key_C	CID
18263123763521793629	DT_Dig_G4_20202	20240502	-341147	29441	308440	0	False	20240502	/Game/Maps/world/world_01/World_01_Collection/TreasureBox/TreasureBox04.TreasureBox04	TreasureBox04	TreasureBox04_C	CID
18263120464986908996	DT_Dig_G4_20201	20240501	-393934	43340	314734	0	False	20240501	/Game/Maps/world/world_01/World_01_Collection/TreasureBox/TreasureBox04.TreasureBox04	TreasureBox04	TreasureBox04_C	CID
2971812411892911764	DT_Dig_G3_20202	20230502	-246980	-11840	315902	0	False	20230502	/Game/Maps/world/world_01/World_01_Collection/TreasureBox/TreasureBox03.TreasureBox03	TreasureBox03	TreasureBox03_C	CID
2971815710427796397	DT_Dig_G3_20201	20230501	-331234	-8534	304312	0	False	20230501	/Game/Maps/world/world_01/World_01_Collection/TreasureBox/TreasureBox03.TreasureBox03	TreasureBox03	TreasureBox03_C	CID
5094837704856129880	DT_Unlock_G3_20202	20230102	-318588	10770	311131	0	False	20230102	/Game/Maps/world/world_01/World_01_Collection/TreasureBox/TreasureBox03.TreasureBox03	TreasureBox03	TreasureBox03_C	CID
5094841003391014513	DT_Unlock_G3_20201	20230101	-347386	18011	312740	0	False	20230101	/Game/Maps/world/world_01/World_01_Collection/TreasureBox/TreasureBox03.TreasureBox03	TreasureBox03	TreasureBox03_C	CID
5752376542580429041	DT_Unlock_G2_20208	20220108	-262374	-16464	314426	0	False	20220108	/Game/Maps/world/world_01/World_01_Collection/TreasureBox/TreasureBox02.TreasureBox02	TreasureBox02	TreasureBox02_C	CID
5752368845999031564	DT_Unlock_G2_20207	20220107	-289111	-38101	315404	0	False	20220107	/Game/Maps/world/world_01/World_01_Collection/TreasureBox/TreasureBox02.TreasureBox02	TreasureBox02	TreasureBox02_C	CID
5752369945510659775	DT_Unlock_G2_20206	20220106	-307398	-28170	304173	0	False	20220106	/Game/Maps/world/world_01/World_01_Collection/TreasureBox/TreasureBox02.TreasureBox02	TreasureBox02	TreasureBox02_C	CID
5752371045022287986	DT_Unlock_G2_20205	20220105	-331092	11848	306474	0	False	20220105	/Game/Maps/world/world_01/World_01_Collection/TreasureBox/TreasureBox02.TreasureBox02	TreasureBox02	TreasureBox02_C	CID
5752372144533916197	DT_Unlock_G2_20204	20220104	-314578	12054	320193	0	False	20220104	/Game/Maps/world/world_01/World_01_Collection/TreasureBox/TreasureBox02.TreasureBox02	TreasureBox02	TreasureBox02_C	CID
5752364447952518720	DT_Unlock_G2_20203	20220103	-320400	22830	341185	0	False	20220103	/Game/Maps/world/world_01/World_01_Collection/TreasureBox/TreasureBox02.TreasureBox02	TreasureBox02	TreasureBox02_C	CID
5752365547464146931	DT_Unlock_G2_20202	20220102	-323887	20809	319100	0	False	20220102	/Game/Maps/world/world_01/World_01_Collection/TreasureBox/TreasureBox02.TreasureBox02	TreasureBox02	TreasureBox02_C	CID
5752366646975775142	DT_Unlock_G2_20201	20220101	-337648	22821	316932	0	False	20220101	/Game/Maps/world/world_01/World_01_Collection/TreasureBox/TreasureBox02.TreasureBox02	TreasureBox02	TreasureBox02_C	CID
7788336847164678568	DT_Unlock_G1_20204	20210104	-342145	15584	314891	0	False	20210104	/Game/Maps/world/world_01/World_01_Collection/TreasureBox/TreasureBox01.TreasureBox01	TreasureBox01	TreasureBox01_C	CID
4440068634822506431	DT_Unlock_G3_20104	20130104	154398	-210705	985815	0	False	20130104	/Game/Maps/world/world_01/World_01_Collection/TreasureBox/TreasureBox03.TreasureBox03	TreasureBox03	TreasureBox03_C	CID
4440065336287621798	DT_Unlock_G3_20103	20130103	158755	-211430	970721	0	False	20130103	/Game/Maps/world/world_01/World_01_Collection/TreasureBox/TreasureBox03.TreasureBox03	TreasureBox03	TreasureBox03_C	CID
4440066435799250009	DT_Unlock_G3_20102	20130102	140522	-195973	963047	0	False	20130102	/Game/Maps/world/world_01/World_01_Collection/TreasureBox/TreasureBox03.TreasureBox03	TreasureBox03	TreasureBox03_C	CID
4440063137264365376	DT_Unlock_G3_20101	20130101	163040	-217868	962121	0	False	20130101	/Game/Maps/world/world_01/World_01_Collection/TreasureBox/TreasureBox03.TreasureBox03	TreasureBox03	TreasureBox03_C	CID
3941097161840433252	DT_Unlock_G2_20104	20120104	141099	-213631	971326	0	False	20120104	/Game/Maps/world/world_01/World_01_Collection/TreasureBox/TreasureBox02.TreasureBox02	TreasureBox02	TreasureBox02_C	CID
3941096062328805041	DT_Unlock_G2_20103	20120103	153887	-208535	971326	0	False	20120103	/Game/Maps/world/world_01/World_01_Collection/TreasureBox/TreasureBox02.TreasureBox02	TreasureBox02	TreasureBox02_C	CID
3941094962817176830	DT_Unlock_G2_20102	20120102	91540	-281464	956425	0	False	20120102	/Game/Maps/world/world_01/World_01_Collection/TreasureBox/TreasureBox02.TreasureBox02	TreasureBox02	TreasureBox02_C	CID
3941093863305548619	DT_Unlock_G2_20101	20120101	100666	-304395	961810	0	False	20120101	/Game/Maps/world/world_01/World_01_Collection/TreasureBox/TreasureBox02.TreasureBox02	TreasureBox02	TreasureBox02_C	CID
9752592380219022998	DT_Unlock_G1_20105	20110105	85557	-257321	940959	0	False	20110105	/Game/Maps/world/world_01/World_01_Collection/TreasureBox/TreasureBox01.TreasureBox01	TreasureBox01	TreasureBox01_C	CID
9752593479730651209	DT_Unlock_G1_20104	20110104	101969	-305791	961965	0	False	20110104	/Game/Maps/world/world_01/World_01_Collection/TreasureBox/TreasureBox01.TreasureBox01	TreasureBox01	TreasureBox01_C	CID
9752594579242279420	DT_Unlock_G1_20103	20110103	106153	-279384	958466	0	False	20110103	/Game/Maps/world/world_01/World_01_Collection/TreasureBox/TreasureBox01.TreasureBox01	TreasureBox01	TreasureBox01_C	CID
9752595678753907631	DT_Unlock_G1_20102	20110102	88747	-278370	943157	0	False	20110102	/Game/Maps/world/world_01/World_01_Collection/TreasureBox/TreasureBox01.TreasureBox01	TreasureBox01	TreasureBox01_C	CID
9752596778265535842	DT_Unlock_G1_20101	20110101	139952	-256708	975450	0	False	20110101	/Game/Maps/world/world_01/World_01_Collection/TreasureBox/TreasureBox01.TreasureBox01	TreasureBox01	TreasureBox01_C	CID
13335814424717986043	DT_Monster_G4_20101	20140201	72790	-255361	935558	0	False	20140201	/Game/Maps/world/world_01/World_01_Collection/TreasureBox/TreasureBox04.TreasureBox04	TreasureBox04	TreasureBox04_C	CID
2801919753883158956	DT_Monster_G3_20107	20130207	74476	-265685	941776	0	False	20130207	/Game/Maps/world/world_01/World_01_Collection/TreasureBox/TreasureBox03.TreasureBox03	TreasureBox03	TreasureBox03_C	CID
2801920853394787167	DT_Monster_G3_20106	20130206	109338	-299181	964452	0	False	20130206	/Game/Maps/world/world_01/World_01_Collection/TreasureBox/TreasureBox03.TreasureBox03	TreasureBox03	TreasureBox03_C	CID
2801921952906415378	DT_Monster_G3_20105	20130205	107345	-303682	962191	0	False	20130205	/Game/Maps/world/world_01/World_01_Collection/TreasureBox/TreasureBox03.TreasureBox03	TreasureBox03	TreasureBox03_C	CID
2801923052418043589	DT_Monster_G3_20104	20130204	105856	-290914	959232	0	False	20130204	/Game/Maps/world/world_01/World_01_Collection/TreasureBox/TreasureBox03.TreasureBox03	TreasureBox03	TreasureBox03_C	CID
2801915355836646112	DT_Monster_G3_20103	20130203	114962	-288821	959010	0	False	20130203	/Game/Maps/world/world_01/World_01_Collection/TreasureBox/TreasureBox03.TreasureBox03	TreasureBox03	TreasureBox03_C	CID
2801916455348274323	DT_Monster_G3_20102	20130202	95936	-271635	943367	0	False	20130202	/Game/Maps/world/world_01/World_01_Collection/TreasureBox/TreasureBox03.TreasureBox03	TreasureBox03	TreasureBox03_C	CID
2801917554859902534	DT_Monster_G3_20101	20130201	98978	-256548	935161	0	False	20130201	/Game/Maps/world/world_01/World_01_Collection/TreasureBox/TreasureBox03.TreasureBox03	TreasureBox03	TreasureBox03_C	CID
6746912249936354429	DT_Monster_G2_20105	20120205	67934	-279480	923598	0	False	20120205	/Game/Maps/world/world_01/World_01_Collection/TreasureBox/TreasureBox02.TreasureBox02	TreasureBox02	TreasureBox02_C	CID
6746911150424726218	DT_Monster_G2_20104	20120204	92195	-294634	960704	0	False	20120204	/Game/Maps/world/world_01/World_01_Collection/TreasureBox/TreasureBox02.TreasureBox02	TreasureBox02	TreasureBox02_C	CID
6746905652866585163	DT_Monster_G2_20103	20120203	88892	-261559	932978	0	False	20120203	/Game/Maps/world/world_01/World_01_Collection/TreasureBox/TreasureBox02.TreasureBox02	TreasureBox02	TreasureBox02_C	CID
6746904553354956952	DT_Monster_G2_20102	20120202	120942	-294873	960147	0	False	20120202	/Game/Maps/world/world_01/World_01_Collection/TreasureBox/TreasureBox02.TreasureBox02	TreasureBox02	TreasureBox02_C	CID
6746907851889841585	DT_Monster_G2_20101	20120201	82950	-274125	942461	0	False	20120201	/Game/Maps/world/world_01/World_01_Collection/TreasureBox/TreasureBox02.TreasureBox02	TreasureBox02	TreasureBox02_C	CID
